nama_kabupaten_big;nama_kecamatan_big;nama_desa_big
kabupaten bengkayang;kecamatan bengkayang;desa bani amas
kabupaten bengkayang;kecamatan bengkayang;desa bhakti mulya
kabupaten bengkayang;kecamatan bengkayang;kelurahan bumi emas
kabupaten bengkayang;kecamatan bengkayang;kelurahan sebalo
kabupaten bengkayang;kecamatan bengkayang;desa setia budi
kabupaten bengkayang;kecamatan bengkayang;desa tirta kencana
kabupaten bengkayang;kecamatan capkala;desa aris
kabupaten bengkayang;kecamatan capkala;desa capkala
kabupaten bengkayang;kecamatan capkala;desa mandor
kabupaten bengkayang;kecamatan capkala;desa pawangi
kabupaten bengkayang;kecamatan capkala;desa sebandut
kabupaten bengkayang;kecamatan capkala;desa setanduk
kabupaten bengkayang;kecamatan jagoi babang;desa gersik
kabupaten bengkayang;kecamatan jagoi babang;desa jagoi
kabupaten bengkayang;kecamatan jagoi babang;desa kumba
kabupaten bengkayang;kecamatan jagoi babang;desa jagoi sekida
kabupaten bengkayang;kecamatan jagoi babang;desa semunying jaya
kabupaten bengkayang;kecamatan jagoi babang;desa sinar baru
kabupaten bengkayang;kecamatan ledo;desa dayung
kabupaten bengkayang;kecamatan ledo;desa jesape
kabupaten bengkayang;kecamatan ledo;desa lesabela
kabupaten bengkayang;kecamatan ledo;desa lomba karya
kabupaten bengkayang;kecamatan ledo;desa rodaya
kabupaten bengkayang;kecamatan ledo;desa seles
kabupaten bengkayang;kecamatan ledo;desa semangat
kabupaten bengkayang;kecamatan ledo;desa serangkat
kabupaten bengkayang;kecamatan ledo;desa sidai
kabupaten bengkayang;kecamatan ledo;desa suka damai
kabupaten bengkayang;kecamatan ledo;desa suka jaya
kabupaten bengkayang;kecamatan ledo;desa tebuah marong
kabupaten bengkayang;kecamatan lembah bawang;desa godang damar
kabupaten bengkayang;kecamatan lembah bawang;desa janyat
kabupaten bengkayang;kecamatan lembah bawang;desa kinande
kabupaten bengkayang;kecamatan lembah bawang;desa lembah bawang
kabupaten bengkayang;kecamatan lembah bawang;desa papan tembawang
kabupaten bengkayang;kecamatan lembah bawang;desa papan uduk
kabupaten bengkayang;kecamatan lembah bawang;desa sakataru
kabupaten bengkayang;kecamatan lembah bawang;desa tempapan
kabupaten bengkayang;kecamatan lumar;desa belimbing
kabupaten bengkayang;kecamatan lumar;desa lamolda
kabupaten bengkayang;kecamatan lumar;desa magmagan karya
kabupaten bengkayang;kecamatan lumar;desa seren selimbau
kabupaten bengkayang;kecamatan lumar;desa tiga berkat
kabupaten bengkayang;kecamatan monterado;desa beringin baru
kabupaten bengkayang;kecamatan monterado;desa gerantung
kabupaten bengkayang;kecamatan monterado;desa goa boma
kabupaten bengkayang;kecamatan monterado;desa jahandung
kabupaten bengkayang;kecamatan monterado;desa mekar baru
kabupaten bengkayang;kecamatan monterado;desa monterado
kabupaten bengkayang;kecamatan monterado;desa nek ginap
kabupaten bengkayang;kecamatan monterado;desa rantau
kabupaten bengkayang;kecamatan monterado;desa sendoreng
kabupaten bengkayang;kecamatan monterado;desa serindu
kabupaten bengkayang;kecamatan monterado;desa siaga
kabupaten bengkayang;kecamatan samalantan;desa babane
kabupaten bengkayang;kecamatan samalantan;desa bukit serayan
kabupaten bengkayang;kecamatan samalantan;desa marunsu
kabupaten bengkayang;kecamatan samalantan;desa pastijaya
kabupaten bengkayang;kecamatan samalantan;desa sabau
kabupaten bengkayang;kecamatan samalantan;desa samalantan
kabupaten bengkayang;kecamatan samalantan;desa tumiang
kabupaten bengkayang;kecamatan sanggau ledo;desa bange
kabupaten bengkayang;kecamatan sanggau ledo;desa danti
kabupaten bengkayang;kecamatan sanggau ledo;desa gua
kabupaten bengkayang;kecamatan sanggau ledo;desa lembang
kabupaten bengkayang;kecamatan sanggau ledo;desa sango
kabupaten bengkayang;kecamatan seluas;desa bengkawan
kabupaten bengkayang;kecamatan seluas;desa kalon
kabupaten bengkayang;kecamatan seluas;desa mayak
kabupaten bengkayang;kecamatan seluas;desa sahan
kabupaten bengkayang;kecamatan seluas;desa seluas
kabupaten bengkayang;kecamatan seluas;desa sentangau jaya
kabupaten bengkayang;kecamatan siding;desa hlibuei
kabupaten bengkayang;kecamatan siding;desa siding
kabupaten bengkayang;kecamatan siding;desa sungkung i
kabupaten bengkayang;kecamatan siding;desa sungkung ii
kabupaten bengkayang;kecamatan siding;desa sungkung iii
kabupaten bengkayang;kecamatan siding;desa tamong
kabupaten bengkayang;kecamatan siding;desa tangguh
kabupaten bengkayang;kecamatan siding;desa tawang
kabupaten bengkayang;kecamatan sungai betung;desa cipta karya
kabupaten bengkayang;kecamatan sungai betung;desa karya bhakti
kabupaten bengkayang;kecamatan sungai betung;desa suka bangun
kabupaten bengkayang;kecamatan sungai betung;desa suka maju
kabupaten bengkayang;kecamatan sungai raya;desa sungai duri
kabupaten bengkayang;kecamatan sungai raya;desa sungai jaga a
kabupaten bengkayang;kecamatan sungai raya;desa sungai jaga b
kabupaten bengkayang;kecamatan sungai raya;desa sungai pangkalan i
kabupaten bengkayang;kecamatan sungai raya;desa sungai pangkalan ii
kabupaten bengkayang;kecamatan sungai raya kepulauan;desa karimunting
kabupaten bengkayang;kecamatan sungai raya kepulauan;desa pulau lemukutan
kabupaten bengkayang;kecamatan sungai raya kepulauan;desa rukmajaya
kabupaten bengkayang;kecamatan sungai raya kepulauan;desa sungai keran
kabupaten bengkayang;kecamatan sungai raya kepulauan;desa sungai raya
kabupaten bengkayang;kecamatan suti semarang;desa cempaka putih
kabupaten bengkayang;kecamatan suti semarang;desa kelayu
kabupaten bengkayang;kecamatan suti semarang;desa kiung
kabupaten bengkayang;kecamatan suti semarang;desa muhi bersatu
kabupaten bengkayang;kecamatan suti semarang;desa nangka
kabupaten bengkayang;kecamatan suti semarang;desa suka maju
kabupaten bengkayang;kecamatan suti semarang;desa suti semarang
kabupaten bengkayang;kecamatan suti semarang;desa tapen
kabupaten bengkayang;kecamatan teriak;desa ampar benteng
kabupaten bengkayang;kecamatan teriak;desa bana
kabupaten bengkayang;kecamatan teriak;desa bangun sari
kabupaten bengkayang;kecamatan teriak;desa benteng
kabupaten bengkayang;kecamatan teriak;desa dharma bhakti
kabupaten bengkayang;kecamatan teriak;desa lulang
kabupaten bengkayang;kecamatan teriak;desa malo jelayan
kabupaten bengkayang;kecamatan teriak;desa puteng
kabupaten bengkayang;kecamatan teriak;desa sebente
kabupaten bengkayang;kecamatan teriak;desa sebetung menyala
kabupaten bengkayang;kecamatan teriak;desa sekaruh
kabupaten bengkayang;kecamatan teriak;desa setia jaya
kabupaten bengkayang;kecamatan teriak;desa sumber karya
kabupaten bengkayang;kecamatan teriak;desa tanjung
kabupaten bengkayang;kecamatan teriak;desa telidik
kabupaten bengkayang;kecamatan teriak;desa temiasio
kabupaten bengkayang;kecamatan teriak;desa teriak
kabupaten bengkayang;kecamatan teriak;desa tubajur
kabupaten bengkayang;kecamatan tujuh belas;desa bengkilu
kabupaten bengkayang;kecamatan tujuh belas;desa kamuh
kabupaten bengkayang;kecamatan tujuh belas;desa pisak
kabupaten bengkayang;kecamatan tujuh belas;desa sinar tebudak
kabupaten Kapuas Hulu;kecamatan badau;desa badau
kabupaten Kapuas Hulu;kecamatan badau;desa janting
kabupaten Kapuas Hulu;kecamatan badau;desa kekurak
kabupaten Kapuas Hulu;kecamatan badau;desa pulau majang
kabupaten Kapuas Hulu;kecamatan badau;desa sebindang
kabupaten Kapuas Hulu;kecamatan badau;desa semuntik
kabupaten Kapuas Hulu;kecamatan badau;desa seriang
kabupaten Kapuas Hulu;kecamatan badau;desa tajum
kabupaten Kapuas Hulu;kecamatan badau;desa tinting seligi
kabupaten Kapuas Hulu;kecamatan batang lupar;desa labian
kabupaten Kapuas Hulu;kecamatan batang lupar;desa labian ira'ang
kabupaten Kapuas Hulu;kecamatan batang lupar;desa lanjak deras
kabupaten Kapuas Hulu;kecamatan batang lupar;desa melemba
kabupaten Kapuas Hulu;kecamatan batang lupar;desa mensiau
kabupaten Kapuas Hulu;kecamatan batang lupar;desa sepandan
kabupaten Kapuas Hulu;kecamatan batang lupar;desa setulang
kabupaten Kapuas Hulu;kecamatan batang lupar;desa sungai abau
kabupaten Kapuas Hulu;kecamatan batang lupar;desa sungai ajung
kabupaten Kapuas Hulu;kecamatan batang lupar;desa sei senunuk
kabupaten Kapuas Hulu;kecamatan bika;desa bika
kabupaten Kapuas Hulu;kecamatan bika;desa bika hulu
kabupaten Kapuas Hulu;kecamatan bika;desa jelemuk
kabupaten Kapuas Hulu;kecamatan bika;desa jongkong manday
kabupaten Kapuas Hulu;kecamatan bika;desa melapi manday
kabupaten Kapuas Hulu;kecamatan bika;desa nanga manday
kabupaten Kapuas Hulu;kecamatan bika;desa penyeluang
kabupaten Kapuas Hulu;kecamatan bika;desa teluk sindur
kabupaten Kapuas Hulu;kecamatan boyan tanjung;desa boyan tanjung
kabupaten Kapuas Hulu;kecamatan boyan tanjung;desa delintas karya
kabupaten Kapuas Hulu;kecamatan boyan tanjung;desa karya maju
kabupaten Kapuas Hulu;kecamatan boyan tanjung;desa landau mentail
kabupaten Kapuas Hulu;kecamatan boyan tanjung;desa mujan
kabupaten Kapuas Hulu;kecamatan boyan tanjung;desa nanga betung
kabupaten Kapuas Hulu;kecamatan boyan tanjung;desa nanga boyan
kabupaten Kapuas Hulu;kecamatan boyan tanjung;desa nanga danau
kabupaten Kapuas Hulu;kecamatan boyan tanjung;desa nanga jemah
kabupaten Kapuas Hulu;kecamatan boyan tanjung;desa nanga ret
kabupaten Kapuas Hulu;kecamatan boyan tanjung;desa nanga sangan
kabupaten Kapuas Hulu;kecamatan boyan tanjung;desa pemawan
kabupaten Kapuas Hulu;kecamatan boyan tanjung;desa riam mengelai
kabupaten Kapuas Hulu;kecamatan boyan tanjung;desa sri wangi
kabupaten Kapuas Hulu;kecamatan boyan tanjung;desa teluk geruguk
kabupaten Kapuas Hulu;kecamatan boyan tanjung;desa tubang jaya
kabupaten Kapuas Hulu;kecamatan bunut hilir;desa bunut hilir
kabupaten Kapuas Hulu;kecamatan bunut hilir;desa bunut hulu
kabupaten Kapuas Hulu;kecamatan bunut hilir;desa bunut tengah
kabupaten Kapuas Hulu;kecamatan bunut hilir;desa empangau
kabupaten Kapuas Hulu;kecamatan bunut hilir;desa empangau hilir
kabupaten Kapuas Hulu;kecamatan bunut hilir;desa entibab
kabupaten Kapuas Hulu;kecamatan bunut hilir;desa kapuas raya
kabupaten Kapuas Hulu;kecamatan bunut hilir;desa nanga tuan
kabupaten Kapuas Hulu;kecamatan bunut hilir;desa teluk aur
kabupaten Kapuas Hulu;kecamatan bunut hilir;desa tembang
kabupaten Kapuas Hulu;kecamatan bunut hilir;desa ujung pandang
kabupaten Kapuas Hulu;kecamatan bunut hulu;desa bakung permai
kabupaten Kapuas Hulu;kecamatan bunut hulu;desa batu tiga
kabupaten Kapuas Hulu;kecamatan bunut hulu;desa beringin
kabupaten Kapuas Hulu;kecamatan bunut hulu;desa nanga dua
kabupaten Kapuas Hulu;kecamatan bunut hulu;desa nanga kelibang
kabupaten Kapuas Hulu;kecamatan bunut hulu;desa nanga payang
kabupaten Kapuas Hulu;kecamatan bunut hulu;desa nanga semangut
kabupaten Kapuas Hulu;kecamatan bunut hulu;desa nanga suruk
kabupaten Kapuas Hulu;kecamatan bunut hulu;desa pantas bersatu
kabupaten Kapuas Hulu;kecamatan bunut hulu;desa riam piyang
kabupaten Kapuas Hulu;kecamatan bunut hulu;desa segitak
kabupaten Kapuas Hulu;kecamatan bunut hulu;desa selaup
kabupaten Kapuas Hulu;kecamatan bunut hulu;desa semangut utara
kabupaten Kapuas Hulu;kecamatan bunut hulu;desa sungai besar
kabupaten Kapuas Hulu;kecamatan bunut hulu;desa temuyuk
kabupaten Kapuas Hulu;kecamatan embaloh hilir;desa belatung
kabupaten Kapuas Hulu;kecamatan embaloh hilir;desa keliling semulung
kabupaten Kapuas Hulu;kecamatan embaloh hilir;desa kirin nangka
kabupaten Kapuas Hulu;kecamatan embaloh hilir;desa lawik
kabupaten Kapuas Hulu;kecamatan embaloh hilir;desa nanga embaloh
kabupaten Kapuas Hulu;kecamatan embaloh hilir;desa nanga lauk
kabupaten Kapuas Hulu;kecamatan embaloh hilir;desa nanga palin
kabupaten Kapuas Hulu;kecamatan embaloh hilir;desa pala pintas
kabupaten Kapuas Hulu;kecamatan embaloh hilir;desa ujung bayur
kabupaten Kapuas Hulu;kecamatan embaloh hulu;desa banua martinus
kabupaten Kapuas Hulu;kecamatan embaloh hulu;desa banua ujung
kabupaten Kapuas Hulu;kecamatan embaloh hulu;desa batu lintang
kabupaten Kapuas Hulu;kecamatan embaloh hulu;desa langan baru
kabupaten Kapuas Hulu;kecamatan embaloh hulu;desa menua sadap
kabupaten Kapuas Hulu;kecamatan embaloh hulu;desa pulau manak
kabupaten Kapuas Hulu;kecamatan embaloh hulu;desa rantau prapat
kabupaten Kapuas Hulu;kecamatan embaloh hulu;desa saujung giling manik
kabupaten Kapuas Hulu;kecamatan embaloh hulu;desa tamao
kabupaten Kapuas Hulu;kecamatan embaloh hulu;desa ulak pauk
kabupaten Kapuas Hulu;kecamatan empanang;desa bajau andai
kabupaten Kapuas Hulu;kecamatan empanang;desa keling panggau
kabupaten Kapuas Hulu;kecamatan empanang;desa kumang jaya
kabupaten Kapuas Hulu;kecamatan empanang;desa laja sandang
kabupaten Kapuas Hulu;kecamatan empanang;desa nanga kantuk
kabupaten Kapuas Hulu;kecamatan empanang;desa tintin peninjau
kabupaten Kapuas Hulu;kecamatan hulu gurung;desa beringin
kabupaten Kapuas Hulu;kecamatan hulu gurung;desa bugang
kabupaten Kapuas Hulu;kecamatan hulu gurung;desa karya mandiri
kabupaten Kapuas Hulu;kecamatan hulu gurung;desa kelakar
kabupaten Kapuas Hulu;kecamatan hulu gurung;desa landau kumpang
kabupaten Kapuas Hulu;kecamatan hulu gurung;desa lubuk antuk
kabupaten Kapuas Hulu;kecamatan hulu gurung;desa mentawit
kabupaten Kapuas Hulu;kecamatan hulu gurung;desa mubung
kabupaten Kapuas Hulu;kecamatan hulu gurung;desa nanga tepuai
kabupaten Kapuas Hulu;kecamatan hulu gurung;desa nanga yen
kabupaten Kapuas Hulu;kecamatan hulu gurung;desa parang
kabupaten Kapuas Hulu;kecamatan hulu gurung;desa sejahtera mandiri
kabupaten Kapuas Hulu;kecamatan hulu gurung;desa simpang senara
kabupaten Kapuas Hulu;kecamatan hulu gurung;desa tani makmur
kabupaten Kapuas Hulu;kecamatan hulu gurung;desa tunas muda
kabupaten Kapuas Hulu;kecamatan jongkong;desa bontai
kabupaten Kapuas Hulu;kecamatan jongkong;desa jongkong kanan
kabupaten Kapuas Hulu;kecamatan jongkong;desa jongkong kiri hilir
kabupaten Kapuas Hulu;kecamatan jongkong;desa jongkong kiri hulu
kabupaten Kapuas Hulu;kecamatan jongkong;desa jongkong kiri tengah
kabupaten Kapuas Hulu;kecamatan jongkong;desa jongkong pasar
kabupaten Kapuas Hulu;kecamatan jongkong;desa jongkong tanjung
kabupaten Kapuas Hulu;kecamatan jongkong;desa kandung suli
kabupaten Kapuas Hulu;kecamatan jongkong;desa karya baru
kabupaten Kapuas Hulu;kecamatan jongkong;desa nanga serian
kabupaten Kapuas Hulu;kecamatan jongkong;desa penepian raya
kabupaten Kapuas Hulu;kecamatan jongkong;desa temenang
kabupaten Kapuas Hulu;kecamatan jongkong;desa ujung bambu
kabupaten Kapuas Hulu;kecamatan jongkong;desa ujung said
kabupaten Kapuas Hulu;kecamatan kalis;desa bahenap
kabupaten Kapuas Hulu;kecamatan kalis;desa kalis raya
kabupaten Kapuas Hulu;kecamatan kalis;desa kensuray
kabupaten Kapuas Hulu;kecamatan kalis;desa nanga danau
kabupaten Kapuas Hulu;kecamatan kalis;desa nanga kalis
kabupaten Kapuas Hulu;kecamatan kalis;desa nanga lebangan
kabupaten Kapuas Hulu;kecamatan kalis;desa nanga raun
kabupaten Kapuas Hulu;kecamatan kalis;desa nanga sebintang
kabupaten Kapuas Hulu;kecamatan kalis;desa nanga tubuk
kabupaten Kapuas Hulu;kecamatan kalis;desa peniung
kabupaten Kapuas Hulu;kecamatan kalis;desa rantau bumbun
kabupaten Kapuas Hulu;kecamatan kalis;desa rantau kalis
kabupaten Kapuas Hulu;kecamatan kalis;desa ribang kadeng
kabupaten Kapuas Hulu;kecamatan kalis;desa segiam
kabupaten Kapuas Hulu;kecamatan kalis;desa semerantau
kabupaten Kapuas Hulu;kecamatan kalis;desa tapang da'an
kabupaten Kapuas Hulu;kecamatan kalis;desa tekudak
kabupaten Kapuas Hulu;kecamatan mentebah;desa kepala gurung
kabupaten Kapuas Hulu;kecamatan mentebah;desa menaren
kabupaten Kapuas Hulu;kecamatan mentebah;desa nanga mentebah
kabupaten Kapuas Hulu;kecamatan mentebah;desa suka maju
kabupaten Kapuas Hulu;kecamatan mentebah;desa tangai jaya
kabupaten Kapuas Hulu;kecamatan mentebah;desa tanjung
kabupaten Kapuas Hulu;kecamatan mentebah;desa tanjung intan
kabupaten Kapuas Hulu;kecamatan mentebah;desa tekalong
kabupaten Kapuas Hulu;kecamatan pengkadan;desa buak limbang
kabupaten Kapuas Hulu;kecamatan pengkadan;desa hulu pengkadan
kabupaten Kapuas Hulu;kecamatan pengkadan;desa kerangan panjang
kabupaten Kapuas Hulu;kecamatan pengkadan;desa martadana
kabupaten Kapuas Hulu;kecamatan pengkadan;desa mawan
kabupaten Kapuas Hulu;kecamatan pengkadan;desa pengkadan hilir
kabupaten Kapuas Hulu;kecamatan pengkadan;desa permata
kabupaten Kapuas Hulu;kecamatan pengkadan;desa pinang laka
kabupaten Kapuas Hulu;kecamatan pengkadan;desa riam panjang
kabupaten Kapuas Hulu;kecamatan pengkadan;desa sasan
kabupaten Kapuas Hulu;kecamatan pengkadan;desa sira jaya
kabupaten Kapuas Hulu;kecamatan puring kencana;desa kantuk asam
kabupaten Kapuas Hulu;kecamatan puring kencana;desa kantuk bunut
kabupaten Kapuas Hulu;kecamatan puring kencana;desa langau
kabupaten Kapuas Hulu;kecamatan puring kencana;desa merakai panjang
kabupaten Kapuas Hulu;kecamatan puring kencana;desa sungai antu
kabupaten Kapuas Hulu;kecamatan puring kencana;desa sungai mawang
kabupaten Kapuas Hulu;kecamatan putussibau selatan;desa beringin jaya
kabupaten Kapuas Hulu;kecamatan putussibau selatan;desa bungan jaya
kabupaten Kapuas Hulu;kecamatan putussibau selatan;desa cempaka baru
kabupaten Kapuas Hulu;kecamatan putussibau selatan;desa ingko' tambe
kabupaten Kapuas Hulu;kecamatan putussibau selatan;desa jaras
kabupaten Kapuas Hulu;kecamatan putussibau selatan;desa kedamin darat
kabupaten Kapuas Hulu;kecamatan putussibau selatan;kelurahan kedamin hilir
kabupaten Kapuas Hulu;kecamatan putussibau selatan;kelurahan kedamin hulu
kabupaten Kapuas Hulu;kecamatan putussibau selatan;desa kereho
kabupaten Kapuas Hulu;kecamatan putussibau selatan;desa melapi
kabupaten Kapuas Hulu;kecamatan putussibau selatan;desa sayut
kabupaten Kapuas Hulu;kecamatan putussibau selatan;desa suka maju
kabupaten Kapuas Hulu;kecamatan putussibau selatan;desa sungai uluk
kabupaten Kapuas Hulu;kecamatan putussibau selatan;desa tanjung jati
kabupaten Kapuas Hulu;kecamatan putussibau selatan;desa tanjung lokang
kabupaten Kapuas Hulu;kecamatan putussibau selatan;desa urang unsa
kabupaten Kapuas Hulu;kecamatan putussibau utara;desa ariung mendalam
kabupaten Kapuas Hulu;kecamatan putussibau utara;desa banua tengah
kabupaten Kapuas Hulu;kecamatan putussibau utara;desa datah dian
kabupaten Kapuas Hulu;kecamatan putussibau utara;kelurahan hilir kantor
kabupaten Kapuas Hulu;kecamatan putussibau utara;desa jangkang
kabupaten Kapuas Hulu;kecamatan putussibau utara;desa lauk
kabupaten Kapuas Hulu;kecamatan putussibau utara;desa nanga awin
kabupaten Kapuas Hulu;kecamatan putussibau utara;desa nanga nyabau
kabupaten Kapuas Hulu;kecamatan putussibau utara;desa nanga sambus
kabupaten Kapuas Hulu;kecamatan putussibau utara;desa padua mendalam
kabupaten Kapuas Hulu;kecamatan putussibau utara;desa pala pulau
kabupaten Kapuas Hulu;kecamatan putussibau utara;kelurahan putussibau kota
kabupaten Kapuas Hulu;kecamatan putussibau utara;desa seluan
kabupaten Kapuas Hulu;kecamatan putussibau utara;desa sibau hilir
kabupaten Kapuas Hulu;kecamatan putussibau utara;desa sibau hulu
kabupaten Kapuas Hulu;kecamatan putussibau utara;desa sungai uluk palin
kabupaten Kapuas Hulu;kecamatan putussibau utara;desa tanjung beruang
kabupaten Kapuas Hulu;kecamatan putussibau utara;desa tanjung karang
kabupaten Kapuas Hulu;kecamatan putussibau utara;desa tanjung lasa
kabupaten Kapuas Hulu;kecamatan seberuang;desa bati
kabupaten Kapuas Hulu;kecamatan seberuang;desa bekuan
kabupaten Kapuas Hulu;kecamatan seberuang;desa belikai
kabupaten Kapuas Hulu;kecamatan seberuang;desa beluis harum
kabupaten Kapuas Hulu;kecamatan seberuang;desa emperiang
kabupaten Kapuas Hulu;kecamatan seberuang;desa gurung
kabupaten Kapuas Hulu;kecamatan seberuang;desa jerenjang
kabupaten Kapuas Hulu;kecamatan seberuang;desa nanga lot
kabupaten Kapuas Hulu;kecamatan seberuang;desa nanga pala
kabupaten Kapuas Hulu;kecamatan seberuang;desa pala kota
kabupaten Kapuas Hulu;kecamatan seberuang;desa ranyai
kabupaten Kapuas Hulu;kecamatan seberuang;desa sejiram
kabupaten Kapuas Hulu;kecamatan seberuang;desa seneban
kabupaten Kapuas Hulu;kecamatan seberuang;desa tajum mada
kabupaten Kapuas Hulu;kecamatan seberuang;desa tanjung keliling
kabupaten Kapuas Hulu;kecamatan selimbau;desa benuis
kabupaten Kapuas Hulu;kecamatan selimbau;desa dalam
kabupaten Kapuas Hulu;kecamatan selimbau;desa engkerengas
kabupaten Kapuas Hulu;kecamatan selimbau;desa gerayau
kabupaten Kapuas Hulu;kecamatan selimbau;desa gudang hilir
kabupaten Kapuas Hulu;kecamatan selimbau;desa gudang hulu
kabupaten Kapuas Hulu;kecamatan selimbau;desa mawan
kabupaten Kapuas Hulu;kecamatan selimbau;desa nanga leboyan
kabupaten Kapuas Hulu;kecamatan selimbau;desa nibung
kabupaten Kapuas Hulu;kecamatan selimbau;desa piasak hilir
kabupaten Kapuas Hulu;kecamatan selimbau;desa piasak hulu
kabupaten Kapuas Hulu;kecamatan selimbau;desa sekubah
kabupaten Kapuas Hulu;kecamatan selimbau;desa sekulat
kabupaten Kapuas Hulu;kecamatan selimbau;desa semalah
kabupaten Kapuas Hulu;kecamatan selimbau;desa tempurau
kabupaten Kapuas Hulu;kecamatan selimbau;desa titian kuala
kabupaten Kapuas Hulu;kecamatan selimbau;desa vega
kabupaten Kapuas Hulu;kecamatan semitau;desa entipan
kabupaten Kapuas Hulu;kecamatan semitau;desa kenepai komplek
kabupaten Kapuas Hulu;kecamatan semitau;desa kenerak
kabupaten Kapuas Hulu;kecamatan semitau;desa marsedan raya
kabupaten Kapuas Hulu;kecamatan semitau;desa nanga kenepai
kabupaten Kapuas Hulu;kecamatan semitau;desa nanga lemedak
kabupaten Kapuas Hulu;kecamatan semitau;desa nanga seberuang
kabupaten Kapuas Hulu;kecamatan semitau;desa padung kumang
kabupaten Kapuas Hulu;kecamatan semitau;desa sekedau
kabupaten Kapuas Hulu;kecamatan semitau;desa semitau hilir
kabupaten Kapuas Hulu;kecamatan semitau;desa semitau hulu
kabupaten Kapuas Hulu;kecamatan semitau;desa tua abang
kabupaten Kapuas Hulu;kecamatan silat hilir;desa baru
kabupaten Kapuas Hulu;kecamatan silat hilir;desa bongkong
kabupaten Kapuas Hulu;kecamatan silat hilir;desa bukit penai
kabupaten Kapuas Hulu;kecamatan silat hilir;desa miau merah
kabupaten Kapuas Hulu;kecamatan silat hilir;desa nanga nuar
kabupaten Kapuas Hulu;kecamatan silat hilir;desa pangeran
kabupaten Kapuas Hulu;kecamatan silat hilir;desa penai
kabupaten Kapuas Hulu;kecamatan silat hilir;desa perigi
kabupaten Kapuas Hulu;kecamatan silat hilir;desa rumbih
kabupaten Kapuas Hulu;kecamatan silat hilir;desa seberu
kabupaten Kapuas Hulu;kecamatan silat hilir;desa sentabai
kabupaten Kapuas Hulu;kecamatan silat hilir;desa setunggul
kabupaten Kapuas Hulu;kecamatan silat hilir;desa sungai sena
kabupaten Kapuas Hulu;kecamatan silat hulu;desa belimbing
kabupaten Kapuas Hulu;kecamatan silat hulu;desa dangkan kota
kabupaten Kapuas Hulu;kecamatan silat hulu;desa entebi
kabupaten Kapuas Hulu;kecamatan silat hulu;desa landau badai
kabupaten Kapuas Hulu;kecamatan silat hulu;desa landau rantau
kabupaten Kapuas Hulu;kecamatan silat hulu;desa lebak najah
kabupaten Kapuas Hulu;kecamatan silat hulu;desa nanga dangkan
kabupaten Kapuas Hulu;kecamatan silat hulu;desa nanga luan
kabupaten Kapuas Hulu;kecamatan silat hulu;desa nanga lungu
kabupaten Kapuas Hulu;kecamatan silat hulu;desa nanga ngeri
kabupaten Kapuas Hulu;kecamatan silat hulu;desa perejuk
kabupaten Kapuas Hulu;kecamatan silat hulu;desa riam tapang
kabupaten Kapuas Hulu;kecamatan silat hulu;desa selangkai
kabupaten Kapuas Hulu;kecamatan silat hulu;desa selimu
kabupaten Kapuas Hulu;kecamatan suhaid;desa jongkong hulu
kabupaten Kapuas Hulu;kecamatan suhaid;desa kerengas
kabupaten Kapuas Hulu;kecamatan suhaid;desa laut tawang
kabupaten Kapuas Hulu;kecamatan suhaid;desa lubuk pengail
kabupaten Kapuas Hulu;kecamatan suhaid;desa madang permai
kabupaten Kapuas Hulu;kecamatan suhaid;desa mantan
kabupaten Kapuas Hulu;kecamatan suhaid;desa menapar
kabupaten Kapuas Hulu;kecamatan suhaid;desa mensusai
kabupaten Kapuas Hulu;kecamatan suhaid;desa nanga suhaid
kabupaten Kapuas Hulu;kecamatan suhaid;desa tanjung
kabupaten Kapuas Hulu;kecamatan suhaid;desa tanjung harapan
kabupaten kayong utara;kecamatan kepulauan karimata;desa betok jaya
kabupaten kayong utara;kecamatan kepulauan karimata;desa padang
kabupaten kayong utara;kecamatan kepulauan karimata;desa pelapis
kabupaten kayong utara;kecamatan pulau maya;desa dusun besar
kabupaten kayong utara;kecamatan pulau maya;desa dusun kecil
kabupaten kayong utara;kecamatan pulau maya;desa kemboja
kabupaten kayong utara;kecamatan pulau maya;desa satai lestari
kabupaten kayong utara;kecamatan pulau maya;desa tanjung satai
kabupaten kayong utara;kecamatan seponti;desa durian sebatang
kabupaten kayong utara;kecamatan seponti;desa podo rukun
kabupaten kayong utara;kecamatan seponti;desa seponti jaya
kabupaten kayong utara;kecamatan seponti;desa sungai sepeti
kabupaten kayong utara;kecamatan seponti;desa telaga arum
kabupaten kayong utara;kecamatan seponti;desa wonorejo
kabupaten kayong utara;kecamatan simpang hilir;desa batu barat
kabupaten kayong utara;kecamatan simpang hilir;desa lubuk batu
kabupaten kayong utara;kecamatan simpang hilir;desa matan jaya
kabupaten kayong utara;kecamatan simpang hilir;desa medan jaya
kabupaten kayong utara;kecamatan simpang hilir;desa nipah kuning
kabupaten kayong utara;kecamatan simpang hilir;desa padu banjar
kabupaten kayong utara;kecamatan simpang hilir;desa pemangkat
kabupaten kayong utara;kecamatan simpang hilir;desa penjalaan
kabupaten kayong utara;kecamatan simpang hilir;desa pulau kumbang
kabupaten kayong utara;kecamatan simpang hilir;desa rantau panjang
kabupaten kayong utara;kecamatan simpang hilir;desa sungai mata-mata
kabupaten kayong utara;kecamatan simpang hilir;desa teluk melanau
kabupaten kayong utara;kecamatan sukadana;desa benawai agung
kabupaten kayong utara;kecamatan sukadana;desa gunung sembilan
kabupaten kayong utara;kecamatan sukadana;desa harapan mulia
kabupaten kayong utara;kecamatan sukadana;desa pampang harapan
kabupaten kayong utara;kecamatan sukadana;desa pangkalan buton
kabupaten kayong utara;kecamatan sukadana;desa riam berasap jaya
kabupaten kayong utara;kecamatan sukadana;desa sedahan jaya
kabupaten kayong utara;kecamatan sukadana;desa sejahtera
kabupaten kayong utara;kecamatan sukadana;desa simpang tiga
kabupaten kayong utara;kecamatan sukadana;desa sutera
kabupaten kayong utara;kecamatan teluk batang;desa alur bandung
kabupaten kayong utara;kecamatan teluk batang;desa banyu abang
kabupaten kayong utara;kecamatan teluk batang;desa mas bangun
kabupaten kayong utara;kecamatan teluk batang;desa sungai paduan
kabupaten kayong utara;kecamatan teluk batang;desa teluk batang
kabupaten kayong utara;kecamatan teluk batang;desa teluk batang selatan
kabupaten kayong utara;kecamatan teluk batang;desa teluk batang utara
kabupaten ketapang;kecamatan air upas;desa air durian jaya
kabupaten ketapang;kecamatan air upas;desa air upas
kabupaten ketapang;kecamatan air upas;desa banda sari
kabupaten ketapang;kecamatan air upas;desa gahang
kabupaten ketapang;kecamatan air upas;desa harapan baru
kabupaten ketapang;kecamatan air upas;desa mekar jaya
kabupaten ketapang;kecamatan air upas;desa membuluh baru
kabupaten ketapang;kecamatan air upas;desa sari bekayas
kabupaten ketapang;kecamatan air upas;desa sukaria
kabupaten ketapang;kecamatan benua kayong;desa banjar
kabupaten ketapang;kecamatan benua kayong;desa baru
kabupaten ketapang;kecamatan benua kayong;desa kauman
kabupaten ketapang;kecamatan benua kayong;desa kinjil pesisir
kabupaten ketapang;kecamatan benua kayong;desa mekar sari
kabupaten ketapang;kecamatan benua kayong;desa mulia kerta
kabupaten ketapang;kecamatan benua kayong;desa negeri baru
kabupaten ketapang;kecamatan benua kayong;desa padang
kabupaten ketapang;kecamatan benua kayong;desa suka baru
kabupaten ketapang;kecamatan benua kayong;desa sungai kinjil
kabupaten ketapang;kecamatan benua kayong;desa tuan tuan
kabupaten ketapang;kecamatan delta pawan;desa kali nilam
kabupaten ketapang;kecamatan delta pawan;kelurahan kantor
kabupaten ketapang;kecamatan delta pawan;kelurahan mulia baru
kabupaten ketapang;kecamatan delta pawan;desa paya kumang
kabupaten ketapang;kecamatan delta pawan;kelurahan sampit
kabupaten ketapang;kecamatan delta pawan;desa suka bangun
kabupaten ketapang;kecamatan delta pawan;desa sukabangun dalam
kabupaten ketapang;kecamatan delta pawan;kelurahan sukaharja
kabupaten ketapang;kecamatan delta pawan;kelurahan tengah
kabupaten ketapang;kecamatan hulu sungai;desa batu lapis
kabupaten ketapang;kecamatan hulu sungai;desa beginci darat
kabupaten ketapang;kecamatan hulu sungai;desa benua krio
kabupaten ketapang;kecamatan hulu sungai;desa cinta manis
kabupaten ketapang;kecamatan hulu sungai;desa kenyabur
kabupaten ketapang;kecamatan hulu sungai;desa krio hulu
kabupaten ketapang;kecamatan hulu sungai;desa lubuk kakap
kabupaten ketapang;kecamatan hulu sungai;desa menyumbung
kabupaten ketapang;kecamatan hulu sungai;desa riam dadap
kabupaten ketapang;kecamatan hulu sungai;desa sekukun
kabupaten ketapang;kecamatan hulu sungai;desa senduruhan
kabupaten ketapang;kecamatan hulu sungai;desa sunge bengaras
kabupaten ketapang;kecamatan jelai hulu;desa air dua
kabupaten ketapang;kecamatan jelai hulu;desa asam jelai
kabupaten ketapang;kecamatan jelai hulu;desa bayam raya
kabupaten ketapang;kecamatan jelai hulu;desa biku sarana
kabupaten ketapang;kecamatan jelai hulu;desa deranuk
kabupaten ketapang;kecamatan jelai hulu;desa karang dangin
kabupaten ketapang;kecamatan jelai hulu;desa kesuma jaya
kabupaten ketapang;kecamatan jelai hulu;desa kusik batu lapu
kabupaten ketapang;kecamatan jelai hulu;desa limpang
kabupaten ketapang;kecamatan jelai hulu;desa pangkalan paket
kabupaten ketapang;kecamatan jelai hulu;desa pangkalan suka
kabupaten ketapang;kecamatan jelai hulu;desa pasir mayang
kabupaten ketapang;kecamatan jelai hulu;desa penyarang
kabupaten ketapang;kecamatan jelai hulu;desa periangan
kabupaten ketapang;kecamatan jelai hulu;desa perigi
kabupaten ketapang;kecamatan jelai hulu;desa rangga intan
kabupaten ketapang;kecamatan jelai hulu;desa riam danau kanan
kabupaten ketapang;kecamatan jelai hulu;desa semantun
kabupaten ketapang;kecamatan jelai hulu;desa sidahari
kabupaten ketapang;kecamatan jelai hulu;desa tanggerang
kabupaten ketapang;kecamatan jelai hulu;desa tebing berseri
kabupaten ketapang;kecamatan jelai hulu;desa teluk runjai
kabupaten ketapang;kecamatan kendawangan;desa air hitam besar
kabupaten ketapang;kecamatan kendawangan;desa air tarap
kabupaten ketapang;kecamatan kendawangan;desa air hitam hulu
kabupaten ketapang;kecamatan kendawangan;desa bangkal serai
kabupaten ketapang;kecamatan kendawangan;desa banjar sari
kabupaten ketapang;kecamatan kendawangan;desa danau buntar
kabupaten ketapang;kecamatan kendawangan;desa kedondong
kabupaten ketapang;kecamatan kendawangan;desa kendawangan kanan
kabupaten ketapang;kecamatan kendawangan;desa kendawangan kiri
kabupaten ketapang;kecamatan kendawangan;desa keramat jaya
kabupaten ketapang;kecamatan kendawangan;desa mekar utama
kabupaten ketapang;kecamatan kendawangan;desa natai kuini
kabupaten ketapang;kecamatan kendawangan;desa pangkalan batu
kabupaten ketapang;kecamatan kendawangan;desa pembedilan
kabupaten ketapang;kecamatan kendawangan;desa selimantan jaya
kabupaten ketapang;kecamatan kendawangan;desa seriam
kabupaten ketapang;kecamatan kendawangan;desa suka damai
kabupaten ketapang;kecamatan kendawangan;desa suka harapan
kabupaten ketapang;kecamatan kendawangan;desa sungai jelayan
kabupaten ketapang;kecamatan manis mata;desa air dekakah
kabupaten ketapang;kecamatan manis mata;desa asam besar
kabupaten ketapang;kecamatan manis mata;desa batu sedau
kabupaten ketapang;kecamatan manis mata;desa bukit gajah
kabupaten ketapang;kecamatan manis mata;desa jambi
kabupaten ketapang;kecamatan manis mata;desa kalimantan
kabupaten ketapang;kecamatan manis mata;desa kelampai
kabupaten ketapang;kecamatan manis mata;desa kemuning
kabupaten ketapang;kecamatan manis mata;desa lembah mukti
kabupaten ketapang;kecamatan manis mata;desa manis mata
kabupaten ketapang;kecamatan manis mata;desa mekar jaya
kabupaten ketapang;kecamatan manis mata;desa pakit selaba
kabupaten ketapang;kecamatan manis mata;desa pelempangan
kabupaten ketapang;kecamatan manis mata;desa ratu elok
kabupaten ketapang;kecamatan manis mata;desa seguling
kabupaten ketapang;kecamatan manis mata;desa sengkuang merabong
kabupaten ketapang;kecamatan manis mata;desa silat
kabupaten ketapang;kecamatan manis mata;desa suak burung
kabupaten ketapang;kecamatan manis mata;desa suka ramai
kabupaten ketapang;kecamatan manis mata;desa sungai buluh
kabupaten ketapang;kecamatan manis mata;desa terusan
kabupaten ketapang;kecamatan manis mata;desa tribun jaya
kabupaten ketapang;kecamatan marau;desa bantan sari
kabupaten ketapang;kecamatan marau;desa batu payung dua
kabupaten ketapang;kecamatan marau;desa belaban
kabupaten ketapang;kecamatan marau;desa karya baru
kabupaten ketapang;kecamatan marau;desa pelanjau jaya
kabupaten ketapang;kecamatan marau;desa randai
kabupaten ketapang;kecamatan marau;desa rangkung
kabupaten ketapang;kecamatan marau;desa riam batu gading
kabupaten ketapang;kecamatan marau;desa runjai jaya
kabupaten ketapang;kecamatan marau;desa suka karya
kabupaten ketapang;kecamatan matan hilir selatan;desa harapan baru
kabupaten ketapang;kecamatan matan hilir selatan;desa kemuning biutak
kabupaten ketapang;kecamatan matan hilir selatan;desa pagar mentimun
kabupaten ketapang;kecamatan matan hilir selatan;desa pematang gadung
kabupaten ketapang;kecamatan matan hilir selatan;desa pesaguan kanan
kabupaten ketapang;kecamatan matan hilir selatan;desa pesaguan kiri
kabupaten ketapang;kecamatan matan hilir selatan;desa sungai bakau
kabupaten ketapang;kecamatan matan hilir selatan;desa sungai besar
kabupaten ketapang;kecamatan matan hilir selatan;desa sungai jawi
kabupaten ketapang;kecamatan matan hilir selatan;desa sungai nanjung
kabupaten ketapang;kecamatan matan hilir selatan;desa sungai pelang
kabupaten ketapang;kecamatan matan hilir utara;desa kuala satong
kabupaten ketapang;kecamatan matan hilir utara;desa kuala tolak
kabupaten ketapang;kecamatan matan hilir utara;desa lamon satong
kabupaten ketapang;kecamatan matan hilir utara;desa sungai putri
kabupaten ketapang;kecamatan matan hilir utara;desa tanjung baik budi
kabupaten ketapang;kecamatan muara pawan;desa mayak
kabupaten ketapang;kecamatan muara pawan;desa suka maju
kabupaten ketapang;kecamatan muara pawan;desa sungai awan kanan
kabupaten ketapang;kecamatan muara pawan;desa sungai awan kiri
kabupaten ketapang;kecamatan muara pawan;desa tanjung pasar
kabupaten ketapang;kecamatan muara pawan;desa tanjung pura
kabupaten ketapang;kecamatan muara pawan;desa tempurukan
kabupaten ketapang;kecamatan muara pawan;desa ulak medang
kabupaten ketapang;kecamatan nanga tayap;desa batumas
kabupaten ketapang;kecamatan nanga tayap;desa betenung
kabupaten ketapang;kecamatan nanga tayap;desa cegolak
kabupaten ketapang;kecamatan nanga tayap;desa kayong hulu
kabupaten ketapang;kecamatan nanga tayap;desa kayong utara
kabupaten ketapang;kecamatan nanga tayap;desa kayung tuhe
kabupaten ketapang;kecamatan nanga tayap;desa lembah hijau ii
kabupaten ketapang;kecamatan nanga tayap;desa lembah hijau ii
kabupaten ketapang;kecamatan nanga tayap;desa mensubang
kabupaten ketapang;kecamatan nanga tayap;desa nanga tayap
kabupaten ketapang;kecamatan nanga tayap;desa pangkalan suka
kabupaten ketapang;kecamatan nanga tayap;desa pangkalan telok
kabupaten ketapang;kecamatan nanga tayap;desa pateh benteng
kabupaten ketapang;kecamatan nanga tayap;desa sebadak raya
kabupaten ketapang;kecamatan nanga tayap;desa sepakat jaya
kabupaten ketapang;kecamatan nanga tayap;desa siantau raya
kabupaten ketapang;kecamatan nanga tayap;desa simpang tiga sembelangaan
kabupaten ketapang;kecamatan nanga tayap;desa sungai kelik
kabupaten ketapang;kecamatan nanga tayap;desa tajok kayong
kabupaten ketapang;kecamatan nanga tayap;desa tanjung medan
kabupaten ketapang;kecamatan pemahan;desa kerta baru
kabupaten ketapang;kecamatan pemahan;desa lalang panjang
kabupaten ketapang;kecamatan pemahan;desa muara gerunggang
kabupaten ketapang;kecamatan pemahan;desa muara semayok
kabupaten ketapang;kecamatan pemahan;desa pebihingan
kabupaten ketapang;kecamatan pemahan;desa semayok baru
kabupaten ketapang;kecamatan pemahan;desa usaha baru
kabupaten ketapang;kecamatan sandai;desa alam pakuan
kabupaten ketapang;kecamatan sandai;desa demit
kabupaten ketapang;kecamatan sandai;desa istana
kabupaten ketapang;kecamatan sandai;desa jago bersatu
kabupaten ketapang;kecamatan sandai;desa merimbang jaya
kabupaten ketapang;kecamatan sandai;desa muara jekak
kabupaten ketapang;kecamatan sandai;desa pendamaran indah
kabupaten ketapang;kecamatan sandai;desa penjawaan
kabupaten ketapang;kecamatan sandai;desa petai patah
kabupaten ketapang;kecamatan sandai;desa randau
kabupaten ketapang;kecamatan sandai;desa randau jungkal
kabupaten ketapang;kecamatan sandai;desa sandai
kabupaten ketapang;kecamatan sandai;desa sandai kiri
kabupaten ketapang;kecamatan simpang dua;desa batu daya
kabupaten ketapang;kecamatan simpang dua;desa gema
kabupaten ketapang;kecamatan simpang dua;desa kamora
kabupaten ketapang;kecamatan simpang dua;desa kampar sebomban
kabupaten ketapang;kecamatan simpang dua;desa mekar raya
kabupaten ketapang;kecamatan simpang dua;desa semandang kanan
kabupaten ketapang;kecamatan simpang hulu;desa balai pinang
kabupaten ketapang;kecamatan simpang hulu;desa balai pinang hulu
kabupaten ketapang;kecamatan simpang hulu;desa botuh bosi
kabupaten ketapang;kecamatan simpang hulu;desa kenanga
kabupaten ketapang;kecamatan simpang hulu;desa kualan hilir
kabupaten ketapang;kecamatan simpang hulu;desa kualan hulu
kabupaten ketapang;kecamatan simpang hulu;desa kualan tengah
kabupaten ketapang;kecamatan simpang hulu;desa labai hilir
kabupaten ketapang;kecamatan simpang hulu;desa legong
kabupaten ketapang;kecamatan simpang hulu;desa merawa
kabupaten ketapang;kecamatan simpang hulu;desa paoh concong
kabupaten ketapang;kecamatan simpang hulu;desa sekucing kualan
kabupaten ketapang;kecamatan simpang hulu;desa sekucing labai
kabupaten ketapang;kecamatan simpang hulu;desa semandang hulu
kabupaten ketapang;kecamatan simpang hulu;desa semandang kiri
kabupaten ketapang;kecamatan singkup;desa bukit kelambing
kabupaten ketapang;kecamatan singkup;desa muntai
kabupaten ketapang;kecamatan singkup;desa pantai ketikal
kabupaten ketapang;kecamatan singkup;desa sukamulya
kabupaten ketapang;kecamatan singkup;desa sukasari
kabupaten ketapang;kecamatan singkup;desa sukaharja
kabupaten ketapang;kecamatan singkup;desa sukaraja
kabupaten ketapang;kecamatan singkup;desa tanah hitam
kabupaten ketapang;kecamatan sungai laur;desa banyunsari
kabupaten ketapang;kecamatan sungai laur;desa bengaras
kabupaten ketapang;kecamatan sungai laur;desa harapan baru
kabupaten ketapang;kecamatan sungai laur;desa kepari
kabupaten ketapang;kecamatan sungai laur;desa lanjut mekar sari
kabupaten ketapang;kecamatan sungai laur;desa mekar harapan
kabupaten ketapang;kecamatan sungai laur;desa merabu jaya
kabupaten ketapang;kecamatan sungai laur;desa randau limat
kabupaten ketapang;kecamatan sungai laur;desa riam bunut
kabupaten ketapang;kecamatan sungai laur;desa selangkut raya
kabupaten ketapang;kecamatan sungai laur;desa sempurna
kabupaten ketapang;kecamatan sungai laur;desa sepotong
kabupaten ketapang;kecamatan sungai laur;desa sinar kuri
kabupaten ketapang;kecamatan sungai laur;desa suka ramai
kabupaten ketapang;kecamatan sungai laur;desa sungai daka
kabupaten ketapang;kecamatan sungai laur;desa tanjung beringin
kabupaten ketapang;kecamatan sungai laur;desa tanjung maju
kabupaten ketapang;kecamatan sungai laur;desa teluk bayur
kabupaten ketapang;kecamatan sungai laur;desa teluk mutiara
kabupaten ketapang;kecamatan sungai melayu rayak;desa beringin jaya
kabupaten ketapang;kecamatan sungai melayu rayak;desa jairan jaya
kabupaten ketapang;kecamatan sungai melayu rayak;desa karya mukti
kabupaten ketapang;kecamatan sungai melayu rayak;desa kepuluk
kabupaten ketapang;kecamatan sungai melayu rayak;desa makmur abadi
kabupaten ketapang;kecamatan sungai melayu rayak;desa mekar jaya
kabupaten ketapang;kecamatan sungai melayu rayak;desa piansak
kabupaten ketapang;kecamatan sungai melayu rayak;desa suka mulia
kabupaten ketapang;kecamatan sungai melayu rayak;desa sungai melayu
kabupaten ketapang;kecamatan sungai melayu rayak;desa sungai melayu baru
kabupaten ketapang;kecamatan sungai melayu rayak;desa sungai melayu jaya
kabupaten ketapang;kecamatan tumbang titi;desa aur gading
kabupaten ketapang;kecamatan tumbang titi;desa batu beransah
kabupaten ketapang;kecamatan tumbang titi;desa batu tajam
kabupaten ketapang;kecamatan tumbang titi;desa belaban tujuh
kabupaten ketapang;kecamatan tumbang titi;desa beringin rayo
kabupaten ketapang;kecamatan tumbang titi;desa jelayan
kabupaten ketapang;kecamatan tumbang titi;desa jungkal
kabupaten ketapang;kecamatan tumbang titi;desa kalimas baru
kabupaten ketapang;kecamatan tumbang titi;desa mahawa
kabupaten ketapang;kecamatan tumbang titi;desa nanga kelampai
kabupaten ketapang;kecamatan tumbang titi;desa natai panjang
kabupaten ketapang;kecamatan tumbang titi;desa pemuatan jaya
kabupaten ketapang;kecamatan tumbang titi;desa pengatapan raya
kabupaten ketapang;kecamatan tumbang titi;desa petebang jaya
kabupaten ketapang;kecamatan tumbang titi;desa segar wangi
kabupaten ketapang;kecamatan tumbang titi;desa sengkaharak
kabupaten ketapang;kecamatan tumbang titi;desa sepauhan raya
kabupaten ketapang;kecamatan tumbang titi;desa sepuring indah
kabupaten ketapang;kecamatan tumbang titi;desa serengkah
kabupaten ketapang;kecamatan tumbang titi;desa serengkah kanan
kabupaten ketapang;kecamatan tumbang titi;desa suka damai
kabupaten ketapang;kecamatan tumbang titi;desa tanjung beulang
kabupaten ketapang;kecamatan tumbang titi;desa tanjung maloi
kabupaten ketapang;kecamatan tumbang titi;desa titi baru
kabupaten ketapang;kecamatan tumbang titi;desa tumbang titi
kota pontianak;kecamatan pontianak barat;kelurahan pal lima
kota pontianak;kecamatan pontianak barat;kelurahan sungai beliung
kota pontianak;kecamatan pontianak barat;kelurahan sungai jawi dalam
kota pontianak;kecamatan pontianak barat;kelurahan sungai jawi luar
kota pontianak;kecamatan pontianak kota;kelurahan daratsekip
kota pontianak;kecamatan pontianak kota;kelurahan mariana
kota pontianak;kecamatan pontianak kota;kelurahan sungai bangkong
kota pontianak;kecamatan pontianak kota;kelurahan sungai jawi
kota pontianak;kecamatan pontianak kota;kelurahan tengah
kota pontianak;kecamatan pontianak selatan;kelurahan akcaya
kota pontianak;kecamatan pontianak selatan;kelurahan benua melayu darat
kota pontianak;kecamatan pontianak selatan;kelurahan benua melayu laut
kota pontianak;kecamatan pontianak selatan;kelurahan kota baru
kota pontianak;kecamatan pontianak selatan;kelurahan parit tokaya
kota pontianak;kecamatan pontianak tenggara;kelurahan bangka belitung darat
kota pontianak;kecamatan pontianak tenggara;kelurahan bangka belitung laut
kota pontianak;kecamatan pontianak tenggara;kelurahan bansir darat
kota pontianak;kecamatan pontianak tenggara;kelurahan bansir laut
kota pontianak;kecamatan pontianak timur;kelurahan banjar serasan
kota pontianak;kecamatan pontianak timur;kelurahan dalam bugis
kota pontianak;kecamatan pontianak timur;kelurahan parit mayor
kota pontianak;kecamatan pontianak timur;kelurahan saigon
kota pontianak;kecamatan pontianak timur;kelurahan tambelan sampit
kota pontianak;kecamatan pontianak timur;kelurahan tanjunghilir
kota pontianak;kecamatan pontianak timur;kelurahan tanjung hulu
kota pontianak;kecamatan pontianak utara;kelurahan batu layang
kota pontianak;kecamatan pontianak utara;kelurahan siantan hilir
kota pontianak;kecamatan pontianak utara;kelurahan siantan hulu
kota pontianak;kecamatan pontianak utara;kelurahan siantan tengah
kota singkawang;kecamatan singkawang barat;kelurahan kuala
kota singkawang;kecamatan singkawang barat;kelurahan melayu
kota singkawang;kecamatan singkawang barat;kelurahan pasiran
kota singkawang;kecamatan singkawang barat;kelurahan tengah
kota singkawang;kecamatan singkawang selatan;kelurahan pangmilang
kota singkawang;kecamatan singkawang selatan;kelurahan sagatani
kota singkawang;kecamatan singkawang selatan;kelurahan sedau
kota singkawang;kecamatan singkawang selatan;kelurahan sijangkung
kota singkawang;kecamatan singkawang tengah;kelurahan bukit batu
kota singkawang;kecamatan singkawang tengah;kelurahan condong
kota singkawang;kecamatan singkawang tengah;kelurahan jawa
kota singkawang;kecamatan singkawang tengah;kelurahan roban
kota singkawang;kecamatan singkawang tengah;kelurahan sekip lama
kota singkawang;kecamatan singkawang tengah;kelurahan sungai wie
kota singkawang;kecamatan singkawang timur;kelurahan bagak sahwa
kota singkawang;kecamatan singkawang timur;kelurahan mayasopa
kota singkawang;kecamatan singkawang timur;kelurahan nyarumkop
kota singkawang;kecamatan singkawang timur;kelurahan pajintan
kota singkawang;kecamatan singkawang timur;kelurahan sanggau kulor
kota singkawang;kecamatan singkawang utara;kelurahan naram
kota singkawang;kecamatan singkawang utara;kelurahan semelagi kecil
kota singkawang;kecamatan singkawang utara;kelurahan setapuk besar
kota singkawang;kecamatan singkawang utara;kelurahan setapuk kecil
kota singkawang;kecamatan singkawang utara;kelurahan sungai bulan
kota singkawang;kecamatan singkawang utara;kelurahan sungai garam hilir
kota singkawang;kecamatan singkawang utara;kelurahan sungai rasau
kabupaten kubu raya;kecamatan batu ampar;desa ambarawa
kabupaten kubu raya;kecamatan batu ampar;desa batu ampar
kabupaten kubu raya;kecamatan batu ampar;desa medan mas
kabupaten kubu raya;kecamatan batu ampar;desa muara tiga
kabupaten kubu raya;kecamatan batu ampar;desa nipah panjang
kabupaten kubu raya;kecamatan batu ampar;desa padang tikar dua
kabupaten kubu raya;kecamatan batu ampar;desa padang tikar satu
kabupaten kubu raya;kecamatan batu ampar;desa sumber agung
kabupaten kubu raya;kecamatan batu ampar;desa sungai besar
kabupaten kubu raya;kecamatan batu ampar;desa sungai jawi
kabupaten kubu raya;kecamatan batu ampar;desa sungai kerawang
kabupaten kubu raya;kecamatan batu ampar;desa tanjung beringin
kabupaten kubu raya;kecamatan batu ampar;desa tanjung harapan
kabupaten kubu raya;kecamatan batu ampar;desa tasik malaya
kabupaten kubu raya;kecamatan batu ampar;desa teluk nibung
kabupaten kubu raya;kecamatan kuala mandor b;desa kuala mandor a
kabupaten kubu raya;kecamatan kuala mandor b;desa kuala mandor b
kabupaten kubu raya;kecamatan kuala mandor b;desa kubu padi
kabupaten kubu raya;kecamatan kuala mandor b;desa retok
kabupaten kubu raya;kecamatan kuala mandor b;desa sungai enau
kabupaten kubu raya;kecamatan kubu;desa air putih
kabupaten kubu raya;kecamatan kubu;desa ambawang
kabupaten kubu raya;kecamatan kubu;desa dabong
kabupaten kubu raya;kecamatan kubu;desa jangka dua
kabupaten kubu raya;kecamatan kubu;desa jangka satu
kabupaten kubu raya;kecamatan kubu;desa kampung baru
kabupaten kubu raya;kecamatan kubu;desa kubu
kabupaten kubu raya;kecamatan kubu;desa mengkalang
kabupaten kubu raya;kecamatan kubu;desa mengkalang jambu
kabupaten kubu raya;kecamatan kubu;desa olak olak kubu
kabupaten kubu raya;kecamatan kubu;desa pelita jaya
kabupaten kubu raya;kecamatan kubu;desa pinang dalam
kabupaten kubu raya;kecamatan kubu;desa pinang luar
kabupaten kubu raya;kecamatan kubu;desa sepakat baru
kabupaten kubu raya;kecamatan kubu;desa seruat dua
kabupaten kubu raya;kecamatan kubu;desa seruat tiga
kabupaten kubu raya;kecamatan kubu;desa sungai bemban
kabupaten kubu raya;kecamatan kubu;desa sungai selamat
kabupaten kubu raya;kecamatan kubu;desa sungai terus
kabupaten kubu raya;kecamatan kubu;desa teluk nangka
kabupaten kubu raya;kecamatan rasau jaya;desa bintang mas
kabupaten kubu raya;kecamatan rasau jaya;desa pematang tujuh
kabupaten kubu raya;kecamatan rasau jaya;desa rasau jaya dua
kabupaten kubu raya;kecamatan rasau jaya;desa rasau jaya satu
kabupaten kubu raya;kecamatan rasau jaya;desa rasau jaya tiga
kabupaten kubu raya;kecamatan rasau jaya;desa rasau jaya umum
kabupaten kubu raya;kecamatan sungai ambawang;desa ampera raya
kabupaten kubu raya;kecamatan sungai ambawang;desa bengkarek
kabupaten kubu raya;kecamatan sungai ambawang;desa durian
kabupaten kubu raya;kecamatan sungai ambawang;desa jawa tengah
kabupaten kubu raya;kecamatan sungai ambawang;desa korek
kabupaten kubu raya;kecamatan sungai ambawang;desa lingga
kabupaten kubu raya;kecamatan sungai ambawang;desa mega timur
kabupaten kubu raya;kecamatan sungai ambawang;desa pancaroba
kabupaten kubu raya;kecamatan sungai ambawang;desa pasak
kabupaten kubu raya;kecamatan sungai ambawang;desa pasak piang
kabupaten kubu raya;kecamatan sungai ambawang;desa puguk
kabupaten kubu raya;kecamatan sungai ambawang;desa simpang kanan
kabupaten kubu raya;kecamatan sungai ambawang;desa sungai ambawang kuala
kabupaten kubu raya;kecamatan sungai ambawang;desa sungai malaya
kabupaten kubu raya;kecamatan sungai ambawang;desa teluk bakung
kabupaten kubu raya;kecamatan sungai kakap;desa jeruju besar
kabupaten kubu raya;kecamatan sungai kakap;desa kalimas
kabupaten kubu raya;kecamatan sungai kakap;desa pal sembilan
kabupaten kubu raya;kecamatan sungai kakap;desa parit keladi
kabupaten kubu raya;kecamatan sungai kakap;desa punggur kapuas
kabupaten kubu raya;kecamatan sungai kakap;desa pungur besar
kabupaten kubu raya;kecamatan sungai kakap;desa pungur kecil
kabupaten kubu raya;kecamatan sungai kakap;desa rengas kapuas
kabupaten kubu raya;kecamatan sungai kakap;desa sepuk laut
kabupaten kubu raya;kecamatan sungai kakap;desa sungai belidak
kabupaten kubu raya;kecamatan sungai kakap;desa sungai itik
kabupaten kubu raya;kecamatan sungai kakap;desa sungai kakap
kabupaten kubu raya;kecamatan sungai kakap;desa sungai kupah
kabupaten kubu raya;kecamatan sungai kakap;desa sungai rengas
kabupaten kubu raya;kecamatan sungai kakap;desa tanjung saleh
kabupaten kubu raya;kecamatan sungai raya;desa arang limbung
kabupaten kubu raya;kecamatan sungai raya;desa gunung tamang
kabupaten kubu raya;kecamatan sungai raya;desa kalibandung
kabupaten kubu raya;kecamatan sungai raya;desa kapur
kabupaten kubu raya;kecamatan sungai raya;desa kuala dua
kabupaten kubu raya;kecamatan sungai raya;desa limbung
kabupaten kubu raya;kecamatan sungai raya;desa madu sari
kabupaten kubu raya;kecamatan sungai raya;desa mekar baru
kabupaten kubu raya;kecamatan sungai raya;desa mekar sari
kabupaten kubu raya;kecamatan sungai raya;desa muara baru
kabupaten kubu raya;kecamatan sungai raya;desa parit baru
kabupaten kubu raya;kecamatan sungai raya;desa pulau jambu
kabupaten kubu raya;kecamatan sungai raya;desa pulau limbung
kabupaten kubu raya;kecamatan sungai raya;desa sungai ambangah
kabupaten kubu raya;kecamatan sungai raya;desa sungai asam
kabupaten kubu raya;kecamatan sungai raya;desa sungai bulan
kabupaten kubu raya;kecamatan sungai raya;desa sungai raya
kabupaten kubu raya;kecamatan sungai raya;desa sungai raya dalam
kabupaten kubu raya;kecamatan sungai raya;desa tebang kacang
kabupaten kubu raya;kecamatan sungai raya;desa teluk kapuas
kabupaten kubu raya;kecamatan teluk pakedai;desa arus deras
kabupaten kubu raya;kecamatan teluk pakedai;desa kuala karang
kabupaten kubu raya;kecamatan teluk pakedai;desa madura
kabupaten kubu raya;kecamatan teluk pakedai;desa pasir putih
kabupaten kubu raya;kecamatan teluk pakedai;desa selat remis
kabupaten kubu raya;kecamatan teluk pakedai;desa seruat satu
kabupaten kubu raya;kecamatan teluk pakedai;desa sungai deras
kabupaten kubu raya;kecamatan teluk pakedai;desa sungai nibung
kabupaten kubu raya;kecamatan teluk pakedai;desa sungai nipah
kabupaten kubu raya;kecamatan teluk pakedai;desa tanjung bunga
kabupaten kubu raya;kecamatan teluk pakedai;desa teluk gelam
kabupaten kubu raya;kecamatan teluk pakedai;desa teluk kapuas
kabupaten kubu raya;kecamatan teluk pakedai;desa teluk pakedai dua
kabupaten kubu raya;kecamatan teluk pakedai;desa teluk pakedai hulu
kabupaten kubu raya;kecamatan teluk pakedai;desa teluk pakedai satu
kabupaten kubu raya;kecamatan terentang;desa betuah
kabupaten kubu raya;kecamatan terentang;desa permata
kabupaten kubu raya;kecamatan terentang;desa radak baru
kabupaten kubu raya;kecamatan terentang;desa sungai dungun
kabupaten kubu raya;kecamatan terentang;desa sungai radak dua
kabupaten kubu raya;kecamatan terentang;desa sungai radak satu
kabupaten kubu raya;kecamatan terentang;desa teluk bayur
kabupaten kubu raya;kecamatan terentang;desa teluk empening
kabupaten kubu raya;kecamatan terentang;desa terentang hilir
kabupaten kubu raya;kecamatan terentang;desa terentang hulu
kabupaten landak;kecamatan air besar;desa bentiang madomang
kabupaten landak;kecamatan air besar;desa dange aji
kabupaten landak;kecamatan air besar;desa engkadik pade
kabupaten landak;kecamatan air besar;desa engkangin
kabupaten landak;kecamatan air besar;desa jambu tembawang
kabupaten landak;kecamatan air besar;desa merayuh
kabupaten landak;kecamatan air besar;desa nyari
kabupaten landak;kecamatan air besar;desa parek
kabupaten landak;kecamatan air besar;desa sekendal
kabupaten landak;kecamatan air besar;desa sempatung lawek
kabupaten landak;kecamatan air besar;desa semuntik
kabupaten landak;kecamatan air besar;desa sepangah
kabupaten landak;kecamatan air besar;desa serimbu
kabupaten landak;kecamatan air besar;desa temoyok
kabupaten landak;kecamatan air besar;desa tengon
kabupaten landak;kecamatan air besar;desa tenguwe
kabupaten landak;kecamatan banyuke hulu;desa gamang
kabupaten landak;kecamatan banyuke hulu;desa kampet
kabupaten landak;kecamatan banyuke hulu;desa padang pio
kabupaten landak;kecamatan banyuke hulu;desa ringo lojok
kabupaten landak;kecamatan banyuke hulu;desa semade
kabupaten landak;kecamatan banyuke hulu;desa tembawang bale
kabupaten landak;kecamatan banyuke hulu;desa untang
kabupaten landak;kecamatan jelimpo;desa angan tembawang
kabupaten landak;kecamatan jelimpo;desa balai pelutan
kabupaten landak;kecamatan jelimpo;desa dara itam i
kabupaten landak;kecamatan jelimpo;desa jelimpo
kabupaten landak;kecamatan jelimpo;desa kayu ara
kabupaten landak;kecamatan jelimpo;desa kersik belantian
kabupaten landak;kecamatan jelimpo;desa mandor kiru
kabupaten landak;kecamatan jelimpo;desa nyiin
kabupaten landak;kecamatan jelimpo;desa papung
kabupaten landak;kecamatan jelimpo;desa pawis hilir
kabupaten landak;kecamatan jelimpo;desa sekais
kabupaten landak;kecamatan jelimpo;desa temahar
kabupaten landak;kecamatan jelimpo;desa tubang raeng
kabupaten landak;kecamatan kuala behe;desa angkanyar
kabupaten landak;kecamatan kuala behe;desa bengawan ampar
kabupaten landak;kecamatan kuala behe;desa kedama
kabupaten landak;kecamatan kuala behe;desa kuala behe
kabupaten landak;kecamatan kuala behe;desa nyayum
kabupaten landak;kecamatan kuala behe;desa paku raya
kabupaten landak;kecamatan kuala behe;desa permiit
kabupaten landak;kecamatan kuala behe;desa sehe lusur
kabupaten landak;kecamatan kuala behe;desa sejowet
kabupaten landak;kecamatan kuala behe;desa semedang
kabupaten landak;kecamatan kuala behe;desa tanjung balai
kabupaten landak;kecamatan mandor;desa bebatung
kabupaten landak;kecamatan mandor;desa kayu ara
kabupaten landak;kecamatan mandor;desa kayu tanam
kabupaten landak;kecamatan mandor;desa keramas
kabupaten landak;kecamatan mandor;desa kerohok
kabupaten landak;kecamatan mandor;desa mandor
kabupaten landak;kecamatan mandor;desa manggang
kabupaten landak;kecamatan mandor;desa mengkunyit
kabupaten landak;kecamatan mandor;desa ngarak
kabupaten landak;kecamatan mandor;desa pongok
kabupaten landak;kecamatan mandor;desa salatiga
kabupaten landak;kecamatan mandor;desa sebadu
kabupaten landak;kecamatan mandor;desa sekilap
kabupaten landak;kecamatan mandor;desa selutung
kabupaten landak;kecamatan mandor;desa semenok
kabupaten landak;kecamatan mandor;desa simpang kasturi
kabupaten landak;kecamatan mandor;desa sum sum
kabupaten landak;kecamatan mempawah hulu;desa ansolok
kabupaten landak;kecamatan mempawah hulu;desa babatn
kabupaten landak;kecamatan mempawah hulu;desa bilayuk
kabupaten landak;kecamatan mempawah hulu;desa caokng
kabupaten landak;kecamatan mempawah hulu;desa garu
kabupaten landak;kecamatan mempawah hulu;desa karangan
kabupaten landak;kecamatan mempawah hulu;desa mentonyek
kabupaten landak;kecamatan mempawah hulu;desa pahokng
kabupaten landak;kecamatan mempawah hulu;desa parigi
kabupaten landak;kecamatan mempawah hulu;desa sabaka
kabupaten landak;kecamatan mempawah hulu;desa sailo
kabupaten landak;kecamatan mempawah hulu;desa salaas
kabupaten landak;kecamatan mempawah hulu;desa salumang
kabupaten landak;kecamatan mempawah hulu;desa sampuro
kabupaten landak;kecamatan mempawah hulu;desa sungai laki
kabupaten landak;kecamatan mempawah hulu;desa tiang tanjung
kabupaten landak;kecamatan mempawah hulu;desa tunang
kabupaten landak;kecamatan menjalin;desa bengkawe
kabupaten landak;kecamatan menjalin;desa lamoanak
kabupaten landak;kecamatan menjalin;desa menjalin
kabupaten landak;kecamatan menjalin;desa nangka
kabupaten landak;kecamatan menjalin;desa raba
kabupaten landak;kecamatan menjalin;desa re'es
kabupaten landak;kecamatan menjalin;desa sepahat
kabupaten landak;kecamatan menjalin;desa tempoak
kabupaten landak;kecamatan menyuke;desa angkaras
kabupaten landak;kecamatan menyuke;desa anik dingir
kabupaten landak;kecamatan menyuke;desa ansang
kabupaten landak;kecamatan menyuke;desa bagak
kabupaten landak;kecamatan menyuke;desa berinang mayun
kabupaten landak;kecamatan menyuke;desa darit
kabupaten landak;kecamatan menyuke;desa kayuara
kabupaten landak;kecamatan menyuke;desa ladangan
kabupaten landak;kecamatan menyuke;desa lintah betung
kabupaten landak;kecamatan menyuke;desa mamek
kabupaten landak;kecamatan menyuke;desa ongkol padang
kabupaten landak;kecamatan menyuke;desa sidan
kabupaten landak;kecamatan menyuke;desa songga
kabupaten landak;kecamatan menyuke;desa sei lubang
kabupaten landak;kecamatan menyuke;desa ta as
kabupaten landak;kecamatan menyuke;desa tolok
kabupaten landak;kecamatan meranti;desa ampadi
kabupaten landak;kecamatan meranti;desa kelampai setolo
kabupaten landak;kecamatan meranti;desa meranti
kabupaten landak;kecamatan meranti;desa moro betung
kabupaten landak;kecamatan meranti;desa selange
kabupaten landak;kecamatan meranti;desa tahu
kabupaten landak;kecamatan ngabang;desa amang
kabupaten landak;kecamatan ngabang;desa ambarang
kabupaten landak;kecamatan ngabang;desa amboyo inti
kabupaten landak;kecamatan ngabang;desa amboyo selatan
kabupaten landak;kecamatan ngabang;desa amboyo utara
kabupaten landak;kecamatan ngabang;desa antan rayan
kabupaten landak;kecamatan ngabang;desa engkadu
kabupaten landak;kecamatan ngabang;desa hilir kantor
kabupaten landak;kecamatan ngabang;desa hilir tengah
kabupaten landak;kecamatan ngabang;desa mungguk
kabupaten landak;kecamatan ngabang;desa muun
kabupaten landak;kecamatan ngabang;desa pak mayam
kabupaten landak;kecamatan ngabang;desa penyaho dangku
kabupaten landak;kecamatan ngabang;desa raja
kabupaten landak;kecamatan ngabang;desa rasan
kabupaten landak;kecamatan ngabang;desa sebirang
kabupaten landak;kecamatan ngabang;desa sungai keli
kabupaten landak;kecamatan ngabang;desa tebedak
kabupaten landak;kecamatan ngabang;desa temiang sawi
kabupaten landak;kecamatan sebangki;desa agak
kabupaten landak;kecamatan sebangki;desa kumpang tengah
kabupaten landak;kecamatan sebangki;desa rantau panjang
kabupaten landak;kecamatan sebangki;desa sebangki
kabupaten landak;kecamatan sebangki;desa sungai segak
kabupaten landak;kecamatan sengah temila;desa andeng
kabupaten landak;kecamatan sengah temila;desa aur sampuk
kabupaten landak;kecamatan sengah temila;desa banying
kabupaten landak;kecamatan sengah temila;desa gombang
kabupaten landak;kecamatan sengah temila;desa keranji mancal
kabupaten landak;kecamatan sengah temila;desa keranji paidang
kabupaten landak;kecamatan sengah temila;desa pahauman
kabupaten landak;kecamatan sengah temila;desa paloan
kabupaten landak;kecamatan sengah temila;desa rabak
kabupaten landak;kecamatan sengah temila;desa saham
kabupaten landak;kecamatan sengah temila;desa sebatih
kabupaten landak;kecamatan sengah temila;desa senakin
kabupaten landak;kecamatan sengah temila;desa sidas
kabupaten landak;kecamatan sengah temila;desa tonang
kabupaten landak;kecamatan sompak;desa amawakng
kabupaten landak;kecamatan sompak;desa galar
kabupaten landak;kecamatan sompak;desa lingkonong
kabupaten landak;kecamatan sompak;desa pakumbang
kabupaten landak;kecamatan sompak;desa pauh
kabupaten landak;kecamatan sompak;desa sompak
kabupaten landak;kecamatan sompak;desa tapakng
kabupaten melawi;kecamatan belimbing;desa balai lagas
kabupaten melawi;kecamatan belimbing;desa batu ampar
kabupaten melawi;kecamatan belimbing;desa batu buil
kabupaten melawi;kecamatan belimbing;desa batu nanta
kabupaten melawi;kecamatan belimbing;desa belonsat
kabupaten melawi;kecamatan belimbing;desa guhung
kabupaten melawi;kecamatan belimbing;desa labang
kabupaten melawi;kecamatan belimbing;desa laman bukit
kabupaten melawi;kecamatan belimbing;desa langan
kabupaten melawi;kecamatan belimbing;desa nanga entebah
kabupaten melawi;kecamatan belimbing;desa nanga menunuk
kabupaten melawi;kecamatan belimbing;desa nanga pau
kabupaten melawi;kecamatan belimbing;desa nusa kenyikap
kabupaten melawi;kecamatan belimbing;desa pemuar
kabupaten melawi;kecamatan belimbing;desa sepan tonak
kabupaten melawi;kecamatan belimbing;desa tekaban
kabupaten melawi;kecamatan belimbing;desa upit
kabupaten melawi;kecamatan belimbing hulu;desa beloyang
kabupaten melawi;kecamatan belimbing hulu;desa junjung permai
kabupaten melawi;kecamatan belimbing hulu;desa kayu bunga
kabupaten melawi;kecamatan belimbing hulu;desa nanga keberak
kabupaten melawi;kecamatan belimbing hulu;desa nanga raya
kabupaten melawi;kecamatan belimbing hulu;desa nanga tikan
kabupaten melawi;kecamatan belimbing hulu;desa piawas
kabupaten melawi;kecamatan belimbing hulu;desa tiong keranjik
kabupaten melawi;kecamatan ella hilir;desa bemban permai
kabupaten melawi;kecamatan ella hilir;desa domet permai
kabupaten melawi;kecamatan ella hilir;desa jabai
kabupaten melawi;kecamatan ella hilir;desa kahiya
kabupaten melawi;kecamatan ella hilir;desa kerangan kora
kabupaten melawi;kecamatan ella hilir;desa lengkong nyadom
kabupaten melawi;kecamatan ella hilir;desa nanga ella hilir
kabupaten melawi;kecamatan ella hilir;desa nanga kalan
kabupaten melawi;kecamatan ella hilir;desa nanga kempangai
kabupaten melawi;kecamatan ella hilir;desa nanga nuak
kabupaten melawi;kecamatan ella hilir;desa nanga nyuruh
kabupaten melawi;kecamatan ella hilir;desa natai compa
kabupaten melawi;kecamatan ella hilir;desa nyanggau
kabupaten melawi;kecamatan ella hilir;desa pelempai jaya
kabupaten melawi;kecamatan ella hilir;desa penyuguk
kabupaten melawi;kecamatan ella hilir;desa perembang nyuruh
kabupaten melawi;kecamatan ella hilir;desa popai
kabupaten melawi;kecamatan ella hilir;desa sungai labuk
kabupaten melawi;kecamatan ella hilir;desa sungai mentoba
kabupaten melawi;kecamatan menukung;desa batas nangka
kabupaten melawi;kecamatan menukung;desa batu badak
kabupaten melawi;kecamatan menukung;desa batu onap
kabupaten melawi;kecamatan menukung;desa belaban ella
kabupaten melawi;kecamatan menukung;desa laman mumbung
kabupaten melawi;kecamatan menukung;desa landau leban
kabupaten melawi;kecamatan menukung;desa lihai
kabupaten melawi;kecamatan menukung;desa menukung kota
kabupaten melawi;kecamatan menukung;desa nanga ella hulu
kabupaten melawi;kecamatan menukung;desa nanga keruap
kabupaten melawi;kecamatan menukung;desa mawang mentatai
kabupaten melawi;kecamatan menukung;desa melona
kabupaten melawi;kecamatan menukung;desa nanga siyai
kabupaten melawi;kecamatan menukung;desa nusa poring
kabupaten melawi;kecamatan menukung;desa oyah
kabupaten melawi;kecamatan menukung;desa pelaik keruap
kabupaten melawi;kecamatan menukung;desa sampak
kabupaten melawi;kecamatan menukung;desa sungai sampuk
kabupaten melawi;kecamatan menukung;desa tanjung beringin
kabupaten melawi;kecamatan nanga pinoh;desa baru
kabupaten melawi;kecamatan nanga pinoh;desa kelakik
kabupaten melawi;kecamatan nanga pinoh;desa kenual
kabupaten melawi;kecamatan nanga pinoh;desa labai mandiri
kabupaten melawi;kecamatan nanga pinoh;desa nanga kayan
kabupaten melawi;kecamatan nanga pinoh;desa nanga kebebu
kabupaten melawi;kecamatan nanga pinoh;desa nusa pandau
kabupaten melawi;kecamatan nanga pinoh;desa paal
kabupaten melawi;kecamatan nanga pinoh;desa poring
kabupaten melawi;kecamatan nanga pinoh;desa semadin lengkong
kabupaten melawi;kecamatan nanga pinoh;desa sidomulyo
kabupaten melawi;kecamatan nanga pinoh;desa tanjung lay
kabupaten melawi;kecamatan nanga pinoh;desa tanjung niaga
kabupaten melawi;kecamatan nanga pinoh;desa tanjung sari
kabupaten melawi;kecamatan nanga pinoh;desa tanjung tengang
kabupaten melawi;kecamatan nanga pinoh;desa tebing karangan
kabupaten melawi;kecamatan nanga pinoh;desa tembawang panjang
kabupaten melawi;kecamatan pinoh selatan;desa bayur raya
kabupaten melawi;kecamatan pinoh selatan;desa bina jaya
kabupaten melawi;kecamatan pinoh selatan;desa landau garong
kabupaten melawi;kecamatan pinoh selatan;desa landau tubun
kabupaten melawi;kecamatan pinoh selatan;desa mandau baru
kabupaten melawi;kecamatan pinoh selatan;desa manggala
kabupaten melawi;kecamatan pinoh selatan;desa nanga kelawai
kabupaten melawi;kecamatan pinoh selatan;desa nanga pintas
kabupaten melawi;kecamatan pinoh selatan;desa nyanggai
kabupaten melawi;kecamatan pinoh selatan;desa pelinggang
kabupaten melawi;kecamatan pinoh selatan;desa senempak
kabupaten melawi;kecamatan pinoh selatan;desa sungai bakah
kabupaten melawi;kecamatan pinoh utara;desa engkurai
kabupaten melawi;kecamatan pinoh utara;desa kayan semapau
kabupaten melawi;kecamatan pinoh utara;desa kompas raya
kabupaten melawi;kecamatan pinoh utara;desa manding
kabupaten melawi;kecamatan pinoh utara;desa melamut bersatu
kabupaten melawi;kecamatan pinoh utara;desa melawi kiri hilir
kabupaten melawi;kecamatan pinoh utara;desa merah arai
kabupaten melawi;kecamatan pinoh utara;desa merpak
kabupaten melawi;kecamatan pinoh utara;desa nanga belimbing
kabupaten melawi;kecamatan pinoh utara;desa nanga man
kabupaten melawi;kecamatan pinoh utara;desa natai panjang
kabupaten melawi;kecamatan pinoh utara;desa senibung
kabupaten melawi;kecamatan pinoh utara;desa suka damai
kabupaten melawi;kecamatan pinoh utara;desa sungai pinang
kabupaten melawi;kecamatan pinoh utara;desa sungai raya
kabupaten melawi;kecamatan pinoh utara;desa tanjung arak
kabupaten melawi;kecamatan pinoh utara;desa tanjung paoh
kabupaten melawi;kecamatan pinoh utara;desa tekelak
kabupaten melawi;kecamatan pinoh utara;desa tengkajau
kabupaten melawi;kecamatan sayan;desa berobai permai
kabupaten melawi;kecamatan sayan;desa bora
kabupaten melawi;kecamatan sayan;desa kerangan purun
kabupaten melawi;kecamatan sayan;desa landau sadak
kabupaten melawi;kecamatan sayan;desa lingkar indah
kabupaten melawi;kecamatan sayan;desa madya raya
kabupaten melawi;kecamatan sayan;desa mekar pelita
kabupaten melawi;kecamatan sayan;desa meta bersatu
kabupaten melawi;kecamatan sayan;desa nanga kasai
kabupaten melawi;kecamatan sayan;desa nanga kompi
kabupaten melawi;kecamatan sayan;desa nanga mancur
kabupaten melawi;kecamatan sayan;desa nanga pak
kabupaten melawi;kecamatan sayan;desa nanga raku
kabupaten melawi;kecamatan sayan;desa nanga sayan
kabupaten melawi;kecamatan sayan;desa pekawai
kabupaten melawi;kecamatan sayan;desa sayan jaya
kabupaten melawi;kecamatan sayan;desa siling permai
kabupaten melawi;kecamatan sayan;desa tumbak raya
kabupaten melawi;kecamatan sokan;desa gelata
kabupaten melawi;kecamatan sokan;desa keluing taja
kabupaten melawi;kecamatan sokan;desa landau kabu
kabupaten melawi;kecamatan sokan;desa melana
kabupaten melawi;kecamatan sokan;desa muara tanjung
kabupaten melawi;kecamatan sokan;desa nanga betangai
kabupaten melawi;kecamatan sokan;desa nanga libas
kabupaten melawi;kecamatan sokan;desa nanga ora
kabupaten melawi;kecamatan sokan;desa nanga potai
kabupaten melawi;kecamatan sokan;desa nanga sokan
kabupaten melawi;kecamatan sokan;desa nanga tangkit
kabupaten melawi;kecamatan sokan;desa penyengkuang
kabupaten melawi;kecamatan sokan;desa sepakat
kabupaten melawi;kecamatan sokan;desa sijau
kabupaten melawi;kecamatan sokan;desa tanjung mahung
kabupaten melawi;kecamatan sokan;desa tanjung sokan
kabupaten melawi;kecamatan sokan;desa telaga raya
kabupaten melawi;kecamatan sokan;desa teluk pongkal
kabupaten melawi;kecamatan tanah pinoh;desa bata luar
kabupaten melawi;kecamatan tanah pinoh;desa batu begigi
kabupaten melawi;kecamatan tanah pinoh;desa bina jaya
kabupaten melawi;kecamatan tanah pinoh;desa bina karya
kabupaten melawi;kecamatan tanah pinoh;desa keranjik
kabupaten melawi;kecamatan tanah pinoh;desa loka jaya
kabupaten melawi;kecamatan tanah pinoh;desa madong jaya
kabupaten melawi;kecamatan tanah pinoh;desa maris permai
kabupaten melawi;kecamatan tanah pinoh;desa pelita kenaya
kabupaten melawi;kecamatan tanah pinoh;desa suka maju
kabupaten melawi;kecamatan tanah pinoh;desa tanjung beringin raya
kabupaten melawi;kecamatan tanah pinoh;desa tanjung gunung
kabupaten melawi;kecamatan tanah pinoh barat;desa bukit raya
kabupaten melawi;kecamatan tanah pinoh barat;desa durian jaya
kabupaten melawi;kecamatan tanah pinoh barat;desa ganjang
kabupaten melawi;kecamatan tanah pinoh barat;desa harapan jaya
kabupaten melawi;kecamatan tanah pinoh barat;desa keluas hulu
kabupaten melawi;kecamatan tanah pinoh barat;desa laja
kabupaten melawi;kecamatan tanah pinoh barat;desa lintah taum
kabupaten melawi;kecamatan tanah pinoh barat;desa pelita jaya
kabupaten melawi;kecamatan tanah pinoh barat;desa togan baru
kabupaten melawi;kecamatan tanah pinoh barat;desa ulak muid
kabupaten mempawah;kecamatan anjongan;desa anjungan dalam
kabupaten mempawah;kecamatan anjongan;kelurahan anjungan melancar
kabupaten mempawah;kecamatan anjongan;desa dema
kabupaten mempawah;kecamatan anjongan;desa kepayang
kabupaten mempawah;kecamatan anjongan;desa pak bulu
kabupaten mempawah;kecamatan jongkat;desa jungkat
kabupaten mempawah;kecamatan jongkat;desa peniti luar
kabupaten mempawah;kecamatan jongkat;desa sungai nipah
kabupaten mempawah;kecamatan jongkat;desa wajok hilir
kabupaten mempawah;kecamatan jongkat;desa wajok hulu
kabupaten mempawah;kecamatan mempawah hilir;desa kuala secapah
kabupaten mempawah;kecamatan mempawah hilir;desa malikian
kabupaten mempawah;kecamatan mempawah hilir;desa pasir
kabupaten mempawah;kecamatan mempawah hilir;desa penibung
kabupaten mempawah;kecamatan mempawah hilir;desa sengkubang
kabupaten mempawah;kecamatan mempawah hilir;kelurahan tanjung
kabupaten mempawah;kecamatan mempawah hilir;kelurahan tengah
kabupaten mempawah;kecamatan mempawah hilir;kelurahan terusan
kabupaten mempawah;kecamatan mempawah timur;desa antibar
kabupaten mempawah;kecamatan mempawah timur;desa parit banjar
kabupaten mempawah;kecamatan mempawah timur;desa pasir palembang
kabupaten mempawah;kecamatan mempawah timur;desa pasir panjang
kabupaten mempawah;kecamatan mempawah timur;kelurahan pasir wan salim
kabupaten mempawah;kecamatan mempawah timur;kelurahan pulau pedalaman
kabupaten mempawah;kecamatan mempawah timur;desa sejegi
kabupaten mempawah;kecamatan mempawah timur;desa sungai bakau kecil
kabupaten mempawah;kecamatan sadaniang;desa amawang
kabupaten mempawah;kecamatan sadaniang;desa ansiap
kabupaten mempawah;kecamatan sadaniang;desa bumbun
kabupaten mempawah;kecamatan sadaniang;desa pentek
kabupaten mempawah;kecamatan sadaniang;desa sekabuk
kabupaten mempawah;kecamatan sadaniang;desa suak barangan
kabupaten mempawah;kecamatan segedong;desa parit bugis
kabupaten mempawah;kecamatan segedong;desa peniti besar
kabupaten mempawah;kecamatan segedong;desa peniti dalam i
kabupaten mempawah;kecamatan segedong;desa peniti dalam ii
kabupaten mempawah;kecamatan segedong;desa sungai burung
kabupaten mempawah;kecamatan segedong;desa sungai purun besar
kabupaten mempawah;kecamatan sungai kunyit;desa bukit batu
kabupaten mempawah;kecamatan sungai kunyit;desa mendalok
kabupaten mempawah;kecamatan sungai kunyit;desa semparong parit raden
kabupaten mempawah;kecamatan sungai kunyit;desa semudun
kabupaten mempawah;kecamatan sungai kunyit;desa sungai bundung laut
kabupaten mempawah;kecamatan sungai kunyit;desa sungai dungun
kabupaten mempawah;kecamatan sungai kunyit;desa sungai duri i
kabupaten mempawah;kecamatan sungai kunyit;desa sungai duri ii
kabupaten mempawah;kecamatan sungai kunyit;desa sungai kunyit dalam
kabupaten mempawah;kecamatan sungai kunyit;desa sungai kunyit hulu
kabupaten mempawah;kecamatan sungai kunyit;desa sungai kunyit laut
kabupaten mempawah;kecamatan sungai kunyit;desa sungai limau
kabupaten mempawah;kecamatan sungai pinyuh;desa galang
kabupaten mempawah;kecamatan sungai pinyuh;desa nusapati
kabupaten mempawah;kecamatan sungai pinyuh;desa peniraman
kabupaten mempawah;kecamatan sungai pinyuh;desa sungai bakau besar darat
kabupaten mempawah;kecamatan sungai pinyuh;desa sungai bakau besar laut
kabupaten mempawah;kecamatan sungai pinyuh;desa sungai batang
kabupaten mempawah;kecamatan sungai pinyuh;kelurahan sungai pinyuh
kabupaten mempawah;kecamatan sungai pinyuh;desa sungai purun kecil
kabupaten mempawah;kecamatan sungai pinyuh;desa sungai rasau
kabupaten mempawah;kecamatan toho;desa benuang
kabupaten mempawah;kecamatan toho;desa kecurit
kabupaten mempawah;kecamatan toho;desa pak laheng
kabupaten mempawah;kecamatan toho;desa pak utan
kabupaten mempawah;kecamatan toho;desa sambora
kabupaten mempawah;kecamatan toho;desa sepang
kabupaten mempawah;kecamatan toho;desa terap
kabupaten mempawah;kecamatan toho;desa toho ilir
kabupaten sambas;kecamatan galing;desa galing
kabupaten sambas;kecamatan galing;desa ratu sepudak
kabupaten sambas;kecamatan galing;desa sagu
kabupaten sambas;kecamatan galing;desa sijang
kabupaten sambas;kecamatan galing;desa sungai palah
kabupaten sambas;kecamatan galing;desa teluk pandan
kabupaten sambas;kecamatan galing;desa tempapan hulu
kabupaten sambas;kecamatan galing;desa tempapan kuala
kabupaten sambas;kecamatan galing;desa tri gadu
kabupaten sambas;kecamatan galing;desa tri kembang
kabupaten sambas;kecamatan jawai;desa bakau
kabupaten sambas;kecamatan jawai;desa dungun laut
kabupaten sambas;kecamatan jawai;desa lambau
kabupaten sambas;kecamatan jawai;desa mutus darussalam
kabupaten sambas;kecamatan jawai;desa parit setia
kabupaten sambas;kecamatan jawai;desa pelimpaan
kabupaten sambas;kecamatan jawai;desa sarang burung danau
kabupaten sambas;kecamatan jawai;desa sarang burung kolam
kabupaten sambas;kecamatan jawai;desa sarang burung kuala
kabupaten sambas;kecamatan jawai;desa sarang burung usrat
kabupaten sambas;kecamatan jawai;desa sentebang
kabupaten sambas;kecamatan jawai;desa sungai nilam
kabupaten sambas;kecamatan jawai;desa sungai nyirih
kabupaten sambas;kecamatan jawai selatan;desa jawai laut
kabupaten sambas;kecamatan jawai selatan;desa jelu air
kabupaten sambas;kecamatan jawai selatan;desa matang terap
kabupaten sambas;kecamatan jawai selatan;desa sabaran
kabupaten sambas;kecamatan jawai selatan;desa sarilaba a
kabupaten sambas;kecamatan jawai selatan;desa sarilaba b
kabupaten sambas;kecamatan jawai selatan;desa semperiuk a
kabupaten sambas;kecamatan jawai selatan;desa semperiuk b
kabupaten sambas;kecamatan jawai selatan;desa suah api
kabupaten sambas;kecamatan paloh;desa kalimantan
kabupaten sambas;kecamatan paloh;desa malek
kabupaten sambas;kecamatan paloh;desa matang danau
kabupaten sambas;kecamatan paloh;desa mentibar
kabupaten sambas;kecamatan paloh;desa nibung
kabupaten sambas;kecamatan paloh;desa sebubus
kabupaten sambas;kecamatan paloh;desa tanah hitam
kabupaten sambas;kecamatan paloh;desa temajuk
kabupaten sambas;kecamatan pemangkat;desa gugah sejahtera
kabupaten sambas;kecamatan pemangkat;desa harapan
kabupaten sambas;kecamatan pemangkat;desa jelutung
kabupaten sambas;kecamatan pemangkat;desa lonam
kabupaten sambas;kecamatan pemangkat;desa pemangkat kota
kabupaten sambas;kecamatan pemangkat;desa penjajap
kabupaten sambas;kecamatan pemangkat;desa perapakan
kabupaten sambas;kecamatan pemangkat;desa sebatuan
kabupaten sambas;kecamatan sajad;desa beringin
kabupaten sambas;kecamatan sajad;desa jirak
kabupaten sambas;kecamatan sajad;desa mekar jaya
kabupaten sambas;kecamatan sajad;desa tengguli
kabupaten sambas;kecamatan sajingan besar;desa kaliau'
kabupaten sambas;kecamatan sajingan besar;desa sanatab
kabupaten sambas;kecamatan sajingan besar;desa santaban
kabupaten sambas;kecamatan sajingan besar;desa sebunga'
kabupaten sambas;kecamatan sajingan besar;desa sungai bening
kabupaten sambas;kecamatan salatiga;desa parit baru
kabupaten sambas;kecamatan salatiga;desa salatiga
kabupaten sambas;kecamatan salatiga;desa serumpun
kabupaten sambas;kecamatan salatiga;desa serunai
kabupaten sambas;kecamatan salatiga;desa sungai toman
kabupaten sambas;kecamatan sambas;desa dalam kaum
kabupaten sambas;kecamatan sambas;desa durian
kabupaten sambas;kecamatan sambas;desa gapura
kabupaten sambas;kecamatan sambas;desa jagur
kabupaten sambas;kecamatan sambas;desa kartiasa
kabupaten sambas;kecamatan sambas;desa lorong
kabupaten sambas;kecamatan sambas;desa lubuk dagang
kabupaten sambas;kecamatan sambas;desa lumbang
kabupaten sambas;kecamatan sambas;desa pasar melayu
kabupaten sambas;kecamatan sambas;desa pendawan
kabupaten sambas;kecamatan sambas;desa saing rambi
kabupaten sambas;kecamatan sambas;desa sebayan
kabupaten sambas;kecamatan sambas;desa semangau
kabupaten sambas;kecamatan sambas;desa sumber harapan
kabupaten sambas;kecamatan sambas;desa sungai rambah
kabupaten sambas;kecamatan sambas;desa tanjung bugis
kabupaten sambas;kecamatan sambas;desa tanjung mekar
kabupaten sambas;kecamatan sambas;desa tumuk manggis
kabupaten sambas;kecamatan sebawi;desa rantau panjang
kabupaten sambas;kecamatan sebawi;desa sebangun
kabupaten sambas;kecamatan sebawi;desa sebawi
kabupaten sambas;kecamatan sebawi;desa sempalai sebedang
kabupaten sambas;kecamatan sebawi;desa sepuk tanjung
kabupaten sambas;kecamatan sebawi;desa tebing batu
kabupaten sambas;kecamatan sebawi;desa tempatan
kabupaten sambas;kecamatan sejangkung;desa parit raja
kabupaten sambas;kecamatan sejangkung;desa penakalan
kabupaten sambas;kecamatan sejangkung;desa perigi landu
kabupaten sambas;kecamatan sejangkung;desa perigi limus
kabupaten sambas;kecamatan sejangkung;desa piantus
kabupaten sambas;kecamatan sejangkung;desa sekuduk
kabupaten sambas;kecamatan sejangkung;desa semanga
kabupaten sambas;kecamatan sejangkung;desa sendoyan
kabupaten sambas;kecamatan sejangkung;desa senujuh
kabupaten sambas;kecamatan sejangkung;desa sepantai
kabupaten sambas;kecamatan sejangkung;desa setalik
kabupaten sambas;kecamatan sejangkung;desa sulung
kabupaten sambas;kecamatan selakau;desa bentunai
kabupaten sambas;kecamatan selakau;desa gayung bersambut
kabupaten sambas;kecamatan selakau;desa kuala
kabupaten sambas;kecamatan selakau;desa pangkalan bemban
kabupaten sambas;kecamatan selakau;desa parit baru
kabupaten sambas;kecamatan selakau;desa parit kongsi
kabupaten sambas;kecamatan selakau;desa semelagi besar
kabupaten sambas;kecamatan selakau;desa sungai daun
kabupaten sambas;kecamatan selakau;desa sungai nyirih
kabupaten sambas;kecamatan selakau;desa sungai rusa
kabupaten sambas;kecamatan selakau;desa twi mentibar
kabupaten sambas;kecamatan selakau timur;desa buduk sempadang
kabupaten sambas;kecamatan selakau timur;desa gelik
kabupaten sambas;kecamatan selakau timur;desa selakau tua
kabupaten sambas;kecamatan selakau timur;desa seranggam
kabupaten sambas;kecamatan semparuk;desa seburing
kabupaten sambas;kecamatan semparuk;desa semparuk
kabupaten sambas;kecamatan semparuk;desa sepadu
kabupaten sambas;kecamatan semparuk;desa sepinggan
kabupaten sambas;kecamatan semparuk;desa singaraya
kabupaten sambas;kecamatan subah;desa balai gemuruh
kabupaten sambas;kecamatan subah;desa bukit mulya
kabupaten sambas;kecamatan subah;desa karaban jaya
kabupaten sambas;kecamatan subah;desa madak
kabupaten sambas;kecamatan subah;desa mensade
kabupaten sambas;kecamatan subah;desa mukti raharja
kabupaten sambas;kecamatan subah;desa sabung
kabupaten sambas;kecamatan subah;desa sempurna
kabupaten sambas;kecamatan subah;desa sungai deden
kabupaten sambas;kecamatan subah;desa sungai sapa'
kabupaten sambas;kecamatan subah;desa tebuah elok
kabupaten sambas;kecamatan tangaran;desa arung medang
kabupaten sambas;kecamatan tangaran;desa arung parak
kabupaten sambas;kecamatan tangaran;desa merabuan
kabupaten sambas;kecamatan tangaran;desa merpati
kabupaten sambas;kecamatan tangaran;desa pancur
kabupaten sambas;kecamatan tangaran;desa semata
kabupaten sambas;kecamatan tangaran;desa simpang empat
kabupaten sambas;kecamatan tangaran;desa tangaran
kabupaten sambas;kecamatan tebas;desa batu makjage
kabupaten sambas;kecamatan tebas;desa bekut
kabupaten sambas;kecamatan tebas;desa bukit sigoler
kabupaten sambas;kecamatan tebas;desa dungun perapakan
kabupaten sambas;kecamatan tebas;desa mak rampai
kabupaten sambas;kecamatan tebas;desa mak tangguk
kabupaten sambas;kecamatan tebas;desa maribas
kabupaten sambas;kecamatan tebas;desa matang labong
kabupaten sambas;kecamatan tebas;desa mekar sekuntum
kabupaten sambas;kecamatan tebas;desa mensere
kabupaten sambas;kecamatan tebas;desa pangkalan kongsi
kabupaten sambas;kecamatan tebas;desa pusaka
kabupaten sambas;kecamatan tebas;desa seberkat
kabupaten sambas;kecamatan tebas;desa segarau parit
kabupaten sambas;kecamatan tebas;desa segedong
kabupaten sambas;kecamatan tebas;desa sejiram
kabupaten sambas;kecamatan tebas;desa sempalai
kabupaten sambas;kecamatan tebas;desa seret ayon
kabupaten sambas;kecamatan tebas;desa serindang
kabupaten sambas;kecamatan tebas;desa serumpun buluh
kabupaten sambas;kecamatan tebas;desa sungai kelambu
kabupaten sambas;kecamatan tebas;desa tebas kuala
kabupaten sambas;kecamatan tebas;desa tebas sungai
kabupaten sambas;kecamatan tekarang;desa cepala
kabupaten sambas;kecamatan tekarang;desa matang segarau
kabupaten sambas;kecamatan tekarang;desa merubung
kabupaten sambas;kecamatan tekarang;desa rambayan
kabupaten sambas;kecamatan tekarang;desa sari makmur
kabupaten sambas;kecamatan tekarang;desa sempadian
kabupaten sambas;kecamatan tekarang;desa tekarang
kabupaten sambas;kecamatan teluk keramat;desa berlimang
kabupaten sambas;kecamatan teluk keramat;desa kuala pangkalan keramat
kabupaten sambas;kecamatan teluk keramat;desa kubangga
kabupaten sambas;kecamatan teluk keramat;desa lela
kabupaten sambas;kecamatan teluk keramat;desa matang segantar
kabupaten sambas;kecamatan teluk keramat;desa mekar sekuntum
kabupaten sambas;kecamatan teluk keramat;desa mulia
kabupaten sambas;kecamatan teluk keramat;desa pedada
kabupaten sambas;kecamatan teluk keramat;desa pipit teja
kabupaten sambas;kecamatan teluk keramat;desa puringan
kabupaten sambas;kecamatan teluk keramat;desa sabing
kabupaten sambas;kecamatan teluk keramat;desa samustida
kabupaten sambas;kecamatan teluk keramat;desa sayang sedayu
kabupaten sambas;kecamatan teluk keramat;desa sebagu
kabupaten sambas;kecamatan teluk keramat;desa sekura
kabupaten sambas;kecamatan teluk keramat;desa sengawang
kabupaten sambas;kecamatan teluk keramat;desa sepadu
kabupaten sambas;kecamatan teluk keramat;desa sungai baru
kabupaten sambas;kecamatan teluk keramat;desa sungai kumpai
kabupaten sambas;kecamatan teluk keramat;desa sungai serabek
kabupaten sambas;kecamatan teluk keramat;desa tambatan
kabupaten sambas;kecamatan teluk keramat;desa tanjung keracut
kabupaten sambas;kecamatan teluk keramat;desa teluk kaseh
kabupaten sambas;kecamatan teluk keramat;desa teluk kembang
kabupaten sambas;kecamatan teluk keramat;desa tri mandayan
kabupaten sanggau;kecamatan balai;desa bulu bala
kabupaten sanggau;kecamatan balai;desa cowet
kabupaten sanggau;kecamatan balai;desa empirang ujung
kabupaten sanggau;kecamatan balai;desa hilir
kabupaten sanggau;kecamatan balai;desa kebadu
kabupaten sanggau;kecamatan balai;desa mak kawing
kabupaten sanggau;kecamatan balai;desa padi kaye
kabupaten sanggau;kecamatan balai;desa semoncol
kabupaten sanggau;kecamatan balai;desa senyabang
kabupaten sanggau;kecamatan balai;desa tae
kabupaten sanggau;kecamatan balai;desa temiang mali
kabupaten sanggau;kecamatan balai;desa temiang taba
kabupaten sanggau;kecamatan beduai;desa bereng berkawat
kabupaten sanggau;kecamatan beduai;desa kasro mego
kabupaten sanggau;kecamatan beduai;desa mawang muda
kabupaten sanggau;kecamatan beduai;desa sei ilai
kabupaten sanggau;kecamatan beduai;desa thang raya
kabupaten sanggau;kecamatan bonti;desa bahta
kabupaten sanggau;kecamatan bonti;desa bantai
kabupaten sanggau;kecamatan bonti;desa bonti
kabupaten sanggau;kecamatan bonti;desa empodis
kabupaten sanggau;kecamatan bonti;desa kampuh
kabupaten sanggau;kecamatan bonti;desa majel
kabupaten sanggau;kecamatan bonti;desa sami
kabupaten sanggau;kecamatan bonti;desa tunggul boyok
kabupaten sanggau;kecamatan bonti;desa upe
kabupaten sanggau;kecamatan entikong;desa entikong
kabupaten sanggau;kecamatan entikong;desa nekan
kabupaten sanggau;kecamatan entikong;desa pala pasang
kabupaten sanggau;kecamatan entikong;desa semanget
kabupaten sanggau;kecamatan entikong;desa suruh tembawang
kabupaten sanggau;kecamatan jangkang;desa balai sebut
kabupaten sanggau;kecamatan jangkang;desa empiyang
kabupaten sanggau;kecamatan jangkang;desa jangkang benua
kabupaten sanggau;kecamatan jangkang;desa ketori
kabupaten sanggau;kecamatan jangkang;desa pisang
kabupaten sanggau;kecamatan jangkang;desa sape
kabupaten sanggau;kecamatan jangkang;desa selampung
kabupaten sanggau;kecamatan jangkang;desa semirau
kabupaten sanggau;kecamatan jangkang;desa semombat
kabupaten sanggau;kecamatan jangkang;desa tanggung
kabupaten sanggau;kecamatan jangkang;desa terati
kabupaten sanggau;kecamatan kapuas;desa belangin
kabupaten sanggau;kecamatan kapuas;kelurahan beringin
kabupaten sanggau;kecamatan kapuas;desa botuh lintang
kabupaten sanggau;kecamatan kapuas;kelurahan bunut
kabupaten sanggau;kecamatan kapuas;desa entakai
kabupaten sanggau;kecamatan kapuas;kelurahan ilir kota
kabupaten sanggau;kecamatan kapuas;desa kambong
kabupaten sanggau;kecamatan kapuas;desa lape
kabupaten sanggau;kecamatan kapuas;desa lintang kapuas
kabupaten sanggau;kecamatan kapuas;desa lintang pelaman
kabupaten sanggau;kecamatan kapuas;desa mengkiang
kabupaten sanggau;kecamatan kapuas;desa nanga biang
kabupaten sanggau;kecamatan kapuas;desa pana
kabupaten sanggau;kecamatan kapuas;desa penyeladi
kabupaten sanggau;kecamatan kapuas;desa penyelimau
kabupaten sanggau;kecamatan kapuas;desa penyelimau jaya
kabupaten sanggau;kecamatan kapuas;desa rambin
kabupaten sanggau;kecamatan kapuas;desa semerangkai
kabupaten sanggau;kecamatan kapuas;desa sungai alai
kabupaten sanggau;kecamatan kapuas;desa sungai batu
kabupaten sanggau;kecamatan kapuas;desa sungai mawang
kabupaten sanggau;kecamatan kapuas;desa sungai muntik
kabupaten sanggau;kecamatan kapuas;kelurahan sungai sengkuang
kabupaten sanggau;kecamatan kapuas;kelurahan tanjung kapuas
kabupaten sanggau;kecamatan kapuas;kelurahan tanjung sekayam
kabupaten sanggau;kecamatan kapuas;desa tapang dulang
kabupaten sanggau;kecamatan kembayan;desa kelompu
kabupaten sanggau;kecamatan kembayan;desa kuala dua
kabupaten sanggau;kecamatan kembayan;desa mobui
kabupaten sanggau;kecamatan kembayan;desa sebongkuh
kabupaten sanggau;kecamatan kembayan;desa sebuduh
kabupaten sanggau;kecamatan kembayan;desa sejuah
kabupaten sanggau;kecamatan kembayan;desa semayang
kabupaten sanggau;kecamatan kembayan;desa tanap
kabupaten sanggau;kecamatan kembayan;desa tanjung bunga
kabupaten sanggau;kecamatan kembayan;desa tanjung merpati
kabupaten sanggau;kecamatan kembayan;desa tunggal bhakti
kabupaten sanggau;kecamatan meliau;desa balai tinggi
kabupaten sanggau;kecamatan meliau;desa baru lombak
kabupaten sanggau;kecamatan meliau;desa bhakti jaya
kabupaten sanggau;kecamatan meliau;desa cupang
kabupaten sanggau;kecamatan meliau;desa enggadai
kabupaten sanggau;kecamatan meliau;desa harapan makmur
kabupaten sanggau;kecamatan meliau;desa kuala buayan
kabupaten sanggau;kecamatan meliau;desa kuala rosan
kabupaten sanggau;kecamatan meliau;desa kunyil
kabupaten sanggau;kecamatan meliau;desa lalang
kabupaten sanggau;kecamatan meliau;desa melawi makmur
kabupaten sanggau;kecamatan meliau;desa meliau hilir
kabupaten sanggau;kecamatan meliau;desa meliau hulu
kabupaten sanggau;kecamatan meliau;desa melobok
kabupaten sanggau;kecamatan meliau;desa meranggau
kabupaten sanggau;kecamatan meliau;desa mukti jaya
kabupaten sanggau;kecamatan meliau;desa pampang dua
kabupaten sanggau;kecamatan meliau;desa sungai kembayau
kabupaten sanggau;kecamatan meliau;desa sungai mayam
kabupaten sanggau;kecamatan mukok;desa engkode
kabupaten sanggau;kecamatan mukok;desa inggis
kabupaten sanggau;kecamatan mukok;desa kedukul
kabupaten sanggau;kecamatan mukok;desa layak omang
kabupaten sanggau;kecamatan mukok;desa semanggis raya
kabupaten sanggau;kecamatan mukok;desa semuntai
kabupaten sanggau;kecamatan mukok;desa serambai jaya
kabupaten sanggau;kecamatan mukok;desa sungai mawang
kabupaten sanggau;kecamatan mukok;desa tri mulya
kabupaten sanggau;kecamatan noyan;desa empoto
kabupaten sanggau;kecamatan noyan;desa idas
kabupaten sanggau;kecamatan noyan;desa noyan
kabupaten sanggau;kecamatan noyan;desa semongan
kabupaten sanggau;kecamatan noyan;desa sungai dangin
kabupaten sanggau;kecamatan parindu;desa dosan
kabupaten sanggau;kecamatan parindu;desa embala
kabupaten sanggau;kecamatan parindu;desa gunam
kabupaten sanggau;kecamatan parindu;desa hibun
kabupaten sanggau;kecamatan parindu;desa maju karya
kabupaten sanggau;kecamatan parindu;desa maringin jaya
kabupaten sanggau;kecamatan parindu;desa marita
kabupaten sanggau;kecamatan parindu;desa palem jaya
kabupaten sanggau;kecamatan parindu;desa pandu raya
kabupaten sanggau;kecamatan parindu;desa pusat damai
kabupaten sanggau;kecamatan parindu;desa rahayu
kabupaten sanggau;kecamatan parindu;desa sebara
kabupaten sanggau;kecamatan parindu;desa suka gerundi
kabupaten sanggau;kecamatan parindu;desa suka mulya
kabupaten sanggau;kecamatan sekayam;desa balai karangan
kabupaten sanggau;kecamatan sekayam;desa bungkang
kabupaten sanggau;kecamatan sekayam;desa engkahan
kabupaten sanggau;kecamatan sekayam;desa kenaman
kabupaten sanggau;kecamatan sekayam;desa lubuk sabuk
kabupaten sanggau;kecamatan sekayam;desa melenggang
kabupaten sanggau;kecamatan sekayam;desa pengadang
kabupaten sanggau;kecamatan sekayam;desa raut muara
kabupaten sanggau;kecamatan sekayam;desa sangai tekam
kabupaten sanggau;kecamatan sekayam;desa sotok
kabupaten sanggau;kecamatan tayan hilir;desa balai ingin
kabupaten sanggau;kecamatan tayan hilir;desa beginjan
kabupaten sanggau;kecamatan tayan hilir;desa cempedak
kabupaten sanggau;kecamatan tayan hilir;desa emberas
kabupaten sanggau;kecamatan tayan hilir;desa kawat
kabupaten sanggau;kecamatan tayan hilir;desa lalang
kabupaten sanggau;kecamatan tayan hilir;desa melugai
kabupaten sanggau;kecamatan tayan hilir;desa pedalaman
kabupaten sanggau;kecamatan tayan hilir;desa pulau tayan utara
kabupaten sanggau;kecamatan tayan hilir;desa sebemban
kabupaten sanggau;kecamatan tayan hilir;desa sejotang
kabupaten sanggau;kecamatan tayan hilir;desa subah
kabupaten sanggau;kecamatan tayan hilir;desa sungai jaman
kabupaten sanggau;kecamatan tayan hilir;desa tanjung bunut
kabupaten sanggau;kecamatan tayan hilir;desa tebang benua
kabupaten sanggau;kecamatan tayan hulu;desa berakak
kabupaten sanggau;kecamatan tayan hulu;desa binjai
kabupaten sanggau;kecamatan tayan hulu;desa engkasan
kabupaten sanggau;kecamatan tayan hulu;desa janjang
kabupaten sanggau;kecamatan tayan hulu;desa kedakas
kabupaten sanggau;kecamatan tayan hulu;desa mandong
kabupaten sanggau;kecamatan tayan hulu;desa menyabo
kabupaten sanggau;kecamatan tayan hulu;desa pandan sembuat
kabupaten sanggau;kecamatan tayan hulu;desa peruan dalam
kabupaten sanggau;kecamatan tayan hulu;desa riyai
kabupaten sanggau;kecamatan tayan hulu;desa sosok
kabupaten sanggau;kecamatan toba;desa bagan asam
kabupaten sanggau;kecamatan toba;desa balai belungai
kabupaten sanggau;kecamatan toba;desa belungai dalam
kabupaten sanggau;kecamatan toba;desa kampung baru
kabupaten sanggau;kecamatan toba;desa lumut
kabupaten sanggau;kecamatan toba;desa sansat
kabupaten sanggau;kecamatan toba;desa teraju
kabupaten sekadau;kecamatan belitang;desa belitang dua
kabupaten sekadau;kecamatan belitang;desa belitang satu
kabupaten sekadau;kecamatan belitang;desa maboh permai
kabupaten sekadau;kecamatan belitang;desa menua prama
kabupaten sekadau;kecamatan belitang;desa nanga ansar
kabupaten sekadau;kecamatan belitang;desa padak
kabupaten sekadau;kecamatan belitang;desa setuntung
kabupaten sekadau;kecamatan belitang hilir;desa empajak
kabupaten sekadau;kecamatan belitang hilir;desa entabuk
kabupaten sekadau;kecamatan belitang hilir;desa kumpang bis
kabupaten sekadau;kecamatan belitang hilir;desa menawai tekam
kabupaten sekadau;kecamatan belitang hilir;desa merbang
kabupaten sekadau;kecamatan belitang hilir;desa semadu
kabupaten sekadau;kecamatan belitang hilir;desa sungai ayak dua
kabupaten sekadau;kecamatan belitang hilir;desa sungai ayak satu
kabupaten sekadau;kecamatan belitang hilir;desa tapang pulau
kabupaten sekadau;kecamatan belitang hilir;desa melanjan raya
kabupaten sekadau;kecamatan belitang hilir;sepantak
kabupaten sekadau;kecamatan belitang hulu;desa balai sepuak
kabupaten sekadau;kecamatan belitang hulu;desa batuk mulau
kabupaten sekadau;kecamatan belitang hulu;desa bukit rambat
kabupaten sekadau;kecamatan belitang hulu;desa ijuk
kabupaten sekadau;kecamatan belitang hulu;desa kumpang ilong
kabupaten sekadau;kecamatan belitang hulu;desa mengaret
kabupaten sekadau;kecamatan belitang hulu;desa pakit mulau
kabupaten sekadau;kecamatan belitang hulu;desa sebetung
kabupaten sekadau;kecamatan belitang hulu;desa seburuk satu
kabupaten sekadau;kecamatan belitang hulu;desa sungai antu hulu
kabupaten sekadau;kecamatan belitang hulu;desa sungai tapah
kabupaten sekadau;kecamatan belitang hulu;desa tabuk hulu
kabupaten sekadau;kecamatan belitang hulu;desa terduk dampak
kabupaten sekadau;kecamatan nanga mahap;desa batu pahat
kabupaten sekadau;kecamatan nanga mahap;desa cenayan
kabupaten sekadau;kecamatan nanga mahap;desa karang betung
kabupaten sekadau;kecamatan nanga mahap;desa landau apin
kabupaten sekadau;kecamatan nanga mahap;desa landau kumpai
kabupaten sekadau;kecamatan nanga mahap;desa lembah beringin
kabupaten sekadau;kecamatan nanga mahap;desa nanga mahap
kabupaten sekadau;kecamatan nanga mahap;desa nanga suri
kabupaten sekadau;kecamatan nanga mahap;desa sebabas
kabupaten sekadau;kecamatan nanga mahap;desa tamang
kabupaten sekadau;kecamatan nanga mahap;desa teluk kebau
kabupaten sekadau;kecamatan nanga mahap;desa tembaga
kabupaten sekadau;kecamatan nanga mahap;desa tembesuk
kabupaten sekadau;kecamatan nanga taman;desa lubuk tajau
kabupaten sekadau;kecamatan nanga taman;desa meragun
kabupaten sekadau;kecamatan nanga taman;desa nanga engkulun
kabupaten sekadau;kecamatan nanga taman;desa nanga kiungkang
kabupaten sekadau;kecamatan nanga taman;desa nanga koman
kabupaten sekadau;kecamatan nanga taman;desa nanga mentukak
kabupaten sekadau;kecamatan nanga taman;desa nanga mongko
kabupaten sekadau;kecamatan nanga taman;desa nanga taman
kabupaten sekadau;kecamatan nanga taman;desa pantok
kabupaten sekadau;kecamatan nanga taman;desa rirang jati
kabupaten sekadau;kecamatan nanga taman;desa senangak
kabupaten sekadau;kecamatan nanga taman;desa sungai lawak
kabupaten sekadau;kecamatan nanga taman;desa tapang tingang
kabupaten sekadau;kecamatan nanga taman;desa semerawai
kabupaten sekadau;kecamatan nanga taman;desa engkulun hulu
kabupaten sekadau;kecamatan sekadau hilir;desa bokak sebumbun
kabupaten sekadau;kecamatan sekadau hilir;desa engkersik
kabupaten sekadau;kecamatan sekadau hilir;desa ensalang
kabupaten sekadau;kecamatan sekadau hilir;desa gonis tekam
kabupaten sekadau;kecamatan sekadau hilir;desa landau kodah
kabupaten sekadau;kecamatan sekadau hilir;desa merapi
kabupaten sekadau;kecamatan sekadau hilir;desa mungguk
kabupaten sekadau;kecamatan sekadau hilir;desa peniti
kabupaten sekadau;kecamatan sekadau hilir;desa seberang kapuas
kabupaten sekadau;kecamatan sekadau hilir;desa selalong
kabupaten sekadau;kecamatan sekadau hilir;desa semabi
kabupaten sekadau;kecamatan sekadau hilir;desa seraras
kabupaten sekadau;kecamatan sekadau hilir;desa sungai kunyit
kabupaten sekadau;kecamatan sekadau hilir;desa sungai ringin
kabupaten sekadau;kecamatan sekadau hilir;desa tanjung
kabupaten sekadau;kecamatan sekadau hilir;desa tapang semadak
kabupaten sekadau;kecamatan sekadau hilir;desa timpuk
kabupaten sekadau;kecamatan sekadau hilir;desa tigur jaya
kabupaten sekadau;kecamatan sekadau hilir;desa beringkai raya
kabupaten sekadau;kecamatan sekadau hilir;desa sempulau indah
kabupaten sekadau;kecamatan sekadau hulu;desa boti
kabupaten sekadau;kecamatan sekadau hulu;desa cupang gading
kabupaten sekadau;kecamatan sekadau hulu;desa mondi
kabupaten sekadau;kecamatan sekadau hulu;desa nanga biaban
kabupaten sekadau;kecamatan sekadau hulu;desa nanga menterap
kabupaten sekadau;kecamatan sekadau hulu;desa nanga pemubuh
kabupaten sekadau;kecamatan sekadau hulu;desa perongkan
kabupaten sekadau;kecamatan sekadau hulu;desa rawak hilir
kabupaten sekadau;kecamatan sekadau hulu;desa rawak hulu
kabupaten sekadau;kecamatan sekadau hulu;desa sekonau
kabupaten sekadau;kecamatan sekadau hulu;desa setawar
kabupaten sekadau;kecamatan sekadau hulu;desa sungai sambang
kabupaten sekadau;kecamatan sekadau hulu;desa sunsong
kabupaten sekadau;kecamatan sekadau hulu;desa tapang perodah
kabupaten sekadau;kecamatan sekadau hulu;desa tinting boyok
kabupaten sintang;kecamatan ambalau;desa bukai tukun
kabupaten sintang;kecamatan ambalau;desa bukit tinggi
kabupaten sintang;kecamatan ambalau;desa buntut pimpin
kabupaten sintang;kecamatan ambalau;desa buntut purun
kabupaten sintang;kecamatan ambalau;desa buntut sabon
kabupaten sintang;kecamatan ambalau;desa dahtah bungai
kabupaten sintang;kecamatan ambalau;desa deme
kabupaten sintang;kecamatan ambalau;desa jengkarang
kabupaten sintang;kecamatan ambalau;desa kepala jungai
kabupaten sintang;kecamatan ambalau;desa kolangan juoi
kabupaten sintang;kecamatan ambalau;desa korong daso
kabupaten sintang;kecamatan ambalau;desa lunjan tingang
kabupaten sintang;kecamatan ambalau;desa luting mingan
kabupaten sintang;kecamatan ambalau;desa mensuang
kabupaten sintang;kecamatan ambalau;desa nanga ambalau
kabupaten sintang;kecamatan ambalau;desa nanga kemangai
kabupaten sintang;kecamatan ambalau;desa nanga keremoi
kabupaten sintang;kecamatan ambalau;desa nanga kesange
kabupaten sintang;kecamatan ambalau;desa nanga menakon
kabupaten sintang;kecamatan ambalau;desa nanga menantak
kabupaten sintang;kecamatan ambalau;desa nanga mentomoi
kabupaten sintang;kecamatan ambalau;desa nanga pahangan
kabupaten sintang;kecamatan ambalau;desa nanga rade
kabupaten sintang;kecamatan ambalau;desa nanga sakai
kabupaten sintang;kecamatan ambalau;desa nanga sake
kabupaten sintang;kecamatan ambalau;desa nanga ukai
kabupaten sintang;kecamatan ambalau;desa nusa poring
kabupaten sintang;kecamatan ambalau;desa patih jepara
kabupaten sintang;kecamatan ambalau;desa pulo sabhang
kabupaten sintang;kecamatan ambalau;desa purut beribit
kabupaten sintang;kecamatan ambalau;desa riam sabon
kabupaten sintang;kecamatan ambalau;desa sungai tambun
kabupaten sintang;kecamatan ambalau;desa tanjung andan
kabupaten sintang;kecamatan binjai hulu;desa ampar bedang
kabupaten sintang;kecamatan binjai hulu;desa binjai hilir
kabupaten sintang;kecamatan binjai hulu;desa binjai hulu
kabupaten sintang;kecamatan binjai hulu;desa dak jaya
kabupaten sintang;kecamatan binjai hulu;desa empaka kabiau raya
kabupaten sintang;kecamatan binjai hulu;desa mensiku
kabupaten sintang;kecamatan binjai hulu;desa simba raya
kabupaten sintang;kecamatan binjai hulu;desa sungai risap
kabupaten sintang;kecamatan binjai hulu;desa sungai risap mensiku bersatu
kabupaten sintang;kecamatan binjai hulu;desa telaga dua
kabupaten sintang;kecamatan binjai hulu;desa telaga satu
kabupaten sintang;kecamatan dedai;desa apin baru
kabupaten sintang;kecamatan dedai;desa baras
kabupaten sintang;kecamatan dedai;desa batu landung
kabupaten sintang;kecamatan dedai;desa belinyuk sibau
kabupaten sintang;kecamatan dedai;desa dedai kanan
kabupaten sintang;kecamatan dedai;desa empaci
kabupaten sintang;kecamatan dedai;desa emparu baru
kabupaten sintang;kecamatan dedai;desa gandis
kabupaten sintang;kecamatan dedai;desa gandis hulu
kabupaten sintang;kecamatan dedai;desa hulu dedai
kabupaten sintang;kecamatan dedai;desa jangkang
kabupaten sintang;kecamatan dedai;desa kumpang
kabupaten sintang;kecamatan dedai;desa lundang baru
kabupaten sintang;kecamatan dedai;desa menaong baru
kabupaten sintang;kecamatan dedai;desa mangat baru
kabupaten sintang;kecamatan dedai;desa manyam
kabupaten sintang;kecamatan dedai;desa mengkirai jaya
kabupaten sintang;kecamatan dedai;desa merempit baru
kabupaten sintang;kecamatan dedai;desa nanga dedai
kabupaten sintang;kecamatan dedai;desa nanga jetak
kabupaten sintang;kecamatan dedai;desa pengkadan sungai rupa
kabupaten sintang;kecamatan dedai;desa pengkadan baru
kabupaten sintang;kecamatan dedai;desa penyak lalang
kabupaten sintang;kecamatan dedai;desa riguk
kabupaten sintang;kecamatan dedai;desa samak
kabupaten sintang;kecamatan dedai;desa sungai mali
kabupaten sintang;kecamatan dedai;desa sungai tapang
kabupaten sintang;kecamatan dedai;desa tanjung
kabupaten sintang;kecamatan dedai;desa taok
kabupaten sintang;kecamatan dedai;desa terusan
kabupaten sintang;kecamatan dedai;desa umin jaya
kabupaten sintang;kecamatan kayan hilir;desa batu netak
kabupaten sintang;kecamatan kayan hilir;desa begendang mal
kabupaten sintang;kecamatan kayan hilir;desa bukit segaloh
kabupaten sintang;kecamatan kayan hilir;desa buluk jegara
kabupaten sintang;kecamatan kayan hilir;desa buluk panjang
kabupaten sintang;kecamatan kayan hilir;desa engkerangan
kabupaten sintang;kecamatan kayan hilir;desa ipoh emang
kabupaten sintang;kecamatan kayan hilir;desa jambu
kabupaten sintang;kecamatan kayan hilir;desa jaya sakti
kabupaten sintang;kecamatan kayan hilir;desa karya baru
kabupaten sintang;kecamatan kayan hilir;desa kempas raya
kabupaten sintang;kecamatan kayan hilir;desa kerapa sepan
kabupaten sintang;kecamatan kayan hilir;desa lalang inggar
kabupaten sintang;kecamatan kayan hilir;desa landau beringin
kabupaten sintang;kecamatan kayan hilir;desa lengkong bindu
kabupaten sintang;kecamatan kayan hilir;desa linggam permai
kabupaten sintang;kecamatan kayan hilir;desa mekar mandiri
kabupaten sintang;kecamatan kayan hilir;desa melingkat
kabupaten sintang;kecamatan kayan hilir;desa mengkirai
kabupaten sintang;kecamatan kayan hilir;desa mentunai
kabupaten sintang;kecamatan kayan hilir;desa monbai begununk
kabupaten sintang;kecamatan kayan hilir;desa nanga lidau
kabupaten sintang;kecamatan kayan hilir;desa nanga mau
kabupaten sintang;kecamatan kayan hilir;desa nanga tikan
kabupaten sintang;kecamatan kayan hilir;desa natai lesung
kabupaten sintang;kecamatan kayan hilir;desa natai tebedak
kabupaten sintang;kecamatan kayan hilir;desa neran baya
kabupaten sintang;kecamatan kayan hilir;desa nyangkom
kabupaten sintang;kecamatan kayan hilir;desa pakak
kabupaten sintang;kecamatan kayan hilir;desa paoh desa
kabupaten sintang;kecamatan kayan hilir;desa pelaik
kabupaten sintang;kecamatan kayan hilir;desa sungai buaya
kabupaten sintang;kecamatan kayan hilir;desa sungai emang
kabupaten sintang;kecamatan kayan hilir;desa sungai garong
kabupaten sintang;kecamatan kayan hilir;desa sungai menuang
kabupaten sintang;kecamatan kayan hilir;desa sungai meraya
kabupaten sintang;kecamatan kayan hilir;desa sungai pengga
kabupaten sintang;kecamatan kayan hilir;desa sungai ranap
kabupaten sintang;kecamatan kayan hilir;desa sungai sintang
kabupaten sintang;kecamatan kayan hilir;desa tanjung keliling
kabupaten sintang;kecamatan kayan hilir;desa tanjung putar
kabupaten sintang;kecamatan kayan hilir;desa tertung mau
kabupaten sintang;kecamatan kayan hilir;desa tuguk
kabupaten sintang;kecamatan kayan hulu;desa buluh merindu
kabupaten sintang;kecamatan kayan hulu;desa empakan
kabupaten sintang;kecamatan kayan hulu;desa emponyang
kabupaten sintang;kecamatan kayan hulu;desa entogong
kabupaten sintang;kecamatan kayan hulu;desa kebarau
kabupaten sintang;kecamatan kayan hulu;desa kerapuk jaya
kabupaten sintang;kecamatan kayan hulu;desa landau bara
kabupaten sintang;kecamatan kayan hulu;desa lintang tambuk
kabupaten sintang;kecamatan kayan hulu;desa mapan jaya
kabupaten sintang;kecamatan kayan hulu;desa merah arai
kabupaten sintang;kecamatan kayan hulu;desa merahau permai
kabupaten sintang;kecamatan kayan hulu;desa nanga abai
kabupaten sintang;kecamatan kayan hulu;desa nanga laar
kabupaten sintang;kecamatan kayan hulu;desa nanga masau
kabupaten sintang;kecamatan kayan hulu;desa nanga oran
kabupaten sintang;kecamatan kayan hulu;desa nanga payak
kabupaten sintang;kecamatan kayan hulu;desa nanga tampang
kabupaten sintang;kecamatan kayan hulu;desa nanga tebidah
kabupaten sintang;kecamatan kayan hulu;desa nanga tonggoi
kabupaten sintang;kecamatan kayan hulu;desa nanga toran
kabupaten sintang;kecamatan kayan hulu;desa nanga ungai
kabupaten sintang;kecamatan kayan hulu;desa nangkak lestari
kabupaten sintang;kecamatan kayan hulu;desa riam muntik
kabupaten sintang;kecamatan kayan hulu;desa riam panjang
kabupaten sintang;kecamatan kayan hulu;desa tanah merah
kabupaten sintang;kecamatan kayan hulu;desa tanjung bunga
kabupaten sintang;kecamatan kayan hulu;desa tanjung lalau
kabupaten sintang;kecamatan kayan hulu;desa tanjung miru
kabupaten sintang;kecamatan kayan hulu;desa tapang manua
kabupaten sintang;kecamatan kayan hulu;desa tonak goneh
kabupaten sintang;kecamatan kayan hulu;desa topan nanga
kabupaten sintang;kecamatan kelam permai;desa baning panjang
kabupaten sintang;kecamatan kelam permai;desa bengkuang
kabupaten sintang;kecamatan kelam permai;desa ensaid panjang
kabupaten sintang;kecamatan kelam permai;desa gemba raya
kabupaten sintang;kecamatan kelam permai;desa karya jaya bhakti
kabupaten sintang;kecamatan kelam permai;desa kebong
kabupaten sintang;kecamatan kelam permai;desa kelam sejahtera
kabupaten sintang;kecamatan kelam permai;desa landau kodam
kabupaten sintang;kecamatan kelam permai;desa mandiri jaya
kabupaten sintang;kecamatan kelam permai;desa merpak
kabupaten sintang;kecamatan kelam permai;desa nanga lebang
kabupaten sintang;kecamatan kelam permai;desa pelimping
kabupaten sintang;kecamatan kelam permai;desa sepan lebang
kabupaten sintang;kecamatan kelam permai;desa sungai labi
kabupaten sintang;kecamatan kelam permai;desa sungai lais
kabupaten sintang;kecamatan kelam permai;desa sungai maram
kabupaten sintang;kecamatan kelam permai;desa sungai pukat
kabupaten sintang;kecamatan ketungau hilir;desa air nyuruk
kabupaten sintang;kecamatan ketungau hilir;desa batu ampar
kabupaten sintang;kecamatan ketungau hilir;desa batu nyadi
kabupaten sintang;kecamatan ketungau hilir;desa baung sengatap
kabupaten sintang;kecamatan ketungau hilir;desa beluh mulyo
kabupaten sintang;kecamatan ketungau hilir;desa betung permai
kabupaten sintang;kecamatan ketungau hilir;desa bukit sidin permai
kabupaten sintang;kecamatan ketungau hilir;desa jentawang hilir
kabupaten sintang;kecamatan ketungau hilir;desa kenuak
kabupaten sintang;kecamatan ketungau hilir;desa lepung pantak
kabupaten sintang;kecamatan ketungau hilir;desa maung
kabupaten sintang;kecamatan ketungau hilir;desa mungguk kelapa
kabupaten sintang;kecamatan ketungau hilir;desa nanga ketungau
kabupaten sintang;kecamatan ketungau hilir;desa nanga merkak
kabupaten sintang;kecamatan ketungau hilir;desa nanga sejirak
kabupaten sintang;kecamatan ketungau hilir;desa pampang dua
kabupaten sintang;kecamatan ketungau hilir;desa ratu damai
kabupaten sintang;kecamatan ketungau hilir;desa semajau mekar
kabupaten sintang;kecamatan ketungau hilir;desa semuntai
kabupaten sintang;kecamatan ketungau hilir;desa senibung
kabupaten sintang;kecamatan ketungau hilir;desa setungkup
kabupaten sintang;kecamatan ketungau hilir;desa sungai deras
kabupaten sintang;kecamatan ketungau hilir;desa sungai mali
kabupaten sintang;kecamatan ketungau hilir;desa tanjung baung
kabupaten sintang;kecamatan ketungau hulu;desa bekuan luyang
kabupaten sintang;kecamatan ketungau hulu;desa embaleh
kabupaten sintang;kecamatan ketungau hulu;desa empunak tapang keladan
kabupaten sintang;kecamatan ketungau hulu;desa empura
kabupaten sintang;kecamatan ketungau hulu;desa engkeruh
kabupaten sintang;kecamatan ketungau hulu;desa idai
kabupaten sintang;kecamatan ketungau hulu;desa jasa
kabupaten sintang;kecamatan ketungau hulu;desa muakan petinggi
kabupaten sintang;kecamatan ketungau hulu;desa mungguk entawak
kabupaten sintang;kecamatan ketungau hulu;desa nanga bayan
kabupaten sintang;kecamatan ketungau hulu;desa nanga bugau
kabupaten sintang;kecamatan ketungau hulu;desa nanga sebawang
kabupaten sintang;kecamatan ketungau hulu;desa neraci jaya
kabupaten sintang;kecamatan ketungau hulu;desa rasau
kabupaten sintang;kecamatan ketungau hulu;desa riam sejawak
kabupaten sintang;kecamatan ketungau hulu;desa sebadak
kabupaten sintang;kecamatan ketungau hulu;desa sebetung paluk
kabupaten sintang;kecamatan ketungau hulu;desa sebuluh
kabupaten sintang;kecamatan ketungau hulu;desa sejawak
kabupaten sintang;kecamatan ketungau hulu;desa sekaih
kabupaten sintang;kecamatan ketungau hulu;desa senaning
kabupaten sintang;kecamatan ketungau hulu;desa sepiluk
kabupaten sintang;kecamatan ketungau hulu;desa suak medang
kabupaten sintang;kecamatan ketungau hulu;desa sungai bugau
kabupaten sintang;kecamatan ketungau hulu;desa sungai kelik
kabupaten sintang;kecamatan ketungau hulu;desa sungai mawang
kabupaten sintang;kecamatan ketungau hulu;desa sungai pisau
kabupaten sintang;kecamatan ketungau hulu;desa sungai seria
kabupaten sintang;kecamatan ketungau hulu;desa ujung kempas
kabupaten sintang;kecamatan ketungau tengah;desa argomulyo
kabupaten sintang;kecamatan ketungau tengah;desa bakti senabung
kabupaten sintang;kecamatan ketungau tengah;desa begelang jaya
kabupaten sintang;kecamatan ketungau tengah;desa engkitan
kabupaten sintang;kecamatan ketungau tengah;desa gut jaya bhakti
kabupaten sintang;kecamatan ketungau tengah;desa kayu dujung
kabupaten sintang;kecamatan ketungau tengah;desa kerta sari
kabupaten sintang;kecamatan ketungau tengah;desa kubu berangan
kabupaten sintang;kecamatan ketungau tengah;desa landau buaya
kabupaten sintang;kecamatan ketungau tengah;desa landau temiang
kabupaten sintang;kecamatan ketungau tengah;desa margahayu
kabupaten sintang;kecamatan ketungau tengah;desa mungguk gelombang
kabupaten sintang;kecamatan ketungau tengah;desa mungguk lawang
kabupaten sintang;kecamatan ketungau tengah;desa nanga kelapan
kabupaten sintang;kecamatan ketungau tengah;desa padung kumang
kabupaten sintang;kecamatan ketungau tengah;desa panding jaya
kabupaten sintang;kecamatan ketungau tengah;desa panggi agung
kabupaten sintang;kecamatan ketungau tengah;desa panggi ruguk
kabupaten sintang;kecamatan ketungau tengah;desa radin jaya
kabupaten sintang;kecamatan ketungau tengah;desa semareh
kabupaten sintang;kecamatan ketungau tengah;desa senangan jaya
kabupaten sintang;kecamatan ketungau tengah;desa senangan kecil
kabupaten sintang;kecamatan ketungau tengah;desa sumber sari
kabupaten sintang;kecamatan ketungau tengah;desa sungai areh
kabupaten sintang;kecamatan ketungau tengah;desa swadaya
kabupaten sintang;kecamatan ketungau tengah;desa tanjung sari
kabupaten sintang;kecamatan ketungau tengah;desa tirta karya
kabupaten sintang;kecamatan ketungau tengah;desa wana bhakti
kabupaten sintang;kecamatan ketungau tengah;desa wirayuda
kabupaten sintang;kecamatan sepauk;desa bangun
kabupaten sintang;kecamatan sepauk;desa bedayan
kabupaten sintang;kecamatan sepauk;desa bernayau
kabupaten sintang;kecamatan sepauk;desa buluh kuning
kabupaten sintang;kecamatan sepauk;desa bungkong baru
kabupaten sintang;kecamatan sepauk;desa ensabang
kabupaten sintang;kecamatan sepauk;desa gernis jaya
kabupaten sintang;kecamatan sepauk;desa kemantan
kabupaten sintang;kecamatan sepauk;desa kenyauk
kabupaten sintang;kecamatan sepauk;desa landau panjang
kabupaten sintang;kecamatan sepauk;desa lengkenat
kabupaten sintang;kecamatan sepauk;desa limau bakti
kabupaten sintang;kecamatan sepauk;desa mait hilir
kabupaten sintang;kecamatan sepauk;desa manis raya
kabupaten sintang;kecamatan sepauk;desa nanga layung
kabupaten sintang;kecamatan sepauk;desa nanga libau
kabupaten sintang;kecamatan sepauk;desa nanga pari
kabupaten sintang;kecamatan sepauk;desa nanga sepauk
kabupaten sintang;kecamatan sepauk;desa paoh benua
kabupaten sintang;kecamatan sepauk;desa peninsung
kabupaten sintang;kecamatan sepauk;desa riam kempadik
kabupaten sintang;kecamatan sepauk;desa sekubang
kabupaten sintang;kecamatan sepauk;desa sekujam timbai
kabupaten sintang;kecamatan sepauk;desa semuntai
kabupaten sintang;kecamatan sepauk;desa sepulut
kabupaten sintang;kecamatan sepauk;desa sinar harapan
kabupaten sintang;kecamatan sepauk;desa sinar pekayau
kabupaten sintang;kecamatan sepauk;desa sirang setambang
kabupaten sintang;kecamatan sepauk;desa sukau bersatu
kabupaten sintang;kecamatan sepauk;desa sungai jaung
kabupaten sintang;kecamatan sepauk;desa sungai raya
kabupaten sintang;kecamatan sepauk;desa sungai segak
kabupaten sintang;kecamatan sepauk;desa tanjung balai
kabupaten sintang;kecamatan sepauk;desa tanjung hulu
kabupaten sintang;kecamatan sepauk;desa tanjung mawang
kabupaten sintang;kecamatan sepauk;desa tanjung ria
kabupaten sintang;kecamatan sepauk;desa tawang sari
kabupaten sintang;kecamatan sepauk;desa temawang bulai
kabupaten sintang;kecamatan sepauk;desa temawang muntai
kabupaten sintang;kecamatan sepauk;desa temiang kapuas
kabupaten sintang;kecamatan serawai;desa baras nabun
kabupaten sintang;kecamatan serawai;desa batu ketebung
kabupaten sintang;kecamatan serawai;desa bedaha
kabupaten sintang;kecamatan serawai;desa begori
kabupaten sintang;kecamatan serawai;desa buntut ponte
kabupaten sintang;kecamatan serawai;desa gurung senghiang
kabupaten sintang;kecamatan serawai;desa karya jaya
kabupaten sintang;kecamatan serawai;desa limbur bernaung lestari
kabupaten sintang;kecamatan serawai;desa mekar sari
kabupaten sintang;kecamatan serawai;desa mensulung bio
kabupaten sintang;kecamatan serawai;desa mentajoi
kabupaten sintang;kecamatan serawai;desa merako jaya
kabupaten sintang;kecamatan serawai;desa meroboi
kabupaten sintang;kecamatan serawai;desa muara kota
kabupaten sintang;kecamatan serawai;desa nanga bihe
kabupaten sintang;kecamatan serawai;desa nanga jelundung
kabupaten sintang;kecamatan serawai;desa nanga mentatai
kabupaten sintang;kecamatan serawai;desa nanga riyoi
kabupaten sintang;kecamatan serawai;desa nanga ruhan
kabupaten sintang;kecamatan serawai;desa nanga segulang
kabupaten sintang;kecamatan serawai;desa nanga serawai
kabupaten sintang;kecamatan serawai;desa nanga tangoi
kabupaten sintang;kecamatan serawai;desa nanga tekungai
kabupaten sintang;kecamatan serawai;desa nusa tujuh
kabupaten sintang;kecamatan serawai;desa pagar lebata
kabupaten sintang;kecamatan serawai;desa panekasan
kabupaten sintang;kecamatan serawai;desa rantau malam
kabupaten sintang;kecamatan serawai;desa sabhang landan
kabupaten sintang;kecamatan serawai;desa sawang senghiang
kabupaten sintang;kecamatan serawai;desa tahai permai
kabupaten sintang;kecamatan serawai;desa talian sahabung
kabupaten sintang;kecamatan serawai;desa tamakung
kabupaten sintang;kecamatan serawai;desa tanjung baru
kabupaten sintang;kecamatan serawai;desa tanjung harapan
kabupaten sintang;kecamatan serawai;desa tanjung raya
kabupaten sintang;kecamatan serawai;desa teluk harapan
kabupaten sintang;kecamatan serawai;desa tontang
kabupaten sintang;kecamatan serawai;desa tunas harapan
kabupaten sintang;kecamatan sintang;kelurahan akcaya
kabupaten sintang;kecamatan sintang;kelurahan alai
kabupaten sintang;kecamatan sintang;desa anggah jaya
kabupaten sintang;kecamatan sintang;desa baning kota
kabupaten sintang;kecamatan sintang;kelurahan batu lalau
kabupaten sintang;kecamatan sintang;desa jerora satu
kabupaten sintang;kecamatan sintang;desa kapuas kanan hilir
kabupaten sintang;kecamatan sintang;kelurahan kapuas kanan hulu
kabupaten sintang;kecamatan sintang;kelurahan kapuas kiri hilir
kabupaten sintang;kecamatan sintang;desa kapuas kiri hulu
kabupaten sintang;kecamatan sintang;desa kebiau baru
kabupaten sintang;kecamatan sintang;kelurahan kedabang
kabupaten sintang;kecamatan sintang;kelurahan ladang
kabupaten sintang;kecamatan sintang;desa lalang baru
kabupaten sintang;kecamatan sintang;desa mail jampong
kabupaten sintang;kecamatan sintang;kelurahan mekar jaya
kabupaten sintang;kecamatan sintang;kelurahan mengkurai
kabupaten sintang;kecamatan sintang;kelurahan menyumbung tengah
kabupaten sintang;kecamatan sintang;desa merti guna
kabupaten sintang;kecamatan sintang;desa mungguk bantok
kabupaten sintang;kecamatan sintang;kelurahan rawa mambok
kabupaten sintang;kecamatan sintang;kelurahan sengkuang
kabupaten sintang;kecamatan sintang;desa sungai ana
kabupaten sintang;kecamatan sintang;desa tanjung kelansam
kabupaten sintang;kecamatan sintang;kelurahan tanjung puri
kabupaten sintang;kecamatan sintang;desa tebing raya
kabupaten sintang;kecamatan sintang;desa teluk kelansam
kabupaten sintang;kecamatan sintang;desa tertung
kabupaten sintang;kecamatan sintang;kelurahan ulak jaya
kabupaten sintang;kecamatan sungai tebelian;desa balai agung
kabupaten sintang;kecamatan sungai tebelian;desa bancoh
kabupaten sintang;kecamatan sungai tebelian;desa baya betung
kabupaten sintang;kecamatan sungai tebelian;desa baya mulya
kabupaten sintang;kecamatan sungai tebelian;desa bonet engkabang
kabupaten sintang;kecamatan sungai tebelian;desa bonet lama
kabupaten sintang;kecamatan sungai tebelian;desa gurung kempadik
kabupaten sintang;kecamatan sungai tebelian;desa kajang baru
kabupaten sintang;kecamatan sungai tebelian;desa kunyai
kabupaten sintang;kecamatan sungai tebelian;desa laman raya
kabupaten sintang;kecamatan sungai tebelian;desa lebak ubah
kabupaten sintang;kecamatan sungai tebelian;desa manter
kabupaten sintang;kecamatan sungai tebelian;desa melayang sari
kabupaten sintang;kecamatan sungai tebelian;desa merarai dua
kabupaten sintang;kecamatan sungai tebelian;desa merarai satu
kabupaten sintang;kecamatan sungai tebelian;desa nobal
kabupaten sintang;kecamatan sungai tebelian;desa penjernang
kabupaten sintang;kecamatan sungai tebelian;desa penjernang hulu
kabupaten sintang;kecamatan sungai tebelian;desa perembang
kabupaten sintang;kecamatan sungai tebelian;desa ransi dakan
kabupaten sintang;kecamatan sungai tebelian;desa rarai
kabupaten sintang;kecamatan sungai tebelian;desa riam kijang
kabupaten sintang;kecamatan sungai tebelian;desa sabang surai
kabupaten sintang;kecamatan sungai tebelian;desa sarai
kabupaten sintang;kecamatan sungai tebelian;desa solam raya
kabupaten sintang;kecamatan sungai tebelian;desa sungai ukoi
kabupaten sintang;kecamatan tempunak;desa balai harapan
kabupaten sintang;kecamatan tempunak;desa benua baru
kabupaten sintang;kecamatan tempunak;desa benua kencana
kabupaten sintang;kecamatan tempunak;desa gurung mali
kabupaten sintang;kecamatan tempunak;desa jaya mentari
kabupaten sintang;kecamatan tempunak;desa kenyabur baru
kabupaten sintang;kecamatan tempunak;desa kuala tiga
kabupaten sintang;kecamatan tempunak;desa kupan jaya
kabupaten sintang;kecamatan tempunak;desa mengkurat baru
kabupaten sintang;kecamatan tempunak;desa mensiap baru
kabupaten sintang;kecamatan tempunak;desa mensiap jaya
kabupaten sintang;kecamatan tempunak;desa merti jaya
kabupaten sintang;kecamatan tempunak;desa nanga tempunak
kabupaten sintang;kecamatan tempunak;desa pagal baru
kabupaten sintang;kecamatan tempunak;desa pangkal baru
kabupaten sintang;kecamatan tempunak;desa pekulai bersatu
kabupaten sintang;kecamatan tempunak;desa peribang baru
kabupaten sintang;kecamatan tempunak;desa pudau bersatu
kabupaten sintang;kecamatan tempunak;desa pulau jaya
kabupaten sintang;kecamatan tempunak;desa repak sari
kabupaten sintang;kecamatan tempunak;desa riam batu
kabupaten sintang;kecamatan tempunak;desa suka jaya
kabupaten sintang;kecamatan tempunak;desa sungai buluh
kabupaten sintang;kecamatan tempunak;desa tanjung perada
kabupaten sintang;kecamatan tempunak;desa tempunak kapuas
kabupaten sintang;kecamatan tempunak;desa tinum baru
kabupaten balangan;kecamatan awayan;desa ambakiang
kabupaten balangan;kecamatan awayan;desa awayan
kabupaten balangan;kecamatan awayan;desa awayan hilir
kabupaten balangan;kecamatan awayan;desa badalungga
kabupaten balangan;kecamatan awayan;desa badalungga hilir
kabupaten balangan;kecamatan awayan;desa baramban
kabupaten balangan;kecamatan awayan;desa baru
kabupaten balangan;kecamatan awayan;desa bihara
kabupaten balangan;kecamatan awayan;desa bihara hilir
kabupaten balangan;kecamatan awayan;desa kedondong
kabupaten balangan;kecamatan awayan;desa merah
kabupaten balangan;kecamatan awayan;desa muara jaya
kabupaten balangan;kecamatan awayan;desa nungka
kabupaten balangan;kecamatan awayan;desa pematang
kabupaten balangan;kecamatan awayan;desa piyait
kabupaten balangan;kecamatan awayan;desa pudak
kabupaten balangan;kecamatan awayan;desa pulantan
kabupaten balangan;kecamatan awayan;desa putat basiun
kabupaten balangan;kecamatan awayan;desa sei pumpung
kabupaten balangan;kecamatan awayan;desa sikontan
kabupaten balangan;kecamatan awayan;desa tangalin
kabupaten balangan;kecamatan awayan;desa tundakan
kabupaten balangan;kecamatan awayan;desa tundi
kabupaten balangan;kecamatan batu mandi;desa bakung
kabupaten balangan;kecamatan batu mandi;desa banua hanyar
kabupaten balangan;kecamatan batu mandi;desa batu mandi
kabupaten balangan;kecamatan batu mandi;desa bungur
kabupaten balangan;kecamatan batu mandi;desa guha
kabupaten balangan;kecamatan batu mandi;desa gunung manau
kabupaten balangan;kecamatan batu mandi;desa hamparaya
kabupaten balangan;kecamatan batu mandi;desa karuh
kabupaten balangan;kecamatan batu mandi;desa kasai
kabupaten balangan;kecamatan batu mandi;desa lok batu
kabupaten balangan;kecamatan batu mandi;desa mampari
kabupaten balangan;kecamatan batu mandi;desa mantimin
kabupaten balangan;kecamatan batu mandi;desa munjung
kabupaten balangan;kecamatan batu mandi;desa pelajau
kabupaten balangan;kecamatan batu mandi;desa riwa
kabupaten balangan;kecamatan batu mandi;desa tariwin
kabupaten balangan;kecamatan batu mandi;desa teluk mesjid
kabupaten balangan;kecamatan batu mandi;desa timbun tulang
kabupaten balangan;kecamatan halong;desa aniungan
kabupaten balangan;kecamatan halong;desa bangkal
kabupaten balangan;kecamatan halong;desa baruh panyambaran
kabupaten balangan;kecamatan halong;desa binjai punggal
kabupaten balangan;kecamatan halong;desa binju
kabupaten balangan;kecamatan halong;desa binuang santang
kabupaten balangan;kecamatan halong;desa buntu pilanduk
kabupaten balangan;kecamatan halong;desa gunung riut
kabupaten balangan;kecamatan halong;desa halong
kabupaten balangan;kecamatan halong;desa hauwai
kabupaten balangan;kecamatan halong;desa kapul
kabupaten balangan;kecamatan halong;desa karya
kabupaten balangan;kecamatan halong;desa liyu
kabupaten balangan;kecamatan halong;desa mamantang
kabupaten balangan;kecamatan halong;desa mamigang
kabupaten balangan;kecamatan halong;desa mantuyan
kabupaten balangan;kecamatan halong;desa marajai
kabupaten balangan;kecamatan halong;desa mauya
kabupaten balangan;kecamatan halong;desa padang raya
kabupaten balangan;kecamatan halong;desa puyun
kabupaten balangan;kecamatan halong;desa sumber agung
kabupaten balangan;kecamatan halong;desa suryatama
kabupaten balangan;kecamatan halong;desa tabuan
kabupaten balangan;kecamatan halong;desa uren
kabupaten balangan;kecamatan juai;desa bata
kabupaten balangan;kecamatan juai;desa buntu karau
kabupaten balangan;kecamatan juai;desa galumbang
kabupaten balangan;kecamatan juai;desa gulinggang
kabupaten balangan;kecamatan juai;desa hamarung
kabupaten balangan;kecamatan juai;desa hukai
kabupaten balangan;kecamatan juai;desa juai
kabupaten balangan;kecamatan juai;desa lalayau
kabupaten balangan;kecamatan juai;desa marias
kabupaten balangan;kecamatan juai;desa mihu
kabupaten balangan;kecamatan juai;desa muara ninian
kabupaten balangan;kecamatan juai;desa mungkur uyam
kabupaten balangan;kecamatan juai;desa pamurus
kabupaten balangan;kecamatan juai;desa panimbaan
kabupaten balangan;kecamatan juai;desa sirap
kabupaten balangan;kecamatan juai;desa sumber rejeki
kabupaten balangan;kecamatan juai;desa sungai batung
kabupaten balangan;kecamatan juai;desa tawahan
kabupaten balangan;kecamatan juai;desa teluk bayur
kabupaten balangan;kecamatan juai;desa tigarun
kabupaten balangan;kecamatan lampihong;desa batu merah
kabupaten balangan;kecamatan lampihong;desa hilir pasar
kabupaten balangan;kecamatan lampihong;desa jimamun
kabupaten balangan;kecamatan lampihong;desa jungkal
kabupaten balangan;kecamatan lampihong;desa kandang jaya
kabupaten balangan;kecamatan lampihong;desa kupang
kabupaten balangan;kecamatan lampihong;desa kusambi hilir
kabupaten balangan;kecamatan lampihong;desa kusambi hulu
kabupaten balangan;kecamatan lampihong;desa lajar
kabupaten balangan;kecamatan lampihong;desa lampihong kanan
kabupaten balangan;kecamatan lampihong;desa lampihong kiri
kabupaten balangan;kecamatan lampihong;desa lampihong selatan
kabupaten balangan;kecamatan lampihong;desa lok hamawang
kabupaten balangan;kecamatan lampihong;desa lok panginangan
kabupaten balangan;kecamatan lampihong;desa matang hanau
kabupaten balangan;kecamatan lampihong;desa matang lurus
kabupaten balangan;kecamatan lampihong;desa mundar
kabupaten balangan;kecamatan lampihong;desa panaitan
kabupaten balangan;kecamatan lampihong;desa pimping
kabupaten balangan;kecamatan lampihong;desa pupuyuan
kabupaten balangan;kecamatan lampihong;desa simpang tiga
kabupaten balangan;kecamatan lampihong;desa sungai awang
kabupaten balangan;kecamatan lampihong;desa sungai tabuk
kabupaten balangan;kecamatan lampihong;desa tampang
kabupaten balangan;kecamatan lampihong;desa tanah habang kanan
kabupaten balangan;kecamatan lampihong;desa tanah habang kiri
kabupaten balangan;kecamatan lampihong;desa teluk karya
kabupaten balangan;kecamatan paringin;desa babayau
kabupaten balangan;kecamatan paringin;desa balang
kabupaten balangan;kecamatan paringin;desa balida
kabupaten balangan;kecamatan paringin;desa dahai
kabupaten balangan;kecamatan paringin;desa hujan mas
kabupaten balangan;kecamatan paringin;desa kalahiang
kabupaten balangan;kecamatan paringin;desa lamida bawah
kabupaten balangan;kecamatan paringin;desa lasung batu
kabupaten balangan;kecamatan paringin;desa layap
kabupaten balangan;kecamatan paringin;desa lok batung
kabupaten balangan;kecamatan paringin;desa mangkayahu
kabupaten balangan;kecamatan paringin;desa murung ilung
kabupaten balangan;kecamatan paringin;desa paran
kabupaten balangan;kecamatan paringin;desa paringin kota
kabupaten balangan;kecamatan paringin;desa paringin timur
kabupaten balangan;kecamatan paringin;desa sungai ketapi
kabupaten balangan;kecamatan paringin selatan;desa baruh bahinu dalam
kabupaten balangan;kecamatan paringin selatan;desa baruh bahinu luar
kabupaten balangan;kecamatan paringin selatan;kelurahan batu piring
kabupaten balangan;kecamatan paringin selatan;desa binjai
kabupaten balangan;kecamatan paringin selatan;desa bungin
kabupaten balangan;kecamatan paringin selatan;desa galumbang
kabupaten balangan;kecamatan paringin selatan;desa halubau
kabupaten balangan;kecamatan paringin selatan;desa halubau utara
kabupaten balangan;kecamatan paringin selatan;desa inan
kabupaten balangan;kecamatan paringin selatan;desa lingsir
kabupaten balangan;kecamatan paringin selatan;desa maradap
kabupaten balangan;kecamatan paringin selatan;desa murung abuin
kabupaten balangan;kecamatan paringin selatan;desa murung jambu
kabupaten balangan;kecamatan paringin selatan;desa panggung
kabupaten balangan;kecamatan paringin selatan;desa tarangan
kabupaten balangan;kecamatan paringin selatan;desa telaga purun
kabupaten balangan;kecamatan tebing tinggi;desa ajung
kabupaten balangan;kecamatan tebing tinggi;desa auh
kabupaten balangan;kecamatan tebing tinggi;desa dayak pitap
kabupaten balangan;kecamatan tebing tinggi;desa gunung batu
kabupaten balangan;kecamatan tebing tinggi;desa ju'uh
kabupaten balangan;kecamatan tebing tinggi;desa kambiyain
kabupaten balangan;kecamatan tebing tinggi;desa langkap
kabupaten balangan;kecamatan tebing tinggi;desa mayanau
kabupaten balangan;kecamatan tebing tinggi;desa simpang bumbuan
kabupaten balangan;kecamatan tebing tinggi;desa simpang nadong
kabupaten balangan;kecamatan tebing tinggi;desa sungsum
kabupaten balangan;kecamatan tebing tinggi;desa tebing tinggi
kabupaten banjar;kecamatan aluh aluh;desa aluh aluh besar
kabupaten banjar;kecamatan aluh aluh;desa aluh aluh kecil
kabupaten banjar;kecamatan aluh aluh;desa aluh aluh kecil muara
kabupaten banjar;kecamatan aluh aluh;desa bakambat
kabupaten banjar;kecamatan aluh aluh;desa balimau
kabupaten banjar;kecamatan aluh aluh;desa bunipah
kabupaten banjar;kecamatan aluh aluh;desa handil baru
kabupaten banjar;kecamatan aluh aluh;desa handil bujur
kabupaten banjar;kecamatan aluh aluh;desa kuin besar
kabupaten banjar;kecamatan aluh aluh;desa kuin kecil
kabupaten banjar;kecamatan aluh aluh;desa labat muara
kabupaten banjar;kecamatan aluh aluh;desa pemurus
kabupaten banjar;kecamatan aluh aluh;desa podok
kabupaten banjar;kecamatan aluh aluh;desa pulantan
kabupaten banjar;kecamatan aluh aluh;desa simpang warga
kabupaten banjar;kecamatan aluh aluh;desa simpang warga dalam
kabupaten banjar;kecamatan aluh aluh;desa sungai musang
kabupaten banjar;kecamatan aluh aluh;desa tanipah
kabupaten banjar;kecamatan aluh aluh;desa terapu
kabupaten banjar;kecamatan aranio;desa apuai
kabupaten banjar;kecamatan aranio;desa aranio
kabupaten banjar;kecamatan aranio;desa artain
kabupaten banjar;kecamatan aranio;desa belangian
kabupaten banjar;kecamatan aranio;desa benua riam
kabupaten banjar;kecamatan aranio;desa bunglai
kabupaten banjar;kecamatan aranio;desa kalaan
kabupaten banjar;kecamatan aranio;desa paau
kabupaten banjar;kecamatan aranio;desa rantau balai
kabupaten banjar;kecamatan aranio;desa rantau bujur
kabupaten banjar;kecamatan aranio;desa tiwingan baru
kabupaten banjar;kecamatan aranio;desa tiwingan lama
kabupaten banjar;kecamatan astambul;desa astambul kota
kabupaten banjar;kecamatan astambul;desa astambul seberang
kabupaten banjar;kecamatan astambul;desa banua anyar danau salak
kabupaten banjar;kecamatan astambul;desa banua anyar
kabupaten banjar;kecamatan astambul;desa danau salak
kabupaten banjar;kecamatan astambul;desa jati baru
kabupaten banjar;kecamatan astambul;desa kaliukan
kabupaten banjar;kecamatan astambul;desa kelampaian ilir
kabupaten banjar;kecamatan astambul;desa kelampaian tengah
kabupaten banjar;kecamatan astambul;desa kelampaian ulu
kabupaten banjar;kecamatan astambul;desa limamar
kabupaten banjar;kecamatan astambul;desa lok gabang
kabupaten banjar;kecamatan astambul;desa munggu raya
kabupaten banjar;kecamatan astambul;desa pasar jati
kabupaten banjar;kecamatan astambul;desa pematang hambawang
kabupaten banjar;kecamatan astambul;desa pingaran ilir
kabupaten banjar;kecamatan astambul;desa pingaran ulu
kabupaten banjar;kecamatan astambul;desa sungai alat
kabupaten banjar;kecamatan astambul;desa sungai tuan ilir
kabupaten banjar;kecamatan astambul;desa sungai tuan ulu
kabupaten banjar;kecamatan astambul;desa tambak danau
kabupaten banjar;kecamatan astambul;desa tambangan
kabupaten banjar;kecamatan beruntung baru;desa babirik
kabupaten banjar;kecamatan beruntung baru;desa handil purai
kabupaten banjar;kecamatan beruntung baru;desa haur kuning
kabupaten banjar;kecamatan beruntung baru;desa jambu burung
kabupaten banjar;kecamatan beruntung baru;desa jambu raya
kabupaten banjar;kecamatan beruntung baru;desa kampung baru
kabupaten banjar;kecamatan beruntung baru;desa lawahan
kabupaten banjar;kecamatan beruntung baru;desa muara halayung
kabupaten banjar;kecamatan beruntung baru;desa pindahan baru
kabupaten banjar;kecamatan beruntung baru;desa rumpiang
kabupaten banjar;kecamatan beruntung baru;desa selat makmur
kabupaten banjar;kecamatan beruntung baru;desa tambak padi
kabupaten banjar;kecamatan cintapuri darussalam;desa alalak padang
kabupaten banjar;kecamatan cintapuri darussalam;desa benua anyar
kabupaten banjar;kecamatan cintapuri darussalam;desa cinta puri
kabupaten banjar;kecamatan cintapuri darussalam;desa garis hanyar
kabupaten banjar;kecamatan cintapuri darussalam;desa karya makmur
kabupaten banjar;kecamatan cintapuri darussalam;desa keramat mina
kabupaten banjar;kecamatan cintapuri darussalam;desa makmur karya
kabupaten banjar;kecamatan cintapuri darussalam;desa simpang lima
kabupaten banjar;kecamatan cintapuri darussalam;desa sindang jaya
kabupaten banjar;kecamatan cintapuri darussalam;desa sumber sari
kabupaten banjar;kecamatan cintapuri darussalam;desa surian hanyar
kabupaten banjar;kecamatan gambut;desa banyu hirang
kabupaten banjar;kecamatan gambut;kelurahan gambut
kabupaten banjar;kecamatan gambut;kelurahan gambut barat
kabupaten banjar;kecamatan gambut;desa guntung papuyu
kabupaten banjar;kecamatan gambut;desa guntung ujung
kabupaten banjar;kecamatan gambut;desa kayu bawang
kabupaten banjar;kecamatan gambut;desa keladan baru
kabupaten banjar;kecamatan gambut;desa makmur
kabupaten banjar;kecamatan gambut;desa malintang
kabupaten banjar;kecamatan gambut;desa malintang baru
kabupaten banjar;kecamatan gambut;desa sungai kupang
kabupaten banjar;kecamatan gambut;desa tambak sirang baru
kabupaten banjar;kecamatan gambut;desa tambak sirang darat
kabupaten banjar;kecamatan gambut;desa tambak sirang laut
kabupaten banjar;kecamatan karang intan;desa abirau
kabupaten banjar;kecamatan karang intan;desa awang bangkal barat
kabupaten banjar;kecamatan karang intan;desa awang bangkal timur
kabupaten banjar;kecamatan karang intan;desa balau
kabupaten banjar;kecamatan karang intan;desa biih
kabupaten banjar;kecamatan karang intan;desa jingah habang ilir
kabupaten banjar;kecamatan karang intan;desa jingah habang ulu
kabupaten banjar;kecamatan karang intan;desa karang intan
kabupaten banjar;kecamatan karang intan;desa kiram
kabupaten banjar;kecamatan karang intan;desa lihung
kabupaten banjar;kecamatan karang intan;desa lok tangga
kabupaten banjar;kecamatan karang intan;desa mali mali
kabupaten banjar;kecamatan karang intan;desa mandiangin barat
kabupaten banjar;kecamatan karang intan;desa mandiangin timur
kabupaten banjar;kecamatan karang intan;desa mandikapau barat
kabupaten banjar;kecamatan karang intan;desa mandikapau timur
kabupaten banjar;kecamatan karang intan;desa padang panjang
kabupaten banjar;kecamatan karang intan;desa pandak daun
kabupaten banjar;kecamatan karang intan;desa pasar lama
kabupaten banjar;kecamatan karang intan;desa panyambaran
kabupaten banjar;kecamatan karang intan;desa pulau nyiur
kabupaten banjar;kecamatan karang intan;desa sungai alang
kabupaten banjar;kecamatan karang intan;desa sungai arfat
kabupaten banjar;kecamatan karang intan;desa sungai asam
kabupaten banjar;kecamatan karang intan;desa sungai besar
kabupaten banjar;kecamatan karang intan;desa sungai landas
kabupaten banjar;kecamatan kertak hanyar;desa banua hanyar
kabupaten banjar;kecamatan kertak hanyar;desa tatah belayung baru
kabupaten banjar;kecamatan kertak hanyar;kelurahan kertak hanyar i
kabupaten banjar;kecamatan kertak hanyar;desa kertak hanyar ii
kabupaten banjar;kecamatan kertak hanyar;desa manarap baru
kabupaten banjar;kecamatan kertak hanyar;kelurahan manarap lama
kabupaten banjar;kecamatan kertak hanyar;desa manarap tengah
kabupaten banjar;kecamatan kertak hanyar;kelurahan mandarsari
kabupaten banjar;kecamatan kertak hanyar;desa mekar raya
kabupaten banjar;kecamatan kertak hanyar;desa pasar kamis
kabupaten banjar;kecamatan kertak hanyar;desa simpang empat
kabupaten banjar;kecamatan kertak hanyar;desa sungai lakum
kabupaten banjar;kecamatan kertak hanyar;desa tatah pemangkih laut
kabupaten banjar;kecamatan martapura;desa bincau
kabupaten banjar;kecamatan martapura;desa bincau muara
kabupaten banjar;kecamatan martapura;desa cindai alus
kabupaten banjar;kecamatan martapura;desa indrasari
kabupaten banjar;kecamatan martapura;kelurahan jawa
kabupaten banjar;kecamatan martapura;desa jawa laut
kabupaten banjar;kecamatan martapura;kelurahan keraton
kabupaten banjar;kecamatan martapura;desa labuan tabu
kabupaten banjar;kecamatan martapura;desa murung kenanga
kabupaten banjar;kecamatan martapura;kelurahan murung keraton
kabupaten banjar;kecamatan martapura;kelurahan pasayangan
kabupaten banjar;kecamatan martapura;desa pasayangan barat
kabupaten banjar;kecamatan martapura;desa pasayangan selatan
kabupaten banjar;kecamatan martapura;desa pasayangan utara
kabupaten banjar;kecamatan martapura;kelurahan sekumpul
kabupaten banjar;kecamatan martapura;kelurahan sungai paring
kabupaten banjar;kecamatan martapura;desa sungai sipai
kabupaten banjar;kecamatan martapura;desa tambak baru
kabupaten banjar;kecamatan martapura;desa tambak baru ilir
kabupaten banjar;kecamatan martapura;desa tambak baru ulu
kabupaten banjar;kecamatan martapura;desa tanjung rema
kabupaten banjar;kecamatan martapura;kelurahan tanjung rema darat
kabupaten banjar;kecamatan martapura;desa tunggul irang
kabupaten banjar;kecamatan martapura;desa tunggul irang ilir
kabupaten banjar;kecamatan martapura;desa tunggul irang ulu
kabupaten banjar;kecamatan martapura;desa tungkaran
kabupaten banjar;kecamatan martapura barat;desa antasan sutun
kabupaten banjar;kecamatan martapura barat;desa keliling benteng tengah
kabupaten banjar;kecamatan martapura barat;desa keliling benteng ulu
kabupaten banjar;kecamatan martapura barat;desa penggalaman
kabupaten banjar;kecamatan martapura barat;desa sungai batang
kabupaten banjar;kecamatan martapura barat;desa sungai batang ilir
kabupaten banjar;kecamatan martapura barat;desa sungai rangas
kabupaten banjar;kecamatan martapura barat;desa sungai rangas hambuku
kabupaten banjar;kecamatan martapura barat;desa sungai rangas tengah
kabupaten banjar;kecamatan martapura barat;desa sungai rangas ulu
kabupaten banjar;kecamatan martapura barat;desa tangkas
kabupaten banjar;kecamatan martapura barat;desa teluk selong
kabupaten banjar;kecamatan martapura barat;desa teluk selong ulu
kabupaten banjar;kecamatan martapura timur;desa akar bagantung
kabupaten banjar;kecamatan martapura timur;desa akar baru
kabupaten banjar;kecamatan martapura timur;desa antasan senor
kabupaten banjar;kecamatan martapura timur;desa antasan senor ilir
kabupaten banjar;kecamatan martapura timur;desa dalam pagar
kabupaten banjar;kecamatan martapura timur;desa dalam pagar ulu
kabupaten banjar;kecamatan martapura timur;desa keramat
kabupaten banjar;kecamatan martapura timur;desa keramat baru
kabupaten banjar;kecamatan martapura timur;desa mekar
kabupaten banjar;kecamatan martapura timur;desa melayu ulu
kabupaten banjar;kecamatan martapura timur;desa melayu ilir
kabupaten banjar;kecamatan martapura timur;desa melayu tengah
kabupaten banjar;kecamatan martapura timur;desa pekauman
kabupaten banjar;kecamatan martapura timur;desa pekauman dalam
kabupaten banjar;kecamatan martapura timur;desa pekauman ulu
kabupaten banjar;kecamatan martapura timur;desa pematang baru
kabupaten banjar;kecamatan martapura timur;desa sungai kitano
kabupaten banjar;kecamatan martapura timur;desa tambak anyar
kabupaten banjar;kecamatan martapura timur;desa tambak anyar ilir
kabupaten banjar;kecamatan martapura timur;desa tambak anyar ulu
kabupaten banjar;kecamatan mataraman;desa baru
kabupaten banjar;kecamatan mataraman;desa bawahan pasar
kabupaten banjar;kecamatan mataraman;desa bawahan seberang
kabupaten banjar;kecamatan mataraman;desa bawahan selan
kabupaten banjar;kecamatan mataraman;desa gunung ulin
kabupaten banjar;kecamatan mataraman;desa lok tamu
kabupaten banjar;kecamatan mataraman;desa mangkalawat
kabupaten banjar;kecamatan mataraman;desa mataraman
kabupaten banjar;kecamatan mataraman;desa pasiraman
kabupaten banjar;kecamatan mataraman;desa pematang danau
kabupaten banjar;kecamatan mataraman;desa simpang tiga
kabupaten banjar;kecamatan mataraman;desa sungai jati
kabupaten banjar;kecamatan mataraman;desa surian
kabupaten banjar;kecamatan mataraman;desa takuti
kabupaten banjar;kecamatan mataraman;desa tanah abang
kabupaten banjar;kecamatan paramasan;desa angkipih
kabupaten banjar;kecamatan paramasan;desa paramasan atas
kabupaten banjar;kecamatan paramasan;desa paramasan bawah
kabupaten banjar;kecamatan paramasan;desa remo
kabupaten banjar;kecamatan pengaron;desa alimukim
kabupaten banjar;kecamatan pengaron;desa antaraku
kabupaten banjar;kecamatan pengaron;desa ati'im
kabupaten banjar;kecamatan pengaron;desa benteng
kabupaten banjar;kecamatan pengaron;desa kertak empat
kabupaten banjar;kecamatan pengaron;desa lobang baru
kabupaten banjar;kecamatan pengaron;desa lok tunggul
kabupaten banjar;kecamatan pengaron;desa lumpangi
kabupaten banjar;kecamatan pengaron;desa mangkauk
kabupaten banjar;kecamatan pengaron;desa maniapun
kabupaten banjar;kecamatan pengaron;desa panyiuran
kabupaten banjar;kecamatan pengaron;desa pengarom
kabupaten banjar;kecamatan sambung makmur;desa baliangin
kabupaten banjar;kecamatan sambung makmur;desa batang banyu
kabupaten banjar;kecamatan sambung makmur;desa batu tanam
kabupaten banjar;kecamatan sambung makmur;desa gunung batu
kabupaten banjar;kecamatan sambung makmur;desa madurejo
kabupaten banjar;kecamatan sambung makmur;desa pasar baru
kabupaten banjar;kecamatan sambung makmur;desa sungai lurus
kabupaten banjar;kecamatan simpang empat;desa batu balian
kabupaten banjar;kecamatan simpang empat;desa berkat mulya
kabupaten banjar;kecamatan simpang empat;desa cabi
kabupaten banjar;kecamatan simpang empat;desa lawiran
kabupaten banjar;kecamatan simpang empat;desa lok cantung
kabupaten banjar;kecamatan simpang empat;desa paku
kabupaten banjar;kecamatan simpang empat;desa paring tali
kabupaten banjar;kecamatan simpang empat;desa pasar lama
kabupaten banjar;kecamatan simpang empat;desa simpang empat
kabupaten banjar;kecamatan simpang empat;desa sungai langsat
kabupaten banjar;kecamatan simpang empat;desa sungai raya
kabupaten banjar;kecamatan simpang empat;desa sungai tabuk
kabupaten banjar;kecamatan simpang empat;desa sungkai
kabupaten banjar;kecamatan simpang empat;desa sungkai baru
kabupaten banjar;kecamatan simpang empat;desa tanah intan
kabupaten banjar;kecamatan sungai pinang;desa belimbing baru
kabupaten banjar;kecamatan sungai pinang;desa belimbing lama
kabupaten banjar;kecamatan sungai pinang;desa hakim makmur
kabupaten banjar;kecamatan sungai pinang;desa kahelaan
kabupaten banjar;kecamatan sungai pinang;desa kupang rejo
kabupaten banjar;kecamatan sungai pinang;desa pakutik
kabupaten banjar;kecamatan sungai pinang;desa rantau bakula
kabupaten banjar;kecamatan sungai pinang;desa rantau nangka
kabupaten banjar;kecamatan sungai pinang;desa sumber baru
kabupaten banjar;kecamatan sungai pinang;desa sumber harapan
kabupaten banjar;kecamatan sungai pinang;desa sungai pinang
kabupaten banjar;kecamatan sungai tabuk;desa abumbun jaya
kabupaten banjar;kecamatan sungai tabuk;desa gudang hirang
kabupaten banjar;kecamatan sungai tabuk;desa gudang tengah
kabupaten banjar;kecamatan sungai tabuk;desa keliling benteng ilir
kabupaten banjar;kecamatan sungai tabuk;desa lok baintan
kabupaten banjar;kecamatan sungai tabuk;desa lok baintan dalam
kabupaten banjar;kecamatan sungai tabuk;desa lok buntar
kabupaten banjar;kecamatan sungai tabuk;desa paku alam
kabupaten banjar;kecamatan sungai tabuk;desa pejambuan
kabupaten banjar;kecamatan sungai tabuk;desa pemakuan
kabupaten banjar;kecamatan sungai tabuk;desa pematang panjang
kabupaten banjar;kecamatan sungai tabuk;desa pembantanan
kabupaten banjar;kecamatan sungai tabuk;desa sungai bakung
kabupaten banjar;kecamatan sungai tabuk;desa sungai bangkal
kabupaten banjar;kecamatan sungai tabuk;kelurahan sungai lulut
kabupaten banjar;kecamatan sungai tabuk;desa sungai pinang baru
kabupaten banjar;kecamatan sungai tabuk;desa sungai pinang lama
kabupaten banjar;kecamatan sungai tabuk;desa sungai tabuk keramat
kabupaten banjar;kecamatan sungai tabuk;desa sungai tabuk kota
kabupaten banjar;kecamatan sungai tabuk;desa sungai tandipah
kabupaten banjar;kecamatan sungai tabuk;desa tajau landung
kabupaten banjar;kecamatan tatah makmur;desa bangkal tengah
kabupaten banjar;kecamatan tatah makmur;desa jaruju laut
kabupaten banjar;kecamatan tatah makmur;desa layap baru
kabupaten banjar;kecamatan tatah makmur;desa mekar sari
kabupaten banjar;kecamatan tatah makmur;desa pandan sari
kabupaten banjar;kecamatan tatah makmur;desa pemangkih baru
kabupaten banjar;kecamatan tatah makmur;desa pemangkih darat
kabupaten banjar;kecamatan tatah makmur;desa pemangkih tengah
kabupaten banjar;kecamatan tatah makmur;desa tampang awang
kabupaten banjar;kecamatan tatah makmur;desa tatah bangkal
kabupaten banjar;kecamatan tatah makmur;desa tatah jaruju
kabupaten banjar;kecamatan tatah makmur;desa tatah layap
kabupaten banjar;kecamatan tatah makmur;desa thaibah raya
kabupaten banjar;kecamatan telaga bauntung;desa lok tanah
kabupaten banjar;kecamatan telaga bauntung;desa rampah
kabupaten banjar;kecamatan telaga bauntung;desa rantau bujur
kabupaten banjar;kecamatan telaga bauntung;desa telaga baru
kabupaten Barito Kuala;kecamatan alalak;desa belandean
kabupaten Barito Kuala;kecamatan alalak;desa belandean muara
kabupaten Barito Kuala;kecamatan alalak;kelurahan berangas
kabupaten Barito Kuala;kecamatan alalak;kelurahan berangas barat
kabupaten Barito Kuala;kecamatan alalak;desa berangas timur
kabupaten Barito Kuala;kecamatan alalak;desa beringin
kabupaten Barito Kuala;kecamatan alalak;kelurahan handil bakti
kabupaten Barito Kuala;kecamatan alalak;desa panca karya
kabupaten Barito Kuala;kecamatan alalak;desa pulau alalak
kabupaten Barito Kuala;kecamatan alalak;desa pulau sewangi
kabupaten Barito Kuala;kecamatan alalak;desa pulau sugara
kabupaten Barito Kuala;kecamatan alalak;desa semangat bakti
kabupaten Barito Kuala;kecamatan alalak;desa semangat dalam
kabupaten Barito Kuala;kecamatan alalak;desa semangat karya
kabupaten Barito Kuala;kecamatan alalak;desa sungai lumbah
kabupaten Barito Kuala;kecamatan alalak;desa sungai pitung
kabupaten Barito Kuala;kecamatan alalak;desa tanjung harapan
kabupaten Barito Kuala;kecamatan alalak;desa tatah mesjid
kabupaten Barito Kuala;kecamatan anjir muara;desa anjir muara kota
kabupaten Barito Kuala;kecamatan anjir muara;desa anjir muara kota tengah
kabupaten Barito Kuala;kecamatan anjir muara;desa anjir muara lama
kabupaten Barito Kuala;kecamatan anjir muara;desa anjir serapat baru
kabupaten Barito Kuala;kecamatan anjir muara;desa anjir serapat baru i
kabupaten Barito Kuala;kecamatan anjir muara;desa anjir serapat lama
kabupaten Barito Kuala;kecamatan anjir muara;desa anjir serapat muara
kabupaten Barito Kuala;kecamatan anjir muara;desa anjir serapat muara i
kabupaten Barito Kuala;kecamatan anjir muara;desa beringin jaya
kabupaten Barito Kuala;kecamatan anjir muara;desa marabahan baru
kabupaten Barito Kuala;kecamatan anjir muara;desa patih muhur
kabupaten Barito Kuala;kecamatan anjir muara;desa patih muhur baru
kabupaten Barito Kuala;kecamatan anjir muara;desa sei punggu baru
kabupaten Barito Kuala;kecamatan anjir muara;desa sepakat barsama
kabupaten Barito Kuala;kecamatan anjir muara;desa sungai punggu
kabupaten Barito Kuala;kecamatan anjir pasar;desa andaman
kabupaten Barito Kuala;kecamatan anjir pasar;desa andaman ii
kabupaten Barito Kuala;kecamatan anjir pasar;desa anjir pasar kota
kabupaten Barito Kuala;kecamatan anjir pasar;desa anjir pasar kota ii
kabupaten Barito Kuala;kecamatan anjir pasar;desa anjir pasar lama
kabupaten Barito Kuala;kecamatan anjir pasar;desa anjir seberang pasar i
kabupaten Barito Kuala;kecamatan anjir pasar;desa anjir seberang pasar ii
kabupaten Barito Kuala;kecamatan anjir pasar;desa banyiur
kabupaten Barito Kuala;kecamatan anjir pasar;desa barunai baru
kabupaten Barito Kuala;kecamatan anjir pasar;desa danau karya
kabupaten Barito Kuala;kecamatan anjir pasar;desa gandaraya
kabupaten Barito Kuala;kecamatan anjir pasar;desa gandaria
kabupaten Barito Kuala;kecamatan anjir pasar;desa hilir mesjid
kabupaten Barito Kuala;kecamatan anjir pasar;desa mentaren
kabupaten Barito Kuala;kecamatan anjir pasar;desa pandan sari
kabupaten Barito Kuala;kecamatan bakumpai;desa bahalayung
kabupaten Barito Kuala;kecamatan bakumpai;desa balukung
kabupaten Barito Kuala;kecamatan bakumpai;desa banitan
kabupaten Barito Kuala;kecamatan bakumpai;desa banua anyar
kabupaten Barito Kuala;kecamatan bakumpai;desa batik
kabupaten Barito Kuala;kecamatan bakumpai;kelurahan lepasan
kabupaten Barito Kuala;kecamatan bakumpai;desa murung raya
kabupaten Barito Kuala;kecamatan bakumpai;desa palingkau
kabupaten Barito Kuala;kecamatan bakumpai;desa sungai selirik
kabupaten Barito Kuala;kecamatan barambai;desa bagagap
kabupaten Barito Kuala;kecamatan barambai;desa barambai
kabupaten Barito Kuala;kecamatan barambai;desa barambai karya tani
kabupaten Barito Kuala;kecamatan barambai;desa barambai kolam kanan
kabupaten Barito Kuala;kecamatan barambai;desa barambai kolam kiri
kabupaten Barito Kuala;kecamatan barambai;desa kolam kiri dalam
kabupaten Barito Kuala;kecamatan barambai;desa handil barabai
kabupaten Barito Kuala;kecamatan barambai;desa karya baru
kabupaten Barito Kuala;kecamatan barambai;desa pendalaman
kabupaten Barito Kuala;kecamatan barambai;desa pendalaman baru
kabupaten Barito Kuala;kecamatan barambai;desa sungai kali
kabupaten Barito Kuala;kecamatan belawang;desa bambangin
kabupaten Barito Kuala;kecamatan belawang;desa belawang
kabupaten Barito Kuala;kecamatan belawang;desa binaan baru
kabupaten Barito Kuala;kecamatan belawang;desa karang buah
kabupaten Barito Kuala;kecamatan belawang;desa karang dukuh
kabupaten Barito Kuala;kecamatan belawang;desa murung keramat
kabupaten Barito Kuala;kecamatan belawang;desa parimata
kabupaten Barito Kuala;kecamatan belawang;desa patih selera
kabupaten Barito Kuala;kecamatan belawang;desa rangga surya
kabupaten Barito Kuala;kecamatan belawang;desa samuda
kabupaten Barito Kuala;kecamatan belawang;desa sukaramai
kabupaten Barito Kuala;kecamatan belawang;desa sungai seluang
kabupaten Barito Kuala;kecamatan belawang;desa sungai seluang pasar
kabupaten Barito Kuala;kecamatan cerbon;desa badandan
kabupaten Barito Kuala;kecamatan cerbon;desa bantuil
kabupaten Barito Kuala;kecamatan cerbon;desa sawahan
kabupaten Barito Kuala;kecamatan cerbon;desa sungai raya
kabupaten Barito Kuala;kecamatan cerbon;desa sungai tunjang
kabupaten Barito Kuala;kecamatan cerbon;desa simpang nungki
kabupaten Barito Kuala;kecamatan cerbon;desa sungai kambat
kabupaten Barito Kuala;kecamatan cerbon;desa sungai rasau
kabupaten Barito Kuala;kecamatan jejangkit;desa bahandang
kabupaten Barito Kuala;kecamatan jejangkit;desa cahaya baru
kabupaten Barito Kuala;kecamatan jejangkit;desa jejangkit barat
kabupaten Barito Kuala;kecamatan jejangkit;desa jejangkit muara
kabupaten Barito Kuala;kecamatan jejangkit;desa jejangkit pasar
kabupaten Barito Kuala;kecamatan jejangkit;desa jejangkit timur
kabupaten Barito Kuala;kecamatan jejangkit;desa sampurna
kabupaten Barito Kuala;kecamatan kuripan;desa asia baru
kabupaten Barito Kuala;kecamatan kuripan;desa jambu
kabupaten Barito Kuala;kecamatan kuripan;desa jambu baru
kabupaten Barito Kuala;kecamatan kuripan;desa jarenang
kabupaten Barito Kuala;kecamatan kuripan;desa kabuau
kabupaten Barito Kuala;kecamatan kuripan;desa kuripan
kabupaten Barito Kuala;kecamatan kuripan;desa rimbun tulang
kabupaten Barito Kuala;kecamatan kuripan;desa tabatan
kabupaten Barito Kuala;kecamatan kuripan;desa tabatan baru
kabupaten Barito Kuala;kecamatan mandastana;desa antasan segera
kabupaten Barito Kuala;kecamatan mandastana;desa bangkit baru
kabupaten Barito Kuala;kecamatan mandastana;desa karang bunga
kabupaten Barito Kuala;kecamatan mandastana;desa karang indah
kabupaten Barito Kuala;kecamatan mandastana;desa lok rawa
kabupaten Barito Kuala;kecamatan mandastana;desa pantai hambawang
kabupaten Barito Kuala;kecamatan mandastana;desa puntik dalam
kabupaten Barito Kuala;kecamatan mandastana;desa puntik luar
kabupaten Barito Kuala;kecamatan mandastana;desa puntik tengah
kabupaten Barito Kuala;kecamatan mandastana;desa sungai ramania
kabupaten Barito Kuala;kecamatan mandastana;desa tabing rimbah
kabupaten Barito Kuala;kecamatan mandastana;desa tanipah
kabupaten Barito Kuala;kecamatan mandastana;desa tatah alayung
kabupaten Barito Kuala;kecamatan mandastana;desa terantang
kabupaten Barito Kuala;kecamatan marabahan;desa antar baru
kabupaten Barito Kuala;kecamatan marabahan;desa antar jaya
kabupaten Barito Kuala;kecamatan marabahan;desa antar raya
kabupaten Barito Kuala;kecamatan marabahan;desa bagus
kabupaten Barito Kuala;kecamatan marabahan;desa baliuk
kabupaten Barito Kuala;kecamatan marabahan;desa karya maju
kabupaten Barito Kuala;kecamatan marabahan;kelurahan marabahan kota
kabupaten Barito Kuala;kecamatan marabahan;desa penghulu
kabupaten Barito Kuala;kecamatan marabahan;desa sido makmur
kabupaten Barito Kuala;kecamatan marabahan;kelurahan ulu benteng
kabupaten Barito Kuala;kecamatan mekarsari;desa indah sari
kabupaten Barito Kuala;kecamatan mekarsari;desa jelapat ii
kabupaten Barito Kuala;kecamatan mekarsari;desa karang mekar
kabupaten Barito Kuala;kecamatan mekarsari;desa mekarsari
kabupaten Barito Kuala;kecamatan mekarsari;desa tamban raya
kabupaten Barito Kuala;kecamatan mekarsari;desa tamban raya baru
kabupaten Barito Kuala;kecamatan mekarsari;desa tinggiran baru
kabupaten Barito Kuala;kecamatan mekarsari;desa tinggiran darat
kabupaten Barito Kuala;kecamatan mekarsari;desa tinggiran tengah
kabupaten Barito Kuala;kecamatan rantau badauh;desa danda jaya
kabupaten Barito Kuala;kecamatan rantau badauh;desa pindahan baru
kabupaten Barito Kuala;kecamatan rantau badauh;desa simpang arja
kabupaten Barito Kuala;kecamatan rantau badauh;desa sinar baru
kabupaten Barito Kuala;kecamatan rantau badauh;desa sungai bamban
kabupaten Barito Kuala;kecamatan rantau badauh;desa sungai gampa
kabupaten Barito Kuala;kecamatan rantau badauh;desa sungai gampa asahi
kabupaten Barito Kuala;kecamatan rantau badauh;desa sungai pantai
kabupaten Barito Kuala;kecamatan rantau badauh;desa sungai sahurai
kabupaten Barito Kuala;kecamatan tabukan;desa bandar karya
kabupaten Barito Kuala;kecamatan tabukan;desa karya indah
kabupaten Barito Kuala;kecamatan tabukan;desa karya jadi
kabupaten Barito Kuala;kecamatan tabukan;desa karya makmur
kabupaten Barito Kuala;kecamatan tabukan;desa muara pulau
kabupaten Barito Kuala;kecamatan tabukan;desa pantang baru
kabupaten Barito Kuala;kecamatan tabukan;desa pantang raya
kabupaten Barito Kuala;kecamatan tabukan;desa rantau bamban
kabupaten Barito Kuala;kecamatan tabukan;desa tabukan raya
kabupaten Barito Kuala;kecamatan tabukan;desa tamba jaya
kabupaten Barito Kuala;kecamatan tabukan;desa teluk tamba
kabupaten Barito Kuala;kecamatan tabunganen;desa beringin kencana
kabupaten Barito Kuala;kecamatan tabunganen;desa karya baru
kabupaten Barito Kuala;kecamatan tabunganen;desa kuala lupak
kabupaten Barito Kuala;kecamatan tabunganen;desa sungai telan muara
kabupaten Barito Kuala;kecamatan tabunganen;desa sungai teras luar
kabupaten Barito Kuala;kecamatan tabunganen;desa sungai jingah besar
kabupaten Barito Kuala;kecamatan tabunganen;desa sungai telan besar
kabupaten Barito Kuala;kecamatan tabunganen;desa sungai telan kecil
kabupaten Barito Kuala;kecamatan tabunganen;desa sungai teras dalam
kabupaten Barito Kuala;kecamatan tabunganen;desa tabunganen kecil
kabupaten Barito Kuala;kecamatan tabunganen;desa tabunganen muara
kabupaten Barito Kuala;kecamatan tabunganen;desa tabunganen perumus
kabupaten Barito Kuala;kecamatan tabunganen;desa tabunganen tengah
kabupaten Barito Kuala;kecamatan tabunganen;desa tanggul rejo
kabupaten Barito Kuala;kecamatan tamban;desa damsari
kabupaten Barito Kuala;kecamatan tamban;desa jelapat baru
kabupaten Barito Kuala;kecamatan tamban;desa jelapat i
kabupaten Barito Kuala;kecamatan tamban;desa koanda
kabupaten Barito Kuala;kecamatan tamban;desa purwosari baru
kabupaten Barito Kuala;kecamatan tamban;desa purwosari i
kabupaten Barito Kuala;kecamatan tamban;desa purwosari ii
kabupaten Barito Kuala;kecamatan tamban;desa sekata baru
kabupaten Barito Kuala;kecamatan tamban;desa sidorejo
kabupaten Barito Kuala;kecamatan tamban;desa tamban bangun
kabupaten Barito Kuala;kecamatan tamban;desa tamban bangun baru
kabupaten Barito Kuala;kecamatan tamban;desa tamban kecil
kabupaten Barito Kuala;kecamatan tamban;desa tamban muara
kabupaten Barito Kuala;kecamatan tamban;desa tamban muara baru
kabupaten Barito Kuala;kecamatan tamban;desa tamban sari baru
kabupaten Barito Kuala;kecamatan tamban;desa tinggiran ii luar
kabupaten Barito Kuala;kecamatan wanaraya;desa babat raya
kabupaten Barito Kuala;kecamatan wanaraya;desa dwipasari
kabupaten Barito Kuala;kecamatan wanaraya;desa kolam kanan
kabupaten Barito Kuala;kecamatan wanaraya;desa kolam kiri
kabupaten Barito Kuala;kecamatan wanaraya;desa kolam makmur
kabupaten Barito Kuala;kecamatan wanaraya;desa pinang habang
kabupaten Barito Kuala;kecamatan wanaraya;desa roham raya
kabupaten Barito Kuala;kecamatan wanaraya;desa sidomulyo
kabupaten Barito Kuala;kecamatan wanaraya;desa simpang jaya
kabupaten Barito Kuala;kecamatan wanaraya;desa sumber rahayu
kabupaten Barito Kuala;kecamatan wanaraya;desa surya kanta
kabupaten Barito Kuala;kecamatan wanaraya;desa tumih
kabupaten Barito Kuala;kecamatan wanaraya;desa waringin kencana
kabupaten Hulu Sungai Selatan;kecamatan angkinang;desa angkinang
kabupaten Hulu Sungai Selatan;kecamatan angkinang;desa angkinang selatan
kabupaten Hulu Sungai Selatan;kecamatan angkinang;desa bakarung
kabupaten Hulu Sungai Selatan;kecamatan angkinang;desa bamban
kabupaten Hulu Sungai Selatan;kecamatan angkinang;desa bamban selatan
kabupaten Hulu Sungai Selatan;kecamatan angkinang;desa bamban utara
kabupaten Hulu Sungai Selatan;kecamatan angkinang;desa kayu abang
kabupaten Hulu Sungai Selatan;kecamatan angkinang;desa taniran kubah
kabupaten Hulu Sungai Selatan;kecamatan angkinang;desa taniran selatan
kabupaten Hulu Sungai Selatan;kecamatan angkinang;desa tawia
kabupaten Hulu Sungai Selatan;kecamatan angkinang;desa telaga sili sili
kabupaten Hulu Sungai Selatan;kecamatan daha barat;desa badaun
kabupaten Hulu Sungai Selatan;kecamatan daha barat;desa bajayau
kabupaten Hulu Sungai Selatan;kecamatan daha barat;desa bajayau lama
kabupaten Hulu Sungai Selatan;kecamatan daha barat;desa bajayau tengah
kabupaten Hulu Sungai Selatan;kecamatan daha barat;desa baru
kabupaten Hulu Sungai Selatan;kecamatan daha barat;desa siang gantung
kabupaten Hulu Sungai Selatan;kecamatan daha barat;desa tanjung selor
kabupaten Hulu Sungai Selatan;kecamatan daha selatan;desa banjarbaru
kabupaten Hulu Sungai Selatan;kecamatan daha selatan;desa banua hanyar
kabupaten Hulu Sungai Selatan;kecamatan daha selatan;desa baruh jaya
kabupaten Hulu Sungai Selatan;kecamatan daha selatan;desa bayanan
kabupaten Hulu Sungai Selatan;kecamatan daha selatan;desa habirau
kabupaten Hulu Sungai Selatan;kecamatan daha selatan;desa habirau tengah
kabupaten Hulu Sungai Selatan;kecamatan daha selatan;desa muning baru
kabupaten Hulu Sungai Selatan;kecamatan daha selatan;desa muning dalam
kabupaten Hulu Sungai Selatan;kecamatan daha selatan;desa muning tengah
kabupaten Hulu Sungai Selatan;kecamatan daha selatan;desa pandan sari
kabupaten Hulu Sungai Selatan;kecamatan daha selatan;desa parigi
kabupaten Hulu Sungai Selatan;kecamatan daha selatan;desa pihanin raya
kabupaten Hulu Sungai Selatan;kecamatan daha selatan;desa samuda
kabupaten Hulu Sungai Selatan;kecamatan daha selatan;desa sungai pinang
kabupaten Hulu Sungai Selatan;kecamatan daha selatan;desa tambangan
kabupaten Hulu Sungai Selatan;kecamatan daha selatan;desa tumbukan banyu
kabupaten Hulu Sungai Selatan;kecamatan daha utara;desa balah paikat
kabupaten Hulu Sungai Selatan;kecamatan daha utara;desa baruh kembang
kabupaten Hulu Sungai Selatan;kecamatan daha utara;desa hakurung
kabupaten Hulu Sungai Selatan;kecamatan daha utara;desa hamayung
kabupaten Hulu Sungai Selatan;kecamatan daha utara;desa hamayung utara
kabupaten Hulu Sungai Selatan;kecamatan daha utara;desa mandala murung masjid
kabupaten Hulu Sungai Selatan;kecamatan daha utara;desa murung raya
kabupaten Hulu Sungai Selatan;kecamatan daha utara;desa paharangan
kabupaten Hulu Sungai Selatan;kecamatan daha utara;desa pakan dalam
kabupaten Hulu Sungai Selatan;kecamatan daha utara;desa pakapuran kecil
kabupaten Hulu Sungai Selatan;kecamatan daha utara;desa pandak daun
kabupaten Hulu Sungai Selatan;kecamatan daha utara;desa panggandingan
kabupaten Hulu Sungai Selatan;kecamatan daha utara;desa paramaian
kabupaten Hulu Sungai Selatan;kecamatan daha utara;desa pasungkan
kabupaten Hulu Sungai Selatan;kecamatan daha utara;desa sungai garuda
kabupaten Hulu Sungai Selatan;kecamatan daha utara;desa sungai mandala
kabupaten Hulu Sungai Selatan;kecamatan daha utara;desa tambak bitin
kabupaten Hulu Sungai Selatan;kecamatan daha utara;desa taluk haur
kabupaten Hulu Sungai Selatan;kecamatan daha utara;desa teluk labak
kabupaten Hulu Sungai Selatan;kecamatan kalumpang;desa bago tanggul
kabupaten Hulu Sungai Selatan;kecamatan kalumpang;desa balanti
kabupaten Hulu Sungai Selatan;kecamatan kalumpang;desa balimau
kabupaten Hulu Sungai Selatan;kecamatan kalumpang;desa kalumpang
kabupaten Hulu Sungai Selatan;kecamatan kalumpang;desa karang bulan
kabupaten Hulu Sungai Selatan;kecamatan kalumpang;desa karang paci
kabupaten Hulu Sungai Selatan;kecamatan kalumpang;desa sirih
kabupaten Hulu Sungai Selatan;kecamatan kalumpang;desa sirih hulu
kabupaten Hulu Sungai Selatan;kecamatan kalumpang;desa tambingkar
kabupaten Hulu Sungai Selatan;kecamatan kandangan;desa amawang kanan
kabupaten Hulu Sungai Selatan;kecamatan kandangan;desa amawang kiri
kabupaten Hulu Sungai Selatan;kecamatan kandangan;desa amawang kiri muka
kabupaten Hulu Sungai Selatan;kecamatan kandangan;desa baluti
kabupaten Hulu Sungai Selatan;kecamatan kandangan;desa bangkau
kabupaten Hulu Sungai Selatan;kecamatan kandangan;desa bariang
kabupaten Hulu Sungai Selatan;kecamatan kandangan;desa gambah dalam
kabupaten Hulu Sungai Selatan;kecamatan kandangan;desa gambah dalam barat
kabupaten Hulu Sungai Selatan;kecamatan kandangan;desa gambah luar
kabupaten Hulu Sungai Selatan;kecamatan kandangan;desa gambah luar muka
kabupaten Hulu Sungai Selatan;kecamatan kandangan;kelurahan jambu hilir
kabupaten Hulu Sungai Selatan;kecamatan kandangan;kelurahan kandangan barat
kabupaten Hulu Sungai Selatan;kecamatan kandangan;kelurahan kandangan kota
kabupaten Hulu Sungai Selatan;kecamatan kandangan;kelurahan kandangan utara
kabupaten Hulu Sungai Selatan;kecamatan kandangan;desa lungau
kabupaten Hulu Sungai Selatan;kecamatan kandangan;desa sungai kupang
kabupaten Hulu Sungai Selatan;kecamatan kandangan;desa sungai paring
kabupaten Hulu Sungai Selatan;kecamatan kandangan;desa tibung raya
kabupaten Hulu Sungai Selatan;kecamatan loksado;desa halunuk
kabupaten Hulu Sungai Selatan;kecamatan loksado;desa haratai
kabupaten Hulu Sungai Selatan;kecamatan loksado;desa hulu banyu
kabupaten Hulu Sungai Selatan;kecamatan loksado;desa kamawakan
kabupaten Hulu Sungai Selatan;kecamatan loksado;desa lok lahung
kabupaten Hulu Sungai Selatan;kecamatan loksado;desa loksado
kabupaten Hulu Sungai Selatan;kecamatan loksado;desa lumpangi
kabupaten Hulu Sungai Selatan;kecamatan loksado;desa malinau
kabupaten Hulu Sungai Selatan;kecamatan loksado;desa panggungan
kabupaten Hulu Sungai Selatan;kecamatan loksado;desa tumingki
kabupaten Hulu Sungai Selatan;kecamatan loksado;desa ulang
kabupaten Hulu Sungai Selatan;kecamatan padang batung;desa batu bini
kabupaten Hulu Sungai Selatan;kecamatan padang batung;desa batu laki
kabupaten Hulu Sungai Selatan;kecamatan padang batung;desa durian rabung
kabupaten Hulu Sungai Selatan;kecamatan padang batung;desa jambu hulu
kabupaten Hulu Sungai Selatan;kecamatan padang batung;desa jelatang
kabupaten Hulu Sungai Selatan;kecamatan padang batung;desa jembatan merah
kabupaten Hulu Sungai Selatan;kecamatan padang batung;desa kaliring
kabupaten Hulu Sungai Selatan;kecamatan padang batung;desa karang jawa
kabupaten Hulu Sungai Selatan;kecamatan padang batung;desa karang jawa muka
kabupaten Hulu Sungai Selatan;kecamatan padang batung;desa madang
kabupaten Hulu Sungai Selatan;kecamatan padang batung;desa malilingin
kabupaten Hulu Sungai Selatan;kecamatan padang batung;desa malutu
kabupaten Hulu Sungai Selatan;kecamatan padang batung;desa mawangi
kabupaten Hulu Sungai Selatan;kecamatan padang batung;desa padang batung
kabupaten Hulu Sungai Selatan;kecamatan padang batung;desa pahampangan
kabupaten Hulu Sungai Selatan;kecamatan padang batung;desa pandulangan
kabupaten Hulu Sungai Selatan;kecamatan padang batung;desa tabihi
kabupaten Hulu Sungai Selatan;kecamatan simpur;desa amparaya
kabupaten Hulu Sungai Selatan;kecamatan simpur;desa garunggang
kabupaten Hulu Sungai Selatan;kecamatan simpur;desa kapuh
kabupaten Hulu Sungai Selatan;kecamatan simpur;desa panjampang bahagia
kabupaten Hulu Sungai Selatan;kecamatan simpur;desa pantai ulin
kabupaten Hulu Sungai Selatan;kecamatan simpur;desa simpur
kabupaten Hulu Sungai Selatan;kecamatan simpur;desa tebing tinggi
kabupaten Hulu Sungai Selatan;kecamatan simpur;desa ulin
kabupaten Hulu Sungai Selatan;kecamatan simpur;desa wasah hilir
kabupaten Hulu Sungai Selatan;kecamatan simpur;desa wasah hulu
kabupaten Hulu Sungai Selatan;kecamatan simpur;desa wasah tengah
kabupaten Hulu Sungai Selatan;kecamatan sungai raya;desa asam
kabupaten Hulu Sungai Selatan;kecamatan sungai raya;desa baru
kabupaten Hulu Sungai Selatan;kecamatan sungai raya;desa batang kulur kanan
kabupaten Hulu Sungai Selatan;kecamatan sungai raya;desa batang kulur kiri
kabupaten Hulu Sungai Selatan;kecamatan sungai raya;desa batang kulur tengah
kabupaten Hulu Sungai Selatan;kecamatan sungai raya;desa bumi berkat
kabupaten Hulu Sungai Selatan;kecamatan sungai raya;desa hamalau
kabupaten Hulu Sungai Selatan;kecamatan sungai raya;desa hariti
kabupaten Hulu Sungai Selatan;kecamatan sungai raya;desa ida manggala
kabupaten Hulu Sungai Selatan;kecamatan sungai raya;desa karasikan
kabupaten Hulu Sungai Selatan;kecamatan sungai raya;desa paring agung
kabupaten Hulu Sungai Selatan;kecamatan sungai raya;desa sarang halang
kabupaten Hulu Sungai Selatan;kecamatan sungai raya;desa sungai kali
kabupaten Hulu Sungai Selatan;kecamatan sungai raya;desa sungai raya selatan
kabupaten Hulu Sungai Selatan;kecamatan sungai raya;desa sungai raya utara
kabupaten Hulu Sungai Selatan;kecamatan sungai raya;desa tamiyang
kabupaten Hulu Sungai Selatan;kecamatan sungai raya;desa tanah bangkang
kabupaten Hulu Sungai Selatan;kecamatan sungai raya;desa telaga bidadari
kabupaten Hulu Sungai Selatan;kecamatan telaga langsat;desa ambutun
kabupaten Hulu Sungai Selatan;kecamatan telaga langsat;desa gumbil
kabupaten Hulu Sungai Selatan;kecamatan telaga langsat;desa hamak
kabupaten Hulu Sungai Selatan;kecamatan telaga langsat;desa hamak timur
kabupaten Hulu Sungai Selatan;kecamatan telaga langsat;desa hamak utara
kabupaten Hulu Sungai Selatan;kecamatan telaga langsat;desa lokbinuang
kabupaten Hulu Sungai Selatan;kecamatan telaga langsat;desa longawang
kabupaten Hulu Sungai Selatan;kecamatan telaga langsat;desa mandala
kabupaten Hulu Sungai Selatan;kecamatan telaga langsat;desa pakuan timur
kabupaten Hulu Sungai Selatan;kecamatan telaga langsat;desa pandulangan
kabupaten Hulu Sungai Selatan;kecamatan telaga langsat;desa telaga langsat
kabupaten Hulu Sungai Tengah;kecamatan barabai;desa awang besar
kabupaten Hulu Sungai Tengah;kecamatan barabai;desa ayuang
kabupaten Hulu Sungai Tengah;kecamatan barabai;desa babai
kabupaten Hulu Sungai Tengah;kecamatan barabai;desa bakapas
kabupaten Hulu Sungai Tengah;kecamatan barabai;desa banua binjai
kabupaten Hulu Sungai Tengah;kecamatan barabai;desa banua budi
kabupaten Hulu Sungai Tengah;kecamatan barabai;desa banua jingah
kabupaten Hulu Sungai Tengah;kecamatan barabai;kelurahan barabai barat
kabupaten Hulu Sungai Tengah;kecamatan barabai;kelurahan barabai darat
kabupaten Hulu Sungai Tengah;kecamatan barabai;kelurahan barabai selatan
kabupaten Hulu Sungai Tengah;kecamatan barabai;kelurahan barabai timur
kabupaten Hulu Sungai Tengah;kecamatan barabai;kelurahan barabai utara
kabupaten Hulu Sungai Tengah;kecamatan barabai;desa benawa tengah
kabupaten Hulu Sungai Tengah;kecamatan barabai;kelurahan bukat
kabupaten Hulu Sungai Tengah;kecamatan barabai;desa gambah
kabupaten Hulu Sungai Tengah;kecamatan barabai;desa kayu bawang
kabupaten Hulu Sungai Tengah;kecamatan barabai;desa mandingin
kabupaten Hulu Sungai Tengah;kecamatan barabai;desa pajukungan
kabupaten Hulu Sungai Tengah;kecamatan batang alai selatan;desa anduhum
kabupaten Hulu Sungai Tengah;kecamatan batang alai selatan;desa banua rantau
kabupaten Hulu Sungai Tengah;kecamatan batang alai selatan;kelurahan birayang
kabupaten Hulu Sungai Tengah;kecamatan batang alai selatan;desa birayang surapati
kabupaten Hulu Sungai Tengah;kecamatan batang alai selatan;desa birayang timur
kabupaten Hulu Sungai Tengah;kecamatan batang alai selatan;desa cukan lipai
kabupaten Hulu Sungai Tengah;kecamatan batang alai selatan;desa kapar
kabupaten Hulu Sungai Tengah;kecamatan batang alai selatan;desa kias
kabupaten Hulu Sungai Tengah;kecamatan batang alai selatan;desa labuhan
kabupaten Hulu Sungai Tengah;kecamatan batang alai selatan;desa limbar
kabupaten Hulu Sungai Tengah;kecamatan batang alai selatan;desa lok basar
kabupaten Hulu Sungai Tengah;kecamatan batang alai selatan;desa lunjuk
kabupaten Hulu Sungai Tengah;kecamatan batang alai selatan;desa mahela
kabupaten Hulu Sungai Tengah;kecamatan batang alai selatan;desa paya
kabupaten Hulu Sungai Tengah;kecamatan batang alai selatan;desa rangas
kabupaten Hulu Sungai Tengah;kecamatan batang alai selatan;desa tanah habang
kabupaten Hulu Sungai Tengah;kecamatan batang alai selatan;desa tembok bahalang
kabupaten Hulu Sungai Tengah;kecamatan batang alai selatan;desa wawai
kabupaten Hulu Sungai Tengah;kecamatan batang alai selatan;desa wawai gardu
kabupaten Hulu Sungai Tengah;kecamatan batang alai timur;desa aing bantai
kabupaten Hulu Sungai Tengah;kecamatan batang alai timur;desa atiran
kabupaten Hulu Sungai Tengah;kecamatan batang alai timur;desa batu perahu
kabupaten Hulu Sungai Tengah;kecamatan batang alai timur;desa batu tangga
kabupaten Hulu Sungai Tengah;kecamatan batang alai timur;desa datar batung
kabupaten Hulu Sungai Tengah;kecamatan batang alai timur;desa hinas kiri
kabupaten Hulu Sungai Tengah;kecamatan batang alai timur;desa juhu
kabupaten Hulu Sungai Tengah;kecamatan batang alai timur;desa muara hungi
kabupaten Hulu Sungai Tengah;kecamatan batang alai timur;desa nateh
kabupaten Hulu Sungai Tengah;kecamatan batang alai timur;desa pembakulan
kabupaten Hulu Sungai Tengah;kecamatan batang alai timur;desa tandilang
kabupaten Hulu Sungai Tengah;kecamatan batang alai utara;desa awang
kabupaten Hulu Sungai Tengah;kecamatan batang alai utara;desa awang baru
kabupaten Hulu Sungai Tengah;kecamatan batang alai utara;desa dangu
kabupaten Hulu Sungai Tengah;kecamatan batang alai utara;desa hapingin
kabupaten Hulu Sungai Tengah;kecamatan batang alai utara;desa haur gading
kabupaten Hulu Sungai Tengah;kecamatan batang alai utara;desa ilung
kabupaten Hulu Sungai Tengah;kecamatan batang alai utara;desa ilung pasar lama
kabupaten Hulu Sungai Tengah;kecamatan batang alai utara;desa ilung tengah
kabupaten Hulu Sungai Tengah;kecamatan batang alai utara;desa labunganak
kabupaten Hulu Sungai Tengah;kecamatan batang alai utara;desa maringgit
kabupaten Hulu Sungai Tengah;kecamatan batang alai utara;desa muara rintis
kabupaten Hulu Sungai Tengah;kecamatan batang alai utara;desa sumanggi
kabupaten Hulu Sungai Tengah;kecamatan batang alai utara;desa sumanggi seberang
kabupaten Hulu Sungai Tengah;kecamatan batang alai utara;desa telang
kabupaten Hulu Sungai Tengah;kecamatan batu benawa;desa aluan
kabupaten Hulu Sungai Tengah;kecamatan batu benawa;desa aluan besar
kabupaten Hulu Sungai Tengah;kecamatan batu benawa;desa aluan mati
kabupaten Hulu Sungai Tengah;kecamatan batu benawa;desa aluan sumur
kabupaten Hulu Sungai Tengah;kecamatan batu benawa;desa bakti
kabupaten Hulu Sungai Tengah;kecamatan batu benawa;desa baru
kabupaten Hulu Sungai Tengah;kecamatan batu benawa;desa haliau
kabupaten Hulu Sungai Tengah;kecamatan batu benawa;desa kahakan
kabupaten Hulu Sungai Tengah;kecamatan batu benawa;desa kalibaru
kabupaten Hulu Sungai Tengah;kecamatan batu benawa;desa layuh
kabupaten Hulu Sungai Tengah;kecamatan batu benawa;desa murung a
kabupaten Hulu Sungai Tengah;kecamatan batu benawa;desa pagat
kabupaten Hulu Sungai Tengah;kecamatan batu benawa;desa pantai batung
kabupaten Hulu Sungai Tengah;kecamatan batu benawa;desa paya besar
kabupaten Hulu Sungai Tengah;kecamatan hantakan;desa alat
kabupaten Hulu Sungai Tengah;kecamatan hantakan;desa batu tunggal
kabupaten Hulu Sungai Tengah;kecamatan hantakan;desa bulayak
kabupaten Hulu Sungai Tengah;kecamatan hantakan;desa datar ajab
kabupaten Hulu Sungai Tengah;kecamatan hantakan;desa hantakan
kabupaten Hulu Sungai Tengah;kecamatan hantakan;desa haruyan dayak
kabupaten Hulu Sungai Tengah;kecamatan hantakan;desa hinas kanan
kabupaten Hulu Sungai Tengah;kecamatan hantakan;desa kindingan
kabupaten Hulu Sungai Tengah;kecamatan hantakan;desa murung b
kabupaten Hulu Sungai Tengah;kecamatan hantakan;desa pasting
kabupaten Hulu Sungai Tengah;kecamatan hantakan;desa patikalain
kabupaten Hulu Sungai Tengah;kecamatan hantakan;desa tilahan
kabupaten Hulu Sungai Tengah;kecamatan haruyan;desa andang
kabupaten Hulu Sungai Tengah;kecamatan haruyan;desa barikin
kabupaten Hulu Sungai Tengah;kecamatan haruyan;desa batu panggung
kabupaten Hulu Sungai Tengah;kecamatan haruyan;desa hapulang
kabupaten Hulu Sungai Tengah;kecamatan haruyan;desa haruyan
kabupaten Hulu Sungai Tengah;kecamatan haruyan;desa haruyan seberang
kabupaten Hulu Sungai Tengah;kecamatan haruyan;desa lok buntar
kabupaten Hulu Sungai Tengah;kecamatan haruyan;desa mangunang
kabupaten Hulu Sungai Tengah;kecamatan haruyan;desa mangunang seberang
kabupaten Hulu Sungai Tengah;kecamatan haruyan;desa pandanu
kabupaten Hulu Sungai Tengah;kecamatan haruyan;desa panggung
kabupaten Hulu Sungai Tengah;kecamatan haruyan;desa pengambau hilir dalam
kabupaten Hulu Sungai Tengah;kecamatan haruyan;desa pengambau hilir luar
kabupaten Hulu Sungai Tengah;kecamatan haruyan;desa pengambau hulu
kabupaten Hulu Sungai Tengah;kecamatan haruyan;desa sungai harang
kabupaten Hulu Sungai Tengah;kecamatan haruyan;desa tabat padang
kabupaten Hulu Sungai Tengah;kecamatan haruyan;desa teluk mesjid
kabupaten Hulu Sungai Tengah;kecamatan labuan amas selatan;desa bangkal
kabupaten Hulu Sungai Tengah;kecamatan labuan amas selatan;desa banua kepayang
kabupaten Hulu Sungai Tengah;kecamatan labuan amas selatan;desa batang bahalang
kabupaten Hulu Sungai Tengah;kecamatan labuan amas selatan;desa durian gantang
kabupaten Hulu Sungai Tengah;kecamatan labuan amas selatan;desa guha
kabupaten Hulu Sungai Tengah;kecamatan labuan amas selatan;desa jamil
kabupaten Hulu Sungai Tengah;kecamatan labuan amas selatan;desa mahang baru
kabupaten Hulu Sungai Tengah;kecamatan labuan amas selatan;desa mundar
kabupaten Hulu Sungai Tengah;kecamatan labuan amas selatan;desa murung taal
kabupaten Hulu Sungai Tengah;kecamatan labuan amas selatan;desa panggang marak
kabupaten Hulu Sungai Tengah;kecamatan labuan amas selatan;kelurahan pantai hambawang barat
kabupaten Hulu Sungai Tengah;kecamatan labuan amas selatan;desa pantai hambawang timur
kabupaten Hulu Sungai Tengah;kecamatan labuan amas selatan;desa sungai jaranih
kabupaten Hulu Sungai Tengah;kecamatan labuan amas selatan;desa sungai rangas
kabupaten Hulu Sungai Tengah;kecamatan labuan amas selatan;desa taal
kabupaten Hulu Sungai Tengah;kecamatan labuan amas selatan;desa tabu darat hilir
kabupaten Hulu Sungai Tengah;kecamatan labuan amas selatan;desa tabu darat hulu
kabupaten Hulu Sungai Tengah;kecamatan labuan amas selatan;desa taras padang
kabupaten Hulu Sungai Tengah;kecamatan labuan amas utara;desa banua kupang
kabupaten Hulu Sungai Tengah;kecamatan labuan amas utara;desa binjai pemangkih
kabupaten Hulu Sungai Tengah;kecamatan labuan amas utara;desa binjai pirua
kabupaten Hulu Sungai Tengah;kecamatan labuan amas utara;desa kadundung
kabupaten Hulu Sungai Tengah;kecamatan labuan amas utara;desa kasarangan
kabupaten Hulu Sungai Tengah;kecamatan labuan amas utara;desa mantaas
kabupaten Hulu Sungai Tengah;kecamatan labuan amas utara;desa pahalatan
kabupaten Hulu Sungai Tengah;kecamatan labuan amas utara;desa perumahan
kabupaten Hulu Sungai Tengah;kecamatan labuan amas utara;desa pemangkih
kabupaten Hulu Sungai Tengah;kecamatan labuan amas utara;desa pemangkih seberang
kabupaten Hulu Sungai Tengah;kecamatan labuan amas utara;desa rantau bujur
kabupaten Hulu Sungai Tengah;kecamatan labuan amas utara;desa rantau keminting
kabupaten Hulu Sungai Tengah;kecamatan labuan amas utara;desa samhurang
kabupaten Hulu Sungai Tengah;kecamatan labuan amas utara;desa sungai buluh
kabupaten Hulu Sungai Tengah;kecamatan labuan amas utara;desa tabat
kabupaten Hulu Sungai Tengah;kecamatan labuan amas utara;desa tungkup
kabupaten Hulu Sungai Tengah;kecamatan limpasu;desa abung
kabupaten Hulu Sungai Tengah;kecamatan limpasu;desa abung surapati
kabupaten Hulu Sungai Tengah;kecamatan limpasu;desa hawang
kabupaten Hulu Sungai Tengah;kecamatan limpasu;desa kabang
kabupaten Hulu Sungai Tengah;kecamatan limpasu;desa karatungan
kabupaten Hulu Sungai Tengah;kecamatan limpasu;desa karau
kabupaten Hulu Sungai Tengah;kecamatan limpasu;desa limpasu
kabupaten Hulu Sungai Tengah;kecamatan limpasu;desa pauh
kabupaten Hulu Sungai Tengah;kecamatan limpasu;desa tapuk
kabupaten Hulu Sungai Tengah;kecamatan pandawan;desa banua asam
kabupaten Hulu Sungai Tengah;kecamatan pandawan;desa banua batung
kabupaten Hulu Sungai Tengah;kecamatan pandawan;desa banua hanyar
kabupaten Hulu Sungai Tengah;kecamatan pandawan;desa banua supanggal
kabupaten Hulu Sungai Tengah;kecamatan pandawan;desa buluan
kabupaten Hulu Sungai Tengah;kecamatan pandawan;desa hilir banua
kabupaten Hulu Sungai Tengah;kecamatan pandawan;desa hulu rasau
kabupaten Hulu Sungai Tengah;kecamatan pandawan;desa jaranih
kabupaten Hulu Sungai Tengah;kecamatan pandawan;desa jatuh
kabupaten Hulu Sungai Tengah;kecamatan pandawan;desa kambat selatan
kabupaten Hulu Sungai Tengah;kecamatan pandawan;desa kambat utara
kabupaten Hulu Sungai Tengah;kecamatan pandawan;desa kayu rabah
kabupaten Hulu Sungai Tengah;kecamatan pandawan;desa mahang matang landung
kabupaten Hulu Sungai Tengah;kecamatan pandawan;desa mahang putat
kabupaten Hulu Sungai Tengah;kecamatan pandawan;desa mahang sungai hanyar
kabupaten Hulu Sungai Tengah;kecamatan pandawan;desa masiraan
kabupaten Hulu Sungai Tengah;kecamatan pandawan;desa matang ginalun
kabupaten Hulu Sungai Tengah;kecamatan pandawan;desa palajau
kabupaten Hulu Sungai Tengah;kecamatan pandawan;desa pandawan
kabupaten Hulu Sungai Tengah;kecamatan pandawan;desa setiap
kabupaten Hulu Sungai Tengah;kecamatan pandawan;desa walatung
kabupaten Hulu Sungai Utara;kecamatan amuntai selatan;desa bajawit
kabupaten Hulu Sungai Utara;kecamatan amuntai selatan;desa banyu hirang
kabupaten Hulu Sungai Utara;kecamatan amuntai selatan;desa cangkering
kabupaten Hulu Sungai Utara;kecamatan amuntai selatan;desa cempaka
kabupaten Hulu Sungai Utara;kecamatan amuntai selatan;desa harusan telaga
kabupaten Hulu Sungai Utara;kecamatan amuntai selatan;desa ilir mesjid
kabupaten Hulu Sungai Utara;kecamatan amuntai selatan;desa jarang kuantan
kabupaten Hulu Sungai Utara;kecamatan amuntai selatan;desa jumba
kabupaten Hulu Sungai Utara;kecamatan amuntai selatan;desa kayakah
kabupaten Hulu Sungai Utara;kecamatan amuntai selatan;desa keramat
kabupaten Hulu Sungai Utara;kecamatan amuntai selatan;desa kota raja
kabupaten Hulu Sungai Utara;kecamatan amuntai selatan;desa kutai kecil
kabupaten Hulu Sungai Utara;kecamatan amuntai selatan;desa mamar
kabupaten Hulu Sungai Utara;kecamatan amuntai selatan;desa murung panggang
kabupaten Hulu Sungai Utara;kecamatan amuntai selatan;desa murung sari
kabupaten Hulu Sungai Utara;kecamatan amuntai selatan;desa padang darat
kabupaten Hulu Sungai Utara;kecamatan amuntai selatan;desa padang tanggul
kabupaten Hulu Sungai Utara;kecamatan amuntai selatan;desa panyiuran
kabupaten Hulu Sungai Utara;kecamatan amuntai selatan;desa pulau tambak
kabupaten Hulu Sungai Utara;kecamatan amuntai selatan;desa rukam hilir
kabupaten Hulu Sungai Utara;kecamatan amuntai selatan;desa rukam hulu
kabupaten Hulu Sungai Utara;kecamatan amuntai selatan;desa simpang empat
kabupaten Hulu Sungai Utara;kecamatan amuntai selatan;desa simpang tiga
kabupaten Hulu Sungai Utara;kecamatan amuntai selatan;desa telaga hanyar
kabupaten Hulu Sungai Utara;kecamatan amuntai selatan;desa telaga sari
kabupaten Hulu Sungai Utara;kecamatan amuntai selatan;desa telaga silaba
kabupaten Hulu Sungai Utara;kecamatan amuntai selatan;desa teluk baru
kabupaten Hulu Sungai Utara;kecamatan amuntai selatan;desa teluk paring
kabupaten Hulu Sungai Utara;kecamatan amuntai selatan;desa teluk sari
kabupaten Hulu Sungai Utara;kecamatan amuntai selatan;desa ujung murung
kabupaten Hulu Sungai Utara;kecamatan amuntai tengah;kelurahan antasari
kabupaten Hulu Sungai Utara;kecamatan amuntai tengah;desa danau cermin
kabupaten Hulu Sungai Utara;kecamatan amuntai tengah;desa datu kuning
kabupaten Hulu Sungai Utara;kecamatan amuntai tengah;desa harus
kabupaten Hulu Sungai Utara;kecamatan amuntai tengah;desa harusan
kabupaten Hulu Sungai Utara;kecamatan amuntai tengah;desa hulu pasar
kabupaten Hulu Sungai Utara;kecamatan amuntai tengah;desa kandang halang
kabupaten Hulu Sungai Utara;kecamatan amuntai tengah;kelurahan kebun sari
kabupaten Hulu Sungai Utara;kecamatan amuntai tengah;desa kembang kuning
kabupaten Hulu Sungai Utara;kecamatan amuntai tengah;desa kota raden hilir
kabupaten Hulu Sungai Utara;kecamatan amuntai tengah;desa kota raden hulu
kabupaten Hulu Sungai Utara;kecamatan amuntai tengah;desa mawar sari
kabupaten Hulu Sungai Utara;kecamatan amuntai tengah;desa muara tapus
kabupaten Hulu Sungai Utara;kecamatan amuntai tengah;kelurahan murung sari
kabupaten Hulu Sungai Utara;kecamatan amuntai tengah;desa palampitan hilir
kabupaten Hulu Sungai Utara;kecamatan amuntai tengah;desa palampitan hulu
kabupaten Hulu Sungai Utara;kecamatan amuntai tengah;kelurahan paliwara
kabupaten Hulu Sungai Utara;kecamatan amuntai tengah;desa pasar senin
kabupaten Hulu Sungai Utara;kecamatan amuntai tengah;desa pinang habang
kabupaten Hulu Sungai Utara;kecamatan amuntai tengah;desa pinangkara
kabupaten Hulu Sungai Utara;kecamatan amuntai tengah;desa rantawan
kabupaten Hulu Sungai Utara;kecamatan amuntai tengah;desa sungai baring
kabupaten Hulu Sungai Utara;kecamatan amuntai tengah;desa sungai karias
kabupaten Hulu Sungai Utara;kecamatan amuntai tengah;kelurahan sungai malang
kabupaten Hulu Sungai Utara;kecamatan amuntai tengah;desa tambalangan
kabupaten Hulu Sungai Utara;kecamatan amuntai tengah;desa tangga ulin hilir
kabupaten Hulu Sungai Utara;kecamatan amuntai tengah;desa tangga ulin hulu
kabupaten Hulu Sungai Utara;kecamatan amuntai tengah;desa tapus
kabupaten Hulu Sungai Utara;kecamatan amuntai tengah;desa tigarun
kabupaten Hulu Sungai Utara;kecamatan amuntai utara;desa air tawar
kabupaten Hulu Sungai Utara;kecamatan amuntai utara;desa cakeru
kabupaten Hulu Sungai Utara;kecamatan amuntai utara;desa guntung
kabupaten Hulu Sungai Utara;kecamatan amuntai utara;desa kamayahan
kabupaten Hulu Sungai Utara;kecamatan amuntai utara;desa kuangan
kabupaten Hulu Sungai Utara;kecamatan amuntai utara;desa muara baruh
kabupaten Hulu Sungai Utara;kecamatan amuntai utara;desa murung karangan
kabupaten Hulu Sungai Utara;kecamatan amuntai utara;desa padang basar
kabupaten Hulu Sungai Utara;kecamatan amuntai utara;desa padang basar hilir
kabupaten Hulu Sungai Utara;kecamatan amuntai utara;desa padang luar
kabupaten Hulu Sungai Utara;kecamatan amuntai utara;desa pakacangan
kabupaten Hulu Sungai Utara;kecamatan amuntai utara;desa pakapuran
kabupaten Hulu Sungai Utara;kecamatan amuntai utara;desa pamintangan
kabupaten Hulu Sungai Utara;kecamatan amuntai utara;desa panangian
kabupaten Hulu Sungai Utara;kecamatan amuntai utara;desa panangkalaan
kabupaten Hulu Sungai Utara;kecamatan amuntai utara;desa panangkalaan hulu
kabupaten Hulu Sungai Utara;kecamatan amuntai utara;desa pandawanan
kabupaten Hulu Sungai Utara;kecamatan amuntai utara;desa panyaungan
kabupaten Hulu Sungai Utara;kecamatan amuntai utara;desa pimping
kabupaten Hulu Sungai Utara;kecamatan amuntai utara;desa sungai turak
kabupaten Hulu Sungai Utara;kecamatan amuntai utara;desa sungai turak dalam
kabupaten Hulu Sungai Utara;kecamatan amuntai utara;desa tabalong mati
kabupaten Hulu Sungai Utara;kecamatan amuntai utara;desa tabing liring
kabupaten Hulu Sungai Utara;kecamatan amuntai utara;desa tayur
kabupaten Hulu Sungai Utara;kecamatan amuntai utara;desa telaga bamban
kabupaten Hulu Sungai Utara;kecamatan amuntai utara;desa teluk daun
kabupaten Hulu Sungai Utara;kecamatan babirik;desa babirik hilir
kabupaten Hulu Sungai Utara;kecamatan babirik;desa babirik hulu
kabupaten Hulu Sungai Utara;kecamatan babirik;desa hambuku baru
kabupaten Hulu Sungai Utara;kecamatan babirik;desa hambuku hilir
kabupaten Hulu Sungai Utara;kecamatan babirik;desa hambuku lima
kabupaten Hulu Sungai Utara;kecamatan babirik;desa kalumpang dalam
kabupaten Hulu Sungai Utara;kecamatan babirik;desa kalumpang luar
kabupaten Hulu Sungai Utara;kecamatan babirik;desa murung kupang
kabupaten Hulu Sungai Utara;kecamatan babirik;desa murung panti hilir
kabupaten Hulu Sungai Utara;kecamatan babirik;desa murung panti hulu
kabupaten Hulu Sungai Utara;kecamatan babirik;desa pajukungan hilir
kabupaten Hulu Sungai Utara;kecamatan babirik;desa pajukungan hulu
kabupaten Hulu Sungai Utara;kecamatan babirik;desa parupukan
kabupaten Hulu Sungai Utara;kecamatan babirik;desa sungai dalam
kabupaten Hulu Sungai Utara;kecamatan babirik;desa sungai durait hilir
kabupaten Hulu Sungai Utara;kecamatan babirik;desa sungai durait hulu
kabupaten Hulu Sungai Utara;kecamatan babirik;desa sungai durait tengah
kabupaten Hulu Sungai Utara;kecamatan babirik;desa sungai janjam
kabupaten Hulu Sungai Utara;kecamatan babirik;desa sungai luang hilir
kabupaten Hulu Sungai Utara;kecamatan babirik;desa sungai luang hulu
kabupaten Hulu Sungai Utara;kecamatan babirik;desa sungai nyiur
kabupaten Hulu Sungai Utara;kecamatan babirik;desa sungai papuyu
kabupaten Hulu Sungai Utara;kecamatan babirik;desa teluk limbung
kabupaten Hulu Sungai Utara;kecamatan banjang;desa banjang
kabupaten Hulu Sungai Utara;kecamatan banjang;desa baruh tabing
kabupaten Hulu Sungai Utara;kecamatan banjang;desa beringin
kabupaten Hulu Sungai Utara;kecamatan banjang;desa danau terati
kabupaten Hulu Sungai Utara;kecamatan banjang;desa garunggang
kabupaten Hulu Sungai Utara;kecamatan banjang;desa kalintamui
kabupaten Hulu Sungai Utara;kecamatan banjang;desa kaludan besar
kabupaten Hulu Sungai Utara;kecamatan banjang;desa kaludan kecil
kabupaten Hulu Sungai Utara;kecamatan banjang;desa karias dalam
kabupaten Hulu Sungai Utara;kecamatan banjang;desa lok bangkai
kabupaten Hulu Sungai Utara;kecamatan banjang;desa murung padang
kabupaten Hulu Sungai Utara;kecamatan banjang;desa pandulangan
kabupaten Hulu Sungai Utara;kecamatan banjang;desa patarikan
kabupaten Hulu Sungai Utara;kecamatan banjang;desa pawalutan
kabupaten Hulu Sungai Utara;kecamatan banjang;desa pelanjungan sari
kabupaten Hulu Sungai Utara;kecamatan banjang;desa pulau damar
kabupaten Hulu Sungai Utara;kecamatan banjang;desa rantau bujur
kabupaten Hulu Sungai Utara;kecamatan banjang;desa sungai bahadangan
kabupaten Hulu Sungai Utara;kecamatan banjang;desa teluk buluh
kabupaten Hulu Sungai Utara;kecamatan banjang;desa teluk sarikat
kabupaten Hulu Sungai Utara;kecamatan danau panggang;desa baru
kabupaten Hulu Sungai Utara;kecamatan danau panggang;desa bitin
kabupaten Hulu Sungai Utara;kecamatan danau panggang;desa danau panggang
kabupaten Hulu Sungai Utara;kecamatan danau panggang;desa darussalam
kabupaten Hulu Sungai Utara;kecamatan danau panggang;desa longkong
kabupaten Hulu Sungai Utara;kecamatan danau panggang;desa manarap
kabupaten Hulu Sungai Utara;kecamatan danau panggang;desa manarap hulu
kabupaten Hulu Sungai Utara;kecamatan danau panggang;desa palukahan
kabupaten Hulu Sungai Utara;kecamatan danau panggang;desa pandamaan
kabupaten Hulu Sungai Utara;kecamatan danau panggang;desa pararain
kabupaten Hulu Sungai Utara;kecamatan danau panggang;desa rintisan
kabupaten Hulu Sungai Utara;kecamatan danau panggang;desa sarang burung
kabupaten Hulu Sungai Utara;kecamatan danau panggang;desa sungai namang
kabupaten Hulu Sungai Utara;kecamatan danau panggang;desa sungai panangah
kabupaten Hulu Sungai Utara;kecamatan danau panggang;desa telaga mas
kabupaten Hulu Sungai Utara;kecamatan danau panggang;desa teluk mesjid
kabupaten Hulu Sungai Utara;kecamatan haur gading;desa bayur
kabupaten Hulu Sungai Utara;kecamatan haur gading;desa haur gading
kabupaten Hulu Sungai Utara;kecamatan haur gading;desa jingah bujur
kabupaten Hulu Sungai Utara;kecamatan haur gading;desa keramat
kabupaten Hulu Sungai Utara;kecamatan haur gading;desa lok suga
kabupaten Hulu Sungai Utara;kecamatan haur gading;desa palimbang sari
kabupaten Hulu Sungai Utara;kecamatan haur gading;desa palimbangan
kabupaten Hulu Sungai Utara;kecamatan haur gading;desa palimbangan gusti
kabupaten Hulu Sungai Utara;kecamatan haur gading;desa panawakan
kabupaten Hulu Sungai Utara;kecamatan haur gading;desa pihaung
kabupaten Hulu Sungai Utara;kecamatan haur gading;desa pulantani
kabupaten Hulu Sungai Utara;kecamatan haur gading;desa sungai binuang
kabupaten Hulu Sungai Utara;kecamatan haur gading;desa sungai limas
kabupaten Hulu Sungai Utara;kecamatan haur gading;desa tambak sari panji
kabupaten Hulu Sungai Utara;kecamatan haur gading;desa tangkawang
kabupaten Hulu Sungai Utara;kecamatan haur gading;desa teluk haur
kabupaten Hulu Sungai Utara;kecamatan haur gading;desa tuhuran
kabupaten Hulu Sungai Utara;kecamatan haur gading;desa waringin
kabupaten Hulu Sungai Utara;kecamatan paminggir;desa ambahai
kabupaten Hulu Sungai Utara;kecamatan paminggir;desa bararawa
kabupaten Hulu Sungai Utara;kecamatan paminggir;desa pal batu
kabupaten Hulu Sungai Utara;kecamatan paminggir;desa paminggir
kabupaten Hulu Sungai Utara;kecamatan paminggir;desa paminggir seberang
kabupaten Hulu Sungai Utara;kecamatan paminggir;desa sapala
kabupaten Hulu Sungai Utara;kecamatan paminggir;desa tampakang
kabupaten Hulu Sungai Utara;kecamatan sungai pandan;desa banyu tajun dalam
kabupaten Hulu Sungai Utara;kecamatan sungai pandan;desa banyu tajun hilir
kabupaten Hulu Sungai Utara;kecamatan sungai pandan;desa banyu tajun hulu
kabupaten Hulu Sungai Utara;kecamatan sungai pandan;desa banyu tajun pangkalan
kabupaten Hulu Sungai Utara;kecamatan sungai pandan;desa hambuku hulu
kabupaten Hulu Sungai Utara;kecamatan sungai pandan;desa hambuku pasar
kabupaten Hulu Sungai Utara;kecamatan sungai pandan;desa hambuku raya
kabupaten Hulu Sungai Utara;kecamatan sungai pandan;desa hambuku tengah
kabupaten Hulu Sungai Utara;kecamatan sungai pandan;desa jalan lurus
kabupaten Hulu Sungai Utara;kecamatan sungai pandan;desa murung asam
kabupaten Hulu Sungai Utara;kecamatan sungai pandan;desa padang bangkal
kabupaten Hulu Sungai Utara;kecamatan sungai pandan;desa pandulangan
kabupaten Hulu Sungai Utara;kecamatan sungai pandan;desa pangkalan sari
kabupaten Hulu Sungai Utara;kecamatan sungai pandan;desa pondok babaris
kabupaten Hulu Sungai Utara;kecamatan sungai pandan;desa putat atas
kabupaten Hulu Sungai Utara;kecamatan sungai pandan;desa rantau karau hilir
kabupaten Hulu Sungai Utara;kecamatan sungai pandan;desa rantau karau hulu
kabupaten Hulu Sungai Utara;kecamatan sungai pandan;desa rantau karau raya
kabupaten Hulu Sungai Utara;kecamatan sungai pandan;desa rantau karau tengah
kabupaten Hulu Sungai Utara;kecamatan sungai pandan;desa sungai kuini
kabupaten Hulu Sungai Utara;kecamatan sungai pandan;desa sungai pandan hilir
kabupaten Hulu Sungai Utara;kecamatan sungai pandan;desa sungai pandan hulu
kabupaten Hulu Sungai Utara;kecamatan sungai pandan;desa sungai pandan tengah
kabupaten Hulu Sungai Utara;kecamatan sungai pandan;desa sungai pinang
kabupaten Hulu Sungai Utara;kecamatan sungai pandan;desa sungai sandung
kabupaten Hulu Sungai Utara;kecamatan sungai pandan;desa tambalang
kabupaten Hulu Sungai Utara;kecamatan sungai pandan;desa tambalang kecil
kabupaten Hulu Sungai Utara;kecamatan sungai pandan;desa tambalang tengah
kabupaten Hulu Sungai Utara;kecamatan sungai pandan;desa tapus dalam
kabupaten Hulu Sungai Utara;kecamatan sungai pandan;desa tatah laban
kabupaten Hulu Sungai Utara;kecamatan sungai pandan;desa teluk betung
kabupaten Hulu Sungai Utara;kecamatan sungai pandan;desa teluk mesjid
kabupaten Hulu Sungai Utara;kecamatan sungai pandan;desa teluk sinar
kabupaten Hulu Sungai Utara;kecamatan sungai tabukan;desa banua hanyar
kabupaten Hulu Sungai Utara;kecamatan sungai tabukan;desa galagah
kabupaten Hulu Sungai Utara;kecamatan sungai tabukan;desa galagah hulu
kabupaten Hulu Sungai Utara;kecamatan sungai tabukan;desa gampa raya
kabupaten Hulu Sungai Utara;kecamatan sungai tabukan;desa hilir mesjid
kabupaten Hulu Sungai Utara;kecamatan sungai tabukan;desa nelayan
kabupaten Hulu Sungai Utara;kecamatan sungai tabukan;desa pasar sabtu
kabupaten Hulu Sungai Utara;kecamatan sungai tabukan;desa pematang benteng
kabupaten Hulu Sungai Utara;kecamatan sungai tabukan;desa pematang benteng hilir
kabupaten Hulu Sungai Utara;kecamatan sungai tabukan;desa rantau bujur darat
kabupaten Hulu Sungai Utara;kecamatan sungai tabukan;desa rantau bujur hilir
kabupaten Hulu Sungai Utara;kecamatan sungai tabukan;desa rantau bujur hulu
kabupaten Hulu Sungai Utara;kecamatan sungai tabukan;desa rantau bujur tengah
kabupaten Hulu Sungai Utara;kecamatan sungai tabukan;desa sungai haji
kabupaten Hulu Sungai Utara;kecamatan sungai tabukan;desa sungai tabukan
kabupaten Hulu Sungai Utara;kecamatan sungai tabukan;desa tambalang raya
kabupaten Hulu Sungai Utara;kecamatan sungai tabukan;desa teluk cati
kota banjarbaru;kecamatan banjarbaru selatan;kelurahan guntung paikat
kota banjarbaru;kecamatan banjarbaru selatan;kelurahan kemuning
kota banjarbaru;kecamatan banjarbaru selatan;kelurahan loktabat selatan
kota banjarbaru;kecamatan banjarbaru selatan;kelurahan sungai besar
kota banjarbaru;kecamatan banjarbaru utara;kelurahan komet
kota banjarbaru;kecamatan banjarbaru utara;kelurahan loktabat utara
kota banjarbaru;kecamatan banjarbaru utara;kelurahan mentaos
kota banjarbaru;kecamatan banjarbaru utara;kelurahan sungai ulin
kota banjarbaru;kecamatan cempaka;kelurahan bangkal
kota banjarbaru;kecamatan cempaka;kelurahan cempaka
kota banjarbaru;kecamatan cempaka;kelurahan palam
kota banjarbaru;kecamatan cempaka;kelurahan sungai tiung
kota banjarbaru;kecamatan landasan ulin;kelurahan guntung manggis
kota banjarbaru;kecamatan landasan ulin;kelurahan guntung payung
kota banjarbaru;kecamatan landasan ulin;kelurahan landasan ulin timur
kota banjarbaru;kecamatan landasan ulin;kelurahan syamsudin noor
kota banjarbaru;kecamatan liang anggang;kelurahan landasan ulin barat
kota banjarbaru;kecamatan liang anggang;kelurahan landasan ulin selatan
kota banjarbaru;kecamatan liang anggang;kelurahan landasan ulin tengah
kota banjarbaru;kecamatan liang anggang;kelurahan landasan ulin utara
kota banjarmasin;kecamatan banjarmasin barat;kelurahan basirih
kota banjarmasin;kecamatan banjarmasin barat;kelurahan belitung selatan
kota banjarmasin;kecamatan banjarmasin barat;kelurahan belitung utara
kota banjarmasin;kecamatan banjarmasin barat;kelurahan kuin cerucuk
kota banjarmasin;kecamatan banjarmasin barat;kelurahan kuin selatan
kota banjarmasin;kecamatan banjarmasin barat;kelurahan pelambuan
kota banjarmasin;kecamatan banjarmasin barat;kelurahan telaga biru
kota banjarmasin;kecamatan banjarmasin barat;kelurahan telawang
kota banjarmasin;kecamatan banjarmasin barat;kelurahan teluk tiram
kota banjarmasin;kecamatan banjarmasin selatan;kelurahan basirih selatan
kota banjarmasin;kecamatan banjarmasin selatan;kelurahan kelayan barat
kota banjarmasin;kecamatan banjarmasin selatan;kelurahan kelayan dalam
kota banjarmasin;kecamatan banjarmasin selatan;kelurahan kelayan selatan
kota banjarmasin;kecamatan banjarmasin selatan;kelurahan kelayan tengah
kota banjarmasin;kecamatan banjarmasin selatan;kelurahan kelayan timur
kota banjarmasin;kecamatan banjarmasin selatan;kelurahan mantuil
kota banjarmasin;kecamatan banjarmasin selatan;kelurahan murung raya
kota banjarmasin;kecamatan banjarmasin selatan;kelurahan pekauman
kota banjarmasin;kecamatan banjarmasin selatan;kelurahan pemurus baru
kota banjarmasin;kecamatan banjarmasin selatan;kelurahan pemurus dalam
kota banjarmasin;kecamatan banjarmasin selatan;kelurahan tanjung pagar
kota banjarmasin;kecamatan banjarmasin tengah;kelurahan antasan besar
kota banjarmasin;kecamatan banjarmasin tengah;kelurahan gadang
kota banjarmasin;kecamatan banjarmasin tengah;kelurahan kelayan luar
kota banjarmasin;kecamatan banjarmasin tengah;kelurahan kertak baru ilir
kota banjarmasin;kecamatan banjarmasin tengah;kelurahan kertak baru ulu
kota banjarmasin;kecamatan banjarmasin tengah;kelurahan mawar
kota banjarmasin;kecamatan banjarmasin tengah;kelurahan melayu
kota banjarmasin;kecamatan banjarmasin tengah;kelurahan pasar lama
kota banjarmasin;kecamatan banjarmasin tengah;kelurahan pekapuran laut
kota banjarmasin;kecamatan banjarmasin tengah;kelurahan seberang mesjid
kota banjarmasin;kecamatan banjarmasin tengah;kelurahan sungai baru
kota banjarmasin;kecamatan banjarmasin tengah;kelurahan teluk dalam
kota banjarmasin;kecamatan banjarmasin timur;kelurahan banua anyar
kota banjarmasin;kecamatan banjarmasin timur;kelurahan karang mekar
kota banjarmasin;kecamatan banjarmasin timur;kelurahan kebun bunga
kota banjarmasin;kecamatan banjarmasin timur;kelurahan kuripan
kota banjarmasin;kecamatan banjarmasin timur;kelurahan pekapuran raya
kota banjarmasin;kecamatan banjarmasin timur;kelurahan pemurus luar
kota banjarmasin;kecamatan banjarmasin timur;kelurahan pengambangan
kota banjarmasin;kecamatan banjarmasin timur;kelurahan sungai bilu
kota banjarmasin;kecamatan banjarmasin timur;kelurahan sungai lulut
kota banjarmasin;kecamatan banjarmasin utara;kelurahan alalak selatan
kota banjarmasin;kecamatan banjarmasin utara;kelurahan alalak tengah
kota banjarmasin;kecamatan banjarmasin utara;kelurahan alalak utara
kota banjarmasin;kecamatan banjarmasin utara;kelurahan antasan kecil timur
kota banjarmasin;kecamatan banjarmasin utara;kelurahan kuin utara
kota banjarmasin;kecamatan banjarmasin utara;kelurahan pangeran
kota banjarmasin;kecamatan banjarmasin utara;kelurahan sungai andai
kota banjarmasin;kecamatan banjarmasin utara;kelurahan sungai jingah
kota banjarmasin;kecamatan banjarmasin utara;kelurahan sungai miai
kota banjarmasin;kecamatan banjarmasin utara;kelurahan surgi mufti
kabupaten kotabaru;kecamatan hampang;desa cantung kanan
kabupaten kotabaru;kecamatan hampang;desa cantung kiri hulu
kabupaten kotabaru;kecamatan hampang;desa hampang
kabupaten kotabaru;kecamatan hampang;desa hulu sampanahan
kabupaten kotabaru;kecamatan hampang;desa lalapin
kabupaten kotabaru;kecamatan hampang;desa limbungan
kabupaten kotabaru;kecamatan hampang;desa limbur
kabupaten kotabaru;kecamatan hampang;desa muara urie
kabupaten kotabaru;kecamatan hampang;desa peramasan dua kali sanga
kabupaten kotabaru;kecamatan kelumpang barat;desa batang kulur
kabupaten kotabaru;kecamatan kelumpang barat;desa bungkukan
kabupaten kotabaru;kecamatan kelumpang barat;desa magalau hilir
kabupaten kotabaru;kecamatan kelumpang barat;desa magalau hulu
kabupaten kotabaru;kecamatan kelumpang barat;desa siayuh
kabupaten kotabaru;kecamatan kelumpang barat;desa tanjung sari
kabupaten kotabaru;kecamatan kelumpang hilir;desa langadai
kabupaten kotabaru;kecamatan kelumpang hilir;desa mandala
kabupaten kotabaru;kecamatan kelumpang hilir;desa pelajau baru
kabupaten kotabaru;kecamatan kelumpang hilir;desa pulau panci
kabupaten kotabaru;kecamatan kelumpang hilir;desa sahapi
kabupaten kotabaru;kecamatan kelumpang hilir;desa serongga
kabupaten kotabaru;kecamatan kelumpang hilir;desa tarjun
kabupaten kotabaru;kecamatan kelumpang hilir;desa tegal rejo
kabupaten kotabaru;kecamatan kelumpang hilir;desa telaga sari
kabupaten kotabaru;kecamatan kelumpang hulu;desa bangkalaan dayak
kabupaten kotabaru;kecamatan kelumpang hulu;desa bangkalaan melayu
kabupaten kotabaru;kecamatan kelumpang hulu;desa banua lawas
kabupaten kotabaru;kecamatan kelumpang hulu;desa cantung kiri hilir
kabupaten kotabaru;kecamatan kelumpang hulu;desa karang liwar
kabupaten kotabaru;kecamatan kelumpang hulu;desa karang payau
kabupaten kotabaru;kecamatan kelumpang hulu;desa laburan
kabupaten kotabaru;kecamatan kelumpang hulu;desa mangkirana
kabupaten kotabaru;kecamatan kelumpang hulu;desa sidomulyo
kabupaten kotabaru;kecamatan kelumpang hulu;desa sungai kupang
kabupaten kotabaru;kecamatan kelumpang selatan;desa bumi asih
kabupaten kotabaru;kecamatan kelumpang selatan;desa pantai
kabupaten kotabaru;kecamatan kelumpang selatan;desa pantai baru
kabupaten kotabaru;kecamatan kelumpang selatan;desa pembelacanan
kabupaten kotabaru;kecamatan kelumpang selatan;desa sangking baru
kabupaten kotabaru;kecamatan kelumpang selatan;desa suka maju
kabupaten kotabaru;kecamatan kelumpang selatan;desa sungai kupang jaya
kabupaten kotabaru;kecamatan kelumpang selatan;desa sungai nipah
kabupaten kotabaru;kecamatan kelumpang selatan;desa tanjung pangga
kabupaten kotabaru;kecamatan kelumpang tengah;desa geronggang
kabupaten kotabaru;kecamatan kelumpang tengah;desa sang sang
kabupaten kotabaru;kecamatan kelumpang tengah;desa sebuli
kabupaten kotabaru;kecamatan kelumpang tengah;desa sembilang
kabupaten kotabaru;kecamatan kelumpang tengah;desa senakin
kabupaten kotabaru;kecamatan kelumpang tengah;desa senakin seberang
kabupaten kotabaru;kecamatan kelumpang tengah;desa sungai pinang
kabupaten kotabaru;kecamatan kelumpang tengah;desa sungai punggawa
kabupaten kotabaru;kecamatan kelumpang tengah;desa tamiang bakung
kabupaten kotabaru;kecamatan kelumpang tengah;desa tanah rata
kabupaten kotabaru;kecamatan kelumpang tengah;desa tanjung batu
kabupaten kotabaru;kecamatan kelumpang tengah;desa tanjung selayar
kabupaten kotabaru;kecamatan kelumpang tengah;desa tebing tinggi
kabupaten kotabaru;kecamatan kelumpang utara;desa mangga
kabupaten kotabaru;kecamatan kelumpang utara;desa pudi
kabupaten kotabaru;kecamatan kelumpang utara;desa pudi seberang
kabupaten kotabaru;kecamatan kelumpang utara;desa sulangkit
kabupaten kotabaru;kecamatan kelumpang utara;desa sungai hanyar
kabupaten kotabaru;kecamatan kelumpang utara;desa sungai seluang
kabupaten kotabaru;kecamatan kelumpang utara;desa wilas
kabupaten kotabaru;kecamatan pamukan barat;desa batuah
kabupaten kotabaru;kecamatan pamukan barat;desa mangka
kabupaten kotabaru;kecamatan pamukan barat;desa marga jaya
kabupaten kotabaru;kecamatan pamukan barat;desa mayang sari
kabupaten kotabaru;kecamatan pamukan barat;desa sengayam
kabupaten kotabaru;kecamatan pamukan selatan;desa gunung calang
kabupaten kotabaru;kecamatan pamukan selatan;desa mulyodadi
kabupaten kotabaru;kecamatan pamukan selatan;desa pondok labu
kabupaten kotabaru;kecamatan pamukan selatan;desa rampa cengal
kabupaten kotabaru;kecamatan pamukan selatan;desa sakadoyan
kabupaten kotabaru;kecamatan pamukan selatan;desa sakalimau
kabupaten kotabaru;kecamatan pamukan selatan;desa sekandis
kabupaten kotabaru;kecamatan pamukan selatan;desa sesulung
kabupaten kotabaru;kecamatan pamukan selatan;desa sukadana
kabupaten kotabaru;kecamatan pamukan selatan;desa talusi
kabupaten kotabaru;kecamatan pamukan selatan;desa tanjung samalantakan
kabupaten kotabaru;kecamatan pamukan utara;desa bakau
kabupaten kotabaru;kecamatan pamukan utara;desa balaimea
kabupaten kotabaru;kecamatan pamukan utara;desa bepara
kabupaten kotabaru;kecamatan pamukan utara;desa betung
kabupaten kotabaru;kecamatan pamukan utara;desa binturung
kabupaten kotabaru;kecamatan pamukan utara;desa harapan baru
kabupaten kotabaru;kecamatan pamukan utara;desa kalian
kabupaten kotabaru;kecamatan pamukan utara;desa lintang jaya
kabupaten kotabaru;kecamatan pamukan utara;desa mulyoharjo
kabupaten kotabaru;kecamatan pamukan utara;desa pamukan indah
kabupaten kotabaru;kecamatan pamukan utara;desa sekayu baru
kabupaten kotabaru;kecamatan pamukan utara;desa tamiang
kabupaten kotabaru;kecamatan pamukan utara;desa wonorejo
kabupaten kotabaru;kecamatan pulau laut barat;desa gemuruh
kabupaten kotabaru;kecamatan pulau laut barat;desa lontar selatan
kabupaten kotabaru;kecamatan pulau laut barat;desa lontar timur
kabupaten kotabaru;kecamatan pulau laut barat;desa lontar utara
kabupaten kotabaru;kecamatan pulau laut barat;desa sebanti
kabupaten kotabaru;kecamatan pulau laut barat;desa semaras
kabupaten kotabaru;kecamatan pulau laut barat;desa sepagar
kabupaten kotabaru;kecamatan pulau laut barat;desa subur makmur
kabupaten kotabaru;kecamatan pulau laut barat;desa sumber sari
kabupaten kotabaru;kecamatan pulau laut barat;desa tapian balai
kabupaten kotabaru;kecamatan pulau laut barat;desa terangkih
kabupaten kotabaru;kecamatan pulau laut kepulauan;desa kerayaan utara
kabupaten kotabaru;kecamatan pulau laut kepulauan;desa oka oka
kabupaten kotabaru;kecamatan pulau laut kepulauan;desa pulau kerasian
kabupaten kotabaru;kecamatan pulau laut kepulauan;desa pulau kerayaan
kabupaten kotabaru;kecamatan pulau laut kepulauan;desa pulau kerumputan
kabupaten kotabaru;kecamatan pulau laut kepulauan;desa tanjung lalak selatan
kabupaten kotabaru;kecamatan pulau laut kepulauan;desa tanjung lalak utara
kabupaten kotabaru;kecamatan pulau laut kepulauan;desa teluk aru
kabupaten kotabaru;kecamatan pulau laut kepulauan;desa teluk kemuning
kabupaten kotabaru;kecamatan pulau laut selatan;desa alle alle
kabupaten kotabaru;kecamatan pulau laut selatan;desa labuan mas
kabupaten kotabaru;kecamatan pulau laut selatan;desa sungai bahim
kabupaten kotabaru;kecamatan pulau laut selatan;desa sungai bulan
kabupaten kotabaru;kecamatan pulau laut selatan;desa tanjung seloka
kabupaten kotabaru;kecamatan pulau laut selatan;desa tanjung seloka utara
kabupaten kotabaru;kecamatan pulau laut selatan;desa tanjung serudung
kabupaten kotabaru;kecamatan pulau laut selatan;desa teluk sirih
kabupaten kotabaru;kecamatan pulau laut tanjung selayar;desa bandar raya
kabupaten kotabaru;kecamatan pulau laut tanjung selayar;desa bangun rejo
kabupaten kotabaru;kecamatan pulau laut tanjung selayar;desa gosong panjang
kabupaten kotabaru;kecamatan pulau laut tanjung selayar;desa kampung baru
kabupaten kotabaru;kecamatan pulau laut tanjung selayar;desa tanjung kunyit
kabupaten kotabaru;kecamatan pulau laut tanjung selayar;desa tanjung pelayar
kabupaten kotabaru;kecamatan pulau laut tanjung selayar;desa tanjung sungkai
kabupaten kotabaru;kecamatan pulau laut tanjung selayar;desa tanjung tengah
kabupaten kotabaru;kecamatan pulau laut tanjung selayar;desa tata mekar
kabupaten kotabaru;kecamatan pulau laut tanjung selayar;desa teluk tamiang
kabupaten kotabaru;kecamatan pulau laut tengah;desa mekarpura
kabupaten kotabaru;kecamatan pulau laut tengah;desa pantai baru
kabupaten kotabaru;kecamatan pulau laut tengah;desa salino
kabupaten kotabaru;kecamatan pulau laut tengah;desa selaru
kabupaten kotabaru;kecamatan pulau laut tengah;desa semisir
kabupaten kotabaru;kecamatan pulau laut tengah;desa sungai pasir
kabupaten kotabaru;kecamatan pulau laut tengah;desa sungup kanan
kabupaten kotabaru;kecamatan pulau laut timur;desa batu tunau
kabupaten kotabaru;kecamatan pulau laut timur;desa bekambit
kabupaten kotabaru;kecamatan pulau laut timur;desa bekambit asri
kabupaten kotabaru;kecamatan pulau laut timur;desa berangas
kabupaten kotabaru;kecamatan pulau laut timur;desa betung
kabupaten kotabaru;kecamatan pulau laut timur;desa karangsari indah
kabupaten kotabaru;kecamatan pulau laut timur;desa kulipak
kabupaten kotabaru;kecamatan pulau laut timur;desa langkang baru
kabupaten kotabaru;kecamatan pulau laut timur;desa langkang lama
kabupaten kotabaru;kecamatan pulau laut timur;desa sejakah
kabupaten kotabaru;kecamatan pulau laut timur;desa sungai limau
kabupaten kotabaru;kecamatan pulau laut timur;desa tanjung pengharapan
kabupaten kotabaru;kecamatan pulau laut timur;desa teluk gosong
kabupaten kotabaru;kecamatan pulau laut timur;desa teluk mesjid
kabupaten kotabaru;kecamatan pulau sebuku;desa balambus
kabupaten kotabaru;kecamatan pulau sebuku;desa kanibungan
kabupaten kotabaru;kecamatan pulau sebuku;desa mandin
kabupaten kotabaru;kecamatan pulau sebuku;desa rampa
kabupaten kotabaru;kecamatan pulau sebuku;desa sekapung
kabupaten kotabaru;kecamatan pulau sebuku;desa sarakaman
kabupaten kotabaru;kecamatan pulau sebuku;desa sungai bali
kabupaten kotabaru;kecamatan pulau sebuku;desa ujung
kabupaten kotabaru;kecamatan pulau sembilan;desa labuan barat
kabupaten kotabaru;kecamatan pulau sembilan;desa maradapan
kabupaten kotabaru;kecamatan pulau sembilan;desa tanjung nyiur
kabupaten kotabaru;kecamatan pulau sembilan;desa teluk sungai
kabupaten kotabaru;kecamatan pulau sembilan;desa tengah
kabupaten kotabaru;kecamatan pulau laut sigam;kelurahan baharu selatan
kabupaten kotabaru;kecamatan pulau laut sigam;desa baharu utara
kabupaten kotabaru;kecamatan pulau laut sigam;desa batuah
kabupaten kotabaru;kecamatan pulau laut sigam;desa gedambaan
kabupaten kotabaru;kecamatan pulau laut sigam;desa hilir muara
kabupaten kotabaru;kecamatan pulau laut sigam;kelurahan kotabaru hilir
kabupaten kotabaru;kecamatan pulau laut sigam;kelurahan kotabaru tengah
kabupaten kotabaru;kecamatan pulau laut sigam;desa sarang tiung
kabupaten kotabaru;kecamatan pulau laut sigam;desa sebatung
kabupaten kotabaru;kecamatan pulau laut sigam;desa sigam
kabupaten kotabaru;kecamatan pulau laut sigam;desa tirawan
kabupaten kotabaru;kecamatan pulau laut utara;desa dirgahayu
kabupaten kotabaru;kecamatan pulau laut utara;desa gunung sari
kabupaten kotabaru;kecamatan pulau laut utara;desa gunung ulin
kabupaten kotabaru;kecamatan pulau laut utara;kelurahan kotabaru hulu
kabupaten kotabaru;kecamatan pulau laut utara;desa megasari
kabupaten kotabaru;kecamatan pulau laut utara;desa rampa
kabupaten kotabaru;kecamatan pulau laut utara;desa sebelimbingan
kabupaten kotabaru;kecamatan pulau laut utara;desa semayap
kabupaten kotabaru;kecamatan pulau laut utara;desa stagen
kabupaten kotabaru;kecamatan pulau laut utara;desa sungai taib
kabupaten kotabaru;kecamatan sampanahan;desa banjarsari
kabupaten kotabaru;kecamatan sampanahan;desa basuang
kabupaten kotabaru;kecamatan sampanahan;desa gunung batu besar
kabupaten kotabaru;kecamatan sampanahan;desa papaan
kabupaten kotabaru;kecamatan sampanahan;desa rampa manunggul
kabupaten kotabaru;kecamatan sampanahan;desa sampanahan
kabupaten kotabaru;kecamatan sampanahan;desa sampanahan hilir
kabupaten kotabaru;kecamatan sampanahan;desa sepapah
kabupaten kotabaru;kecamatan sampanahan;desa sukamaju
kabupaten kotabaru;kecamatan sampanahan;desa sungai betung
kabupaten kotabaru;kecamatan sungai durian;desa buluh kuning
kabupaten kotabaru;kecamatan sungai durian;desa gendang timburu
kabupaten kotabaru;kecamatan sungai durian;desa manunggul baru
kabupaten kotabaru;kecamatan sungai durian;desa manunggul lama
kabupaten kotabaru;kecamatan sungai durian;desa rantau buda
kabupaten kotabaru;kecamatan sungai durian;desa rantau jaya
kabupaten kotabaru;kecamatan sungai durian;desa terombong sari
kabupaten tabalong;kecamatan banua lawas;desa bangkiling
kabupaten tabalong;kecamatan banua lawas;desa bangkiling raya
kabupaten tabalong;kecamatan banua lawas;desa banua lawas
kabupaten tabalong;kecamatan banua lawas;desa banua rantau
kabupaten tabalong;kecamatan banua lawas;desa batang banyu
kabupaten tabalong;kecamatan banua lawas;desa bungin
kabupaten tabalong;kecamatan banua lawas;desa habau
kabupaten tabalong;kecamatan banua lawas;desa habau hulu
kabupaten tabalong;kecamatan banua lawas;desa hapalah
kabupaten tabalong;kecamatan banua lawas;desa hariang
kabupaten tabalong;kecamatan banua lawas;desa pematang
kabupaten tabalong;kecamatan banua lawas;desa purai
kabupaten tabalong;kecamatan banua lawas;desa sungai anyar
kabupaten tabalong;kecamatan banua lawas;desa sungai durian
kabupaten tabalong;kecamatan banua lawas;desa talan
kabupaten tabalong;kecamatan bintang ara;desa argo mulyo
kabupaten tabalong;kecamatan bintang ara;desa bintang ara
kabupaten tabalong;kecamatan bintang ara;desa bumi makmur
kabupaten tabalong;kecamatan bintang ara;desa burum
kabupaten tabalong;kecamatan bintang ara;desa dambung raya
kabupaten tabalong;kecamatan bintang ara;desa hegar manah
kabupaten tabalong;kecamatan bintang ara;desa panaan
kabupaten tabalong;kecamatan bintang ara;desa usih
kabupaten tabalong;kecamatan bintang ara;desa waling
kabupaten tabalong;kecamatan haruai;desa bongkang
kabupaten tabalong;kecamatan haruai;desa catur karya
kabupaten tabalong;kecamatan haruai;desa halong
kabupaten tabalong;kecamatan haruai;desa hayup
kabupaten tabalong;kecamatan haruai;desa kembang kuning
kabupaten tabalong;kecamatan haruai;desa lok batu
kabupaten tabalong;kecamatan haruai;desa mahe pasar
kabupaten tabalong;kecamatan haruai;desa marindi
kabupaten tabalong;kecamatan haruai;desa nawin
kabupaten tabalong;kecamatan haruai;desa seradang
kabupaten tabalong;kecamatan haruai;desa suput
kabupaten tabalong;kecamatan haruai;desa suriyan
kabupaten tabalong;kecamatan haruai;desa wirang
kabupaten tabalong;kecamatan jaro;desa garagata
kabupaten tabalong;kecamatan jaro;desa jaro
kabupaten tabalong;kecamatan jaro;desa lano
kabupaten tabalong;kecamatan jaro;desa muang
kabupaten tabalong;kecamatan jaro;desa nalui
kabupaten tabalong;kecamatan jaro;desa namun
kabupaten tabalong;kecamatan jaro;desa purui
kabupaten tabalong;kecamatan jaro;desa solan
kabupaten tabalong;kecamatan jaro;desa teratau
kabupaten tabalong;kecamatan kelua;desa ampukung
kabupaten tabalong;kecamatan kelua;desa bahungin
kabupaten tabalong;kecamatan kelua;desa binturu
kabupaten tabalong;kecamatan kelua;desa karangan putih
kabupaten tabalong;kecamatan kelua;desa masintan
kabupaten tabalong;kecamatan kelua;desa paliat
kabupaten tabalong;kecamatan kelua;desa pasar panas
kabupaten tabalong;kecamatan kelua;desa pudak setegal
kabupaten tabalong;kecamatan kelua;kelurahan pulau
kabupaten tabalong;kecamatan kelua;desa sungai buluh
kabupaten tabalong;kecamatan kelua;desa takulat
kabupaten tabalong;kecamatan kelua;desa telaga itar
kabupaten tabalong;kecamatan muara harus;desa harus
kabupaten tabalong;kecamatan muara harus;desa madang
kabupaten tabalong;kecamatan muara harus;desa manduin
kabupaten tabalong;kecamatan muara harus;desa mantuil
kabupaten tabalong;kecamatan muara harus;desa murung karangan
kabupaten tabalong;kecamatan muara harus;desa padangin
kabupaten tabalong;kecamatan muara harus;desa tantaringin
kabupaten tabalong;kecamatan muara uya;desa binjai
kabupaten tabalong;kecamatan muara uya;desa kampung baru
kabupaten tabalong;kecamatan muara uya;desa kupang nunding
kabupaten tabalong;kecamatan muara uya;desa lumbang
kabupaten tabalong;kecamatan muara uya;desa mangkupum
kabupaten tabalong;kecamatan muara uya;desa muara uya
kabupaten tabalong;kecamatan muara uya;desa palapi
kabupaten tabalong;kecamatan muara uya;desa pasar batu
kabupaten tabalong;kecamatan muara uya;desa ribang
kabupaten tabalong;kecamatan muara uya;desa salikung
kabupaten tabalong;kecamatan muara uya;desa santuun
kabupaten tabalong;kecamatan muara uya;desa simpung layung
kabupaten tabalong;kecamatan muara uya;desa sungai kumap
kabupaten tabalong;kecamatan muara uya;desa uwie
kabupaten tabalong;kecamatan murung pudak;kelurahan belimbing
kabupaten tabalong;kecamatan murung pudak;kelurahan belimbing raya
kabupaten tabalong;kecamatan murung pudak;desa kapar
kabupaten tabalong;kecamatan murung pudak;desa kasiau
kabupaten tabalong;kecamatan murung pudak;desa kasiau raya
kabupaten tabalong;kecamatan murung pudak;desa maburai
kabupaten tabalong;kecamatan murung pudak;kelurahan mabu'un
kabupaten tabalong;kecamatan murung pudak;desa masukau
kabupaten tabalong;kecamatan murung pudak;kelurahan pembataan
kabupaten tabalong;kecamatan murung pudak;kelurahan sulingan
kabupaten tabalong;kecamatan pugaan;desa halangan
kabupaten tabalong;kecamatan pugaan;desa jirak
kabupaten tabalong;kecamatan pugaan;desa pampanan
kabupaten tabalong;kecamatan pugaan;desa pugaan
kabupaten tabalong;kecamatan pugaan;desa sungai rukam i
kabupaten tabalong;kecamatan pugaan;desa sungai rukam ii
kabupaten tabalong;kecamatan pugaan;desa tamunti
kabupaten tabalong;kecamatan tanjung;kelurahan agung
kabupaten tabalong;kecamatan tanjung;desa banyu tajun
kabupaten tabalong;kecamatan tanjung;desa garunggung
kabupaten tabalong;kecamatan tanjung;kelurahan hikun
kabupaten tabalong;kecamatan tanjung;kelurahan jangkung
kabupaten tabalong;kecamatan tanjung;desa juai
kabupaten tabalong;kecamatan tanjung;desa kambitin
kabupaten tabalong;kecamatan tanjung;desa kambitin raya
kabupaten tabalong;kecamatan tanjung;desa kitang
kabupaten tabalong;kecamatan tanjung;desa mahe seberang
kabupaten tabalong;kecamatan tanjung;desa pamarangan kiwa
kabupaten tabalong;kecamatan tanjung;desa puain kiwa
kabupaten tabalong;kecamatan tanjung;desa sungai pimping
kabupaten tabalong;kecamatan tanjung;kelurahan tanjung
kabupaten tabalong;kecamatan tanjung;desa wayau
kabupaten tabalong;kecamatan tanta;desa barimbun
kabupaten tabalong;kecamatan tanta;desa luk bayur
kabupaten tabalong;kecamatan tanta;desa mangkusip
kabupaten tabalong;kecamatan tanta;desa murung baru
kabupaten tabalong;kecamatan tanta;desa padang panjang
kabupaten tabalong;kecamatan tanta;desa padangin
kabupaten tabalong;kecamatan tanta;desa pamarangan kanan
kabupaten tabalong;kecamatan tanta;desa puain kanan
kabupaten tabalong;kecamatan tanta;desa pulau ku'u
kabupaten tabalong;kecamatan tanta;desa tamiyang
kabupaten tabalong;kecamatan tanta;desa tanta
kabupaten tabalong;kecamatan tanta;desa tanta hulu
kabupaten tabalong;kecamatan tanta;desa walangkir
kabupaten tabalong;kecamatan tanta;desa warukin
kabupaten tabalong;kecamatan upau;desa bilas
kabupaten tabalong;kecamatan upau;desa kaong
kabupaten tabalong;kecamatan upau;desa kinarum
kabupaten tabalong;kecamatan upau;desa masingai i
kabupaten tabalong;kecamatan upau;desa masingai ii
kabupaten tabalong;kecamatan upau;desa pangelak
kabupaten Tanah Bumbu;kecamatan angsana;desa angsana
kabupaten Tanah Bumbu;kecamatan angsana;desa banjar sari
kabupaten Tanah Bumbu;kecamatan angsana;desa bayan sari
kabupaten Tanah Bumbu;kecamatan angsana;desa bunati
kabupaten Tanah Bumbu;kecamatan angsana;desa karang indah
kabupaten Tanah Bumbu;kecamatan angsana;desa makmur
kabupaten Tanah Bumbu;kecamatan angsana;desa mekar jaya
kabupaten Tanah Bumbu;kecamatan angsana;desa purwodadi
kabupaten Tanah Bumbu;kecamatan angsana;kelurahan sumber baru
kabupaten Tanah Bumbu;kecamatan batulicin;kelurahan batulicin
kabupaten Tanah Bumbu;kecamatan batulicin;desa danau indah
kabupaten Tanah Bumbu;kecamatan batulicin;kelurahan gunung tinggi
kabupaten Tanah Bumbu;kecamatan batulicin;desa kersik putih
kabupaten Tanah Bumbu;kecamatan batulicin;desa maju bersama
kabupaten Tanah Bumbu;kecamatan batulicin;desa maju makmur
kabupaten Tanah Bumbu;kecamatan batulicin;desa polewali marajae
kabupaten Tanah Bumbu;kecamatan batulicin;desa segumbang
kabupaten Tanah Bumbu;kecamatan batulicin;desa sukamaju
kabupaten Tanah Bumbu;kecamatan karang bintang;desa batulicin irigasi
kabupaten Tanah Bumbu;kecamatan karang bintang;desa karang bintang
kabupaten Tanah Bumbu;kecamatan karang bintang;desa karang rejo
kabupaten Tanah Bumbu;kecamatan karang bintang;desa madu retno
kabupaten Tanah Bumbu;kecamatan karang bintang;desa maju sejahtera
kabupaten Tanah Bumbu;kecamatan karang bintang;desa manunggal
kabupaten Tanah Bumbu;kecamatan karang bintang;desa pandan sari
kabupaten Tanah Bumbu;kecamatan karang bintang;desa pematang ulin
kabupaten Tanah Bumbu;kecamatan karang bintang;desa rejowinangun
kabupaten Tanah Bumbu;kecamatan karang bintang;desa selaselilau
kabupaten Tanah Bumbu;kecamatan karang bintang;desa sumber wangi
kabupaten Tanah Bumbu;kecamatan kuranji;desa giri mulya
kabupaten Tanah Bumbu;kecamatan kuranji;desa indraloka jaya
kabupaten Tanah Bumbu;kecamatan kuranji;desa karang intan
kabupaten Tanah Bumbu;kecamatan kuranji;desa kuranji
kabupaten Tanah Bumbu;kecamatan kuranji;desa mustika
kabupaten Tanah Bumbu;kecamatan kuranji;desa ringkit
kabupaten Tanah Bumbu;kecamatan kuranji;desa waringin tunggal
kabupaten Tanah Bumbu;kecamatan kusan hilir;desa baru gelang
kabupaten Tanah Bumbu;kecamatan kusan hilir;desa batuah
kabupaten Tanah Bumbu;kecamatan kusan hilir;desa beringin
kabupaten Tanah Bumbu;kecamatan kusan hilir;desa betung
kabupaten Tanah Bumbu;kecamatan kusan hilir;desa gusunge
kabupaten Tanah Bumbu;kecamatan kusan hilir;desa juku eja
kabupaten Tanah Bumbu;kecamatan kusan hilir;desa kampung baru
kabupaten Tanah Bumbu;kecamatan kusan hilir;kelurahan kota pagatan
kabupaten Tanah Bumbu;kecamatan kusan hilir;desa muara pagatan
kabupaten Tanah Bumbu;kecamatan kusan hilir;desa muara pagatan tengah
kabupaten Tanah Bumbu;kecamatan kusan hilir;desa mudalang
kabupaten Tanah Bumbu;kecamatan kusan hilir;desa pagaruyung
kabupaten Tanah Bumbu;kecamatan kusan hilir;desa pasar baru
kabupaten Tanah Bumbu;kecamatan kusan hilir;desa pejala
kabupaten Tanah Bumbu;kecamatan kusan hilir;desa penyolongan
kabupaten Tanah Bumbu;kecamatan kusan hilir;desa pulau salak
kabupaten Tanah Bumbu;kecamatan kusan hilir;desa pulau satu
kabupaten Tanah Bumbu;kecamatan kusan hilir;desa rantau panjang hilir
kabupaten Tanah Bumbu;kecamatan kusan hilir;desa rantau panjang hulu
kabupaten Tanah Bumbu;kecamatan kusan hilir;desa sungai lembu
kabupaten Tanah Bumbu;kecamatan kusan hilir;desa tanette
kabupaten Tanah Bumbu;kecamatan kusan hilir;desa wiritasi
kabupaten Tanah Bumbu;kecamatan kusan hulu;desa anjir baru
kabupaten Tanah Bumbu;kecamatan kusan hulu;desa bakarangan
kabupaten Tanah Bumbu;kecamatan kusan hulu;desa binawara
kabupaten Tanah Bumbu;kecamatan kusan hulu;desa harapan jaya
kabupaten Tanah Bumbu;kecamatan kusan hulu;desa karang mulya
kabupaten Tanah Bumbu;kecamatan kusan hulu;desa karang sari
kabupaten Tanah Bumbu;kecamatan kusan hulu;desa lasung
kabupaten Tanah Bumbu;kecamatan kusan hulu;desa manuntung
kabupaten Tanah Bumbu;kecamatan kusan hulu;desa pacakan
kabupaten Tanah Bumbu;kecamatan kusan hulu;desa sungai rukam
kabupaten Tanah Bumbu;kecamatan kusan hulu;desa wonorejo
kabupaten Tanah Bumbu;kecamatan kusan tengah;desa api api
kabupaten Tanah Bumbu;kecamatan kusan tengah;desa batarang
kabupaten Tanah Bumbu;kecamatan kusan tengah;desa manurung
kabupaten Tanah Bumbu;kecamatan kusan tengah;desa mekar jaya
kabupaten Tanah Bumbu;kecamatan kusan tengah;desa pakatellu
kabupaten Tanah Bumbu;kecamatan kusan tengah;desa pulau tanjung
kabupaten Tanah Bumbu;kecamatan kusan tengah;desa salimuran
kabupaten Tanah Bumbu;kecamatan kusan tengah;desa saring sungai binjai
kabupaten Tanah Bumbu;kecamatan kusan tengah;desa saring sungai bubu
kabupaten Tanah Bumbu;kecamatan kusan tengah;desa satiung
kabupaten Tanah Bumbu;kecamatan kusan tengah;desa sepunggur
kabupaten Tanah Bumbu;kecamatan kusan tengah;desa serdangan
kabupaten Tanah Bumbu;kecamatan kusan tengah;desa upt karya bakti
kabupaten Tanah Bumbu;kecamatan mantewe;desa bulurejo
kabupaten Tanah Bumbu;kecamatan mantewe;desa dukuh rejo
kabupaten Tanah Bumbu;kecamatan mantewe;desa emil baru
kabupaten Tanah Bumbu;kecamatan mantewe;desa gunung raya
kabupaten Tanah Bumbu;kecamatan mantewe;desa maju mulyo
kabupaten Tanah Bumbu;kecamatan mantewe;desa mantewe
kabupaten Tanah Bumbu;kecamatan mantewe;desa mantawakan mulia
kabupaten Tanah Bumbu;kecamatan mantewe;desa rejosari
kabupaten Tanah Bumbu;kecamatan mantewe;desa sarimulya
kabupaten Tanah Bumbu;kecamatan mantewe;desa sepakat
kabupaten Tanah Bumbu;kecamatan mantewe;desa sidomulyo
kabupaten Tanah Bumbu;kecamatan mantewe;desa sukadamai
kabupaten Tanah Bumbu;kecamatan satui;desa al kautsar
kabupaten Tanah Bumbu;kecamatan satui;desa jombang
kabupaten Tanah Bumbu;kecamatan satui;desa makmur mulia
kabupaten Tanah Bumbu;kecamatan satui;desa pendamaran jaya
kabupaten Tanah Bumbu;kecamatan satui;desa satui barat
kabupaten Tanah Bumbu;kecamatan satui;desa satui timur
kabupaten Tanah Bumbu;kecamatan satui;desa sejahtera mulia
kabupaten Tanah Bumbu;kecamatan satui;desa sekapuk
kabupaten Tanah Bumbu;kecamatan satui;desa setarap
kabupaten Tanah Bumbu;kecamatan satui;desa sinar bulan
kabupaten Tanah Bumbu;kecamatan satui;desa sumber arum
kabupaten Tanah Bumbu;kecamatan satui;desa sumber makmur
kabupaten Tanah Bumbu;kecamatan satui;desa sungai cuka
kabupaten Tanah Bumbu;kecamatan satui;desa sungai danau
kabupaten Tanah Bumbu;kecamatan satui;desa tegal sari
kabupaten Tanah Bumbu;kecamatan satui;desa wonorejo
kabupaten Tanah Bumbu;kecamatan simpang empat;desa barokah
kabupaten Tanah Bumbu;kecamatan simpang empat;desa batu ampar
kabupaten Tanah Bumbu;kecamatan simpang empat;desa bersujud
kabupaten Tanah Bumbu;kecamatan simpang empat;desa gunung antasari
kabupaten Tanah Bumbu;kecamatan simpang empat;desa gunung besar
kabupaten Tanah Bumbu;kecamatan simpang empat;kelurahan kampung baru
kabupaten Tanah Bumbu;kecamatan simpang empat;desa mekar sari
kabupaten Tanah Bumbu;kecamatan simpang empat;desa pulau burung
kabupaten Tanah Bumbu;kecamatan simpang empat;desa sari gadung
kabupaten Tanah Bumbu;kecamatan simpang empat;desa sejahtera
kabupaten Tanah Bumbu;kecamatan simpang empat;desa sungai dua
kabupaten Tanah Bumbu;kecamatan simpang empat;kelurahan tungkaran pangeran
kabupaten Tanah Bumbu;kecamatan sungai loban;desa batu meranti
kabupaten Tanah Bumbu;kecamatan sungai loban;desa biduri bersujud
kabupaten Tanah Bumbu;kecamatan sungai loban;desa damar indah
kabupaten Tanah Bumbu;kecamatan sungai loban;desa dwi marga utama
kabupaten Tanah Bumbu;kecamatan sungai loban;desa kerta buana
kabupaten Tanah Bumbu;kecamatan sungai loban;desa marga mulya
kabupaten Tanah Bumbu;kecamatan sungai loban;desa sari mulya
kabupaten Tanah Bumbu;kecamatan sungai loban;desa sari utama
kabupaten Tanah Bumbu;kecamatan sungai loban;desa sebamban baru
kabupaten Tanah Bumbu;kecamatan sungai loban;desa sebamban lama
kabupaten Tanah Bumbu;kecamatan sungai loban;desa sumber makmur
kabupaten Tanah Bumbu;kecamatan sungai loban;desa sumber sari
kabupaten Tanah Bumbu;kecamatan sungai loban;desa sungai dua laut
kabupaten Tanah Bumbu;kecamatan sungai loban;desa sungai loban
kabupaten Tanah Bumbu;kecamatan sungai loban;desa tri martani
kabupaten Tanah Bumbu;kecamatan sungai loban;desa tri mulya
kabupaten Tanah Bumbu;kecamatan sungai loban;desa wanasari
kabupaten Tanah Bumbu;kecamatan teluk kepayang;desa batu bulan
kabupaten Tanah Bumbu;kecamatan teluk kepayang;desa dadap kusan raya
kabupaten Tanah Bumbu;kecamatan teluk kepayang;desa darasan binjai
kabupaten Tanah Bumbu;kecamatan teluk kepayang;desa guntung
kabupaten Tanah Bumbu;kecamatan teluk kepayang;desa hati'if
kabupaten Tanah Bumbu;kecamatan teluk kepayang;desa mangkalapi
kabupaten Tanah Bumbu;kecamatan teluk kepayang;desa tamunih
kabupaten Tanah Bumbu;kecamatan teluk kepayang;desa tapus
kabupaten Tanah Bumbu;kecamatan teluk kepayang;desa teluk kepayang
kabupaten Tanah Bumbu;kecamatan teluk kepayang;desa tibarau panjang
kabupaten Tanah Laut;kecamatan bajuin;desa bajuin
kabupaten Tanah Laut;kecamatan bajuin;desa galam
kabupaten Tanah Laut;kecamatan bajuin;desa ketapang
kabupaten Tanah Laut;kecamatan bajuin;desa kunyit
kabupaten Tanah Laut;kecamatan bajuin;desa pemalongan
kabupaten Tanah Laut;kecamatan bajuin;desa sungai bakar
kabupaten Tanah Laut;kecamatan bajuin;desa tanjung
kabupaten Tanah Laut;kecamatan bajuin;desa tebing siring
kabupaten Tanah Laut;kecamatan bajuin;desa tirta jaya
kabupaten Tanah Laut;kecamatan bati bati;desa banyu irang
kabupaten Tanah Laut;kecamatan bati bati;desa bati bati
kabupaten Tanah Laut;kecamatan bati bati;desa bentok darat
kabupaten Tanah Laut;kecamatan bati bati;desa bentok kampung
kabupaten Tanah Laut;kecamatan bati bati;desa benua raya
kabupaten Tanah Laut;kecamatan bati bati;desa kait kait
kabupaten Tanah Laut;kecamatan bati bati;desa kait kait baru
kabupaten Tanah Laut;kecamatan bati bati;desa liang anggang
kabupaten Tanah Laut;kecamatan bati bati;desa nusa indah
kabupaten Tanah Laut;kecamatan bati bati;desa padang
kabupaten Tanah Laut;kecamatan bati bati;desa pandahan
kabupaten Tanah Laut;kecamatan bati bati;desa sambangan
kabupaten Tanah Laut;kecamatan bati bati;desa ujung
kabupaten Tanah Laut;kecamatan bati bati;desa ujung baru
kabupaten Tanah Laut;kecamatan batu ampar;desa ambawang
kabupaten Tanah Laut;kecamatan batu ampar;desa batu ampar
kabupaten Tanah Laut;kecamatan batu ampar;desa bluru
kabupaten Tanah Laut;kecamatan batu ampar;desa damar lima
kabupaten Tanah Laut;kecamatan batu ampar;desa damit
kabupaten Tanah Laut;kecamatan batu ampar;desa damit hulu
kabupaten Tanah Laut;kecamatan batu ampar;desa durian bungkuk
kabupaten Tanah Laut;kecamatan batu ampar;desa gunung mas
kabupaten Tanah Laut;kecamatan batu ampar;desa gunung melati
kabupaten Tanah Laut;kecamatan batu ampar;desa jilatan
kabupaten Tanah Laut;kecamatan batu ampar;desa jilatan alur
kabupaten Tanah Laut;kecamatan batu ampar;desa pantai linuh
kabupaten Tanah Laut;kecamatan batu ampar;desa tajau mulya
kabupaten Tanah Laut;kecamatan batu ampar;desa tajau pecah
kabupaten Tanah Laut;kecamatan bumi makmur;desa bumi harapan
kabupaten Tanah Laut;kecamatan bumi makmur;desa handil babirik
kabupaten Tanah Laut;kecamatan bumi makmur;desa handil birayang atas
kabupaten Tanah Laut;kecamatan bumi makmur;desa handil birayang bawah
kabupaten Tanah Laut;kecamatan bumi makmur;desa handil gayam
kabupaten Tanah Laut;kecamatan bumi makmur;desa handil labuan amas
kabupaten Tanah Laut;kecamatan bumi makmur;desa handil maluka
kabupaten Tanah Laut;kecamatan bumi makmur;desa handil suruk
kabupaten Tanah Laut;kecamatan bumi makmur;desa kurau utara
kabupaten Tanah Laut;kecamatan bumi makmur;desa pantai harapan
kabupaten Tanah Laut;kecamatan bumi makmur;desa sungai rasau
kabupaten Tanah Laut;kecamatan jorong;desa alur
kabupaten Tanah Laut;kecamatan jorong;desa asam jaya
kabupaten Tanah Laut;kecamatan jorong;desa asam asam
kabupaten Tanah Laut;kecamatan jorong;desa asri mulya
kabupaten Tanah Laut;kecamatan jorong;desa batalang
kabupaten Tanah Laut;kecamatan jorong;desa jorong
kabupaten Tanah Laut;kecamatan jorong;desa karang rejo
kabupaten Tanah Laut;kecamatan jorong;desa muara asam asam
kabupaten Tanah Laut;kecamatan jorong;desa sabuhur
kabupaten Tanah Laut;kecamatan jorong;desa simpang empat sungai baru
kabupaten Tanah Laut;kecamatan jorong;desa swarangan
kabupaten Tanah Laut;kecamatan kintap;desa bukit mulia
kabupaten Tanah Laut;kecamatan kintap;desa kebun raya
kabupaten Tanah Laut;kecamatan kintap;desa kintap
kabupaten Tanah Laut;kecamatan kintap;desa kintap kecil
kabupaten Tanah Laut;kecamatan kintap;desa kintapura
kabupaten Tanah Laut;kecamatan kintap;desa mekar sari
kabupaten Tanah Laut;kecamatan kintap;desa muara kintap
kabupaten Tanah Laut;kecamatan kintap;desa pandan sari
kabupaten Tanah Laut;kecamatan kintap;desa pasir putih
kabupaten Tanah Laut;kecamatan kintap;desa riam adungan
kabupaten Tanah Laut;kecamatan kintap;desa salaman
kabupaten Tanah Laut;kecamatan kintap;desa sebamban baru
kabupaten Tanah Laut;kecamatan kintap;desa sumber jaya
kabupaten Tanah Laut;kecamatan kintap;desa sungai cuka
kabupaten Tanah Laut;kecamatan kurau;desa bawah layung
kabupaten Tanah Laut;kecamatan kurau;desa handil negara
kabupaten Tanah Laut;kecamatan kurau;desa kali besar
kabupaten Tanah Laut;kecamatan kurau;desa kurau
kabupaten Tanah Laut;kecamatan kurau;desa maluka baulin
kabupaten Tanah Laut;kecamatan kurau;desa padang luas
kabupaten Tanah Laut;kecamatan kurau;desa raden
kabupaten Tanah Laut;kecamatan kurau;desa sarikandi
kabupaten Tanah Laut;kecamatan kurau;desa sungai bakau
kabupaten Tanah Laut;kecamatan kurau;desa tambak karya
kabupaten Tanah Laut;kecamatan kurau;desa tambak sarinah
kabupaten Tanah Laut;kecamatan panyipatan;desa batakan
kabupaten Tanah Laut;kecamatan panyipatan;desa batu mulya
kabupaten Tanah Laut;kecamatan panyipatan;desa batu tungku
kabupaten Tanah Laut;kecamatan panyipatan;desa bumi asih
kabupaten Tanah Laut;kecamatan panyipatan;desa kandangan baru
kabupaten Tanah Laut;kecamatan panyipatan;desa kandangan lama
kabupaten Tanah Laut;kecamatan panyipatan;desa kuringkit
kabupaten Tanah Laut;kecamatan panyipatan;desa panyipatan
kabupaten Tanah Laut;kecamatan panyipatan;desa suka ramah
kabupaten Tanah Laut;kecamatan panyipatan;desa tanjung dewa
kabupaten Tanah Laut;kecamatan pelaihari;desa ambungan
kabupaten Tanah Laut;kecamatan pelaihari;desa angsau
kabupaten Tanah Laut;kecamatan pelaihari;desa atu atu
kabupaten Tanah Laut;kecamatan pelaihari;desa bumi jaya
kabupaten Tanah Laut;kecamatan pelaihari;desa guntung besar
kabupaten Tanah Laut;kecamatan pelaihari;desa kampung baru
kabupaten Tanah Laut;kecamatan pelaihari;desa karang taruna
kabupaten Tanah Laut;kecamatan pelaihari;desa pabahanan
kabupaten Tanah Laut;kecamatan pelaihari;desa panggung
kabupaten Tanah Laut;kecamatan pelaihari;desa panggung baru
kabupaten Tanah Laut;kecamatan pelaihari;desa panjaratan
kabupaten Tanah Laut;kecamatan pelaihari;desa pelaihari
kabupaten Tanah Laut;kecamatan pelaihari;desa pemuda
kabupaten Tanah Laut;kecamatan pelaihari;desa sarang halang
kabupaten Tanah Laut;kecamatan pelaihari;desa sumber mulia
kabupaten Tanah Laut;kecamatan pelaihari;desa sungai riam
kabupaten Tanah Laut;kecamatan pelaihari;desa tampang
kabupaten Tanah Laut;kecamatan pelaihari;desa telaga
kabupaten Tanah Laut;kecamatan pelaihari;desa tungkaran
kabupaten Tanah Laut;kecamatan pelaihari;desa ujung batu
kabupaten Tanah Laut;kecamatan takisung;desa benua lawas
kabupaten Tanah Laut;kecamatan takisung;desa benua tengah
kabupaten Tanah Laut;kecamatan takisung;desa batilai
kabupaten Tanah Laut;kecamatan takisung;desa gunung makmur
kabupaten Tanah Laut;kecamatan takisung;desa kuala tambangan
kabupaten Tanah Laut;kecamatan takisung;desa pagatan besar
kabupaten Tanah Laut;kecamatan takisung;desa ranggang
kabupaten Tanah Laut;kecamatan takisung;desa ranggang dalam
kabupaten Tanah Laut;kecamatan takisung;desa sumber makmur
kabupaten Tanah Laut;kecamatan takisung;desa tabanio
kabupaten Tanah Laut;kecamatan takisung;desa takisung
kabupaten Tanah Laut;kecamatan takisung;desa telaga langsat
kabupaten Tanah Laut;kecamatan tambang ulang;desa bingkulu
kabupaten Tanah Laut;kecamatan tambang ulang;desa gunung raja
kabupaten Tanah Laut;kecamatan tambang ulang;desa kayu abang
kabupaten Tanah Laut;kecamatan tambang ulang;desa martadah
kabupaten Tanah Laut;kecamatan tambang ulang;desa martadah baru
kabupaten Tanah Laut;kecamatan tambang ulang;desa pulau sari
kabupaten Tanah Laut;kecamatan tambang ulang;desa sungai jelai
kabupaten Tanah Laut;kecamatan tambang ulang;desa sungai pinang
kabupaten Tanah Laut;kecamatan tambang ulang;desa tambang ulang
kabupaten tapin;kecamatan bakarangan;desa bakarangan
kabupaten tapin;kecamatan bakarangan;desa bundung
kabupaten tapin;kecamatan bakarangan;desa gadung
kabupaten tapin;kecamatan bakarangan;desa gadung keramat
kabupaten tapin;kecamatan bakarangan;desa ketapang
kabupaten tapin;kecamatan bakarangan;desa masta
kabupaten tapin;kecamatan bakarangan;desa parigi
kabupaten tapin;kecamatan bakarangan;desa parigi kecil
kabupaten tapin;kecamatan bakarangan;desa paul
kabupaten tapin;kecamatan bakarangan;desa tangkawang
kabupaten tapin;kecamatan bakarangan;desa tangkawang baru
kabupaten tapin;kecamatan bakarangan;desa waringin
kabupaten tapin;kecamatan binuang;desa a yani pura
kabupaten tapin;kecamatan binuang;kelurahan binuang
kabupaten tapin;kecamatan binuang;desa gunung batu
kabupaten tapin;kecamatan binuang;kelurahan karangan putih
kabupaten tapin;kecamatan binuang;desa mekar sari
kabupaten tapin;kecamatan binuang;desa padang sari
kabupaten tapin;kecamatan binuang;desa pualam sari
kabupaten tapin;kecamatan binuang;desa pulau pinang
kabupaten tapin;kecamatan binuang;desa pulau pinang utara
kabupaten tapin;kecamatan binuang;kelurahan raya belanti
kabupaten tapin;kecamatan binuang;desa tungkap
kabupaten tapin;kecamatan bungur;desa banua padang
kabupaten tapin;kecamatan bungur;desa banua padang hilir
kabupaten tapin;kecamatan bungur;desa bungur
kabupaten tapin;kecamatan bungur;desa bungur baru
kabupaten tapin;kecamatan bungur;desa hangui
kabupaten tapin;kecamatan bungur;desa kalumpang
kabupaten tapin;kecamatan bungur;desa linuh
kabupaten tapin;kecamatan bungur;desa paring guling
kabupaten tapin;kecamatan bungur;desa purut
kabupaten tapin;kecamatan bungur;desa rantau bujur
kabupaten tapin;kecamatan bungur;desa shabah
kabupaten tapin;kecamatan bungur;desa timbung
kabupaten tapin;kecamatan candi laras selatan;desa baringin a
kabupaten tapin;kecamatan candi laras selatan;desa baringin b
kabupaten tapin;kecamatan candi laras selatan;desa baulin
kabupaten tapin;kecamatan candi laras selatan;desa candi laras
kabupaten tapin;kecamatan candi laras selatan;desa marampiau
kabupaten tapin;kecamatan candi laras selatan;desa marampiau hilir
kabupaten tapin;kecamatan candi laras selatan;desa margasari hulu
kabupaten tapin;kecamatan candi laras selatan;desa pabaungan hilir
kabupaten tapin;kecamatan candi laras selatan;desa pabaungan hulu
kabupaten tapin;kecamatan candi laras selatan;desa pabaungan pantai
kabupaten tapin;kecamatan candi laras selatan;desa sungai rutas
kabupaten tapin;kecamatan candi laras selatan;desa sungai rutas hulu
kabupaten tapin;kecamatan candi laras utara;desa batalas
kabupaten tapin;kecamatan candi laras utara;desa buas buas
kabupaten tapin;kecamatan candi laras utara;desa buas buas hilir
kabupaten tapin;kecamatan candi laras utara;desa keladan
kabupaten tapin;kecamatan candi laras utara;desa margasari hilir
kabupaten tapin;kecamatan candi laras utara;desa pariok
kabupaten tapin;kecamatan candi laras utara;desa rawana
kabupaten tapin;kecamatan candi laras utara;desa rawana hulu
kabupaten tapin;kecamatan candi laras utara;desa sawaja
kabupaten tapin;kecamatan candi laras utara;desa sungai puting
kabupaten tapin;kecamatan candi laras utara;desa sungai selai
kabupaten tapin;kecamatan candi laras utara;desa sungai selai hilir
kabupaten tapin;kecamatan candi laras utara;desa teluk haur
kabupaten tapin;kecamatan hatungun;desa asam randah
kabupaten tapin;kecamatan hatungun;desa bagak
kabupaten tapin;kecamatan hatungun;desa batu hapu
kabupaten tapin;kecamatan hatungun;desa burakai
kabupaten tapin;kecamatan hatungun;desa hatungun
kabupaten tapin;kecamatan hatungun;desa kambang kuning
kabupaten tapin;kecamatan hatungun;desa matang batas
kabupaten tapin;kecamatan hatungun;desa tarungin
kabupaten tapin;kecamatan lokpaikat;desa ayunan papan
kabupaten tapin;kecamatan lokpaikat;desa bataratat
kabupaten tapin;kecamatan lokpaikat;desa binderang
kabupaten tapin;kecamatan lokpaikat;kelurahan bitahan
kabupaten tapin;kecamatan lokpaikat;desa bitahan baru
kabupaten tapin;kecamatan lokpaikat;desa budi mulya
kabupaten tapin;kecamatan lokpaikat;desa lokpaikat
kabupaten tapin;kecamatan lokpaikat;desa parandakan
kabupaten tapin;kecamatan lokpaikat;desa puncak harapan
kabupaten tapin;kecamatan piani;desa balawaian
kabupaten tapin;kecamatan piani;desa baramban
kabupaten tapin;kecamatan piani;desa batu ampar
kabupaten tapin;kecamatan piani;desa batung
kabupaten tapin;kecamatan piani;desa buniin jaya
kabupaten tapin;kecamatan piani;desa harakit
kabupaten tapin;kecamatan piani;desa miawa
kabupaten tapin;kecamatan piani;desa pipitak jaya
kabupaten tapin;kecamatan salam babaris;desa kambang habang baru
kabupaten tapin;kecamatan salam babaris;desa kambang habang lama
kabupaten tapin;kecamatan salam babaris;desa pantai cabe
kabupaten tapin;kecamatan salam babaris;desa salam babaris
kabupaten tapin;kecamatan salam babaris;desa suato baru
kabupaten tapin;kecamatan salam babaris;desa suato lama
kabupaten tapin;kecamatan tapin selatan;desa cempaka
kabupaten tapin;kecamatan tapin selatan;desa harapan masa
kabupaten tapin;kecamatan tapin selatan;desa hatiwin
kabupaten tapin;kecamatan tapin selatan;desa lawahan
kabupaten tapin;kecamatan tapin selatan;desa rumintin
kabupaten tapin;kecamatan tapin selatan;desa sawang
kabupaten tapin;kecamatan tapin selatan;desa suato tatakan
kabupaten tapin;kecamatan tapin selatan;kelurahan tambarangan
kabupaten tapin;kecamatan tapin selatan;desa tandui
kabupaten tapin;kecamatan tapin selatan;desa tatakan
kabupaten tapin;kecamatan tapin selatan;desa timbaan
kabupaten tapin;kecamatan tapin tengah;desa andhika
kabupaten tapin;kecamatan tapin tengah;desa batang lantik
kabupaten tapin;kecamatan tapin tengah;desa hiyung
kabupaten tapin;kecamatan tapin tengah;desa kepayang
kabupaten tapin;kecamatan tapin tengah;desa labung
kabupaten tapin;kecamatan tapin tengah;desa mandurian
kabupaten tapin;kecamatan tapin tengah;desa mandurian hilir
kabupaten tapin;kecamatan tapin tengah;desa pandahan
kabupaten tapin;kecamatan tapin tengah;desa pandulangan
kabupaten tapin;kecamatan tapin tengah;desa papagan makmur
kabupaten tapin;kecamatan tapin tengah;desa pematang karangan
kabupaten tapin;kecamatan tapin tengah;desa pematang karangan hilir
kabupaten tapin;kecamatan tapin tengah;desa pematang karangan hulu
kabupaten tapin;kecamatan tapin tengah;desa serawi
kabupaten tapin;kecamatan tapin tengah;desa sukaramai
kabupaten tapin;kecamatan tapin tengah;desa sungai bahalang
kabupaten tapin;kecamatan tapin tengah;desa tirik
kabupaten tapin;kecamatan tapin utara;desa antasan hilir
kabupaten tapin;kecamatan tapin utara;desa antasari
kabupaten tapin;kecamatan tapin utara;desa badaun
kabupaten tapin;kecamatan tapin utara;desa banua hanyar hulu
kabupaten tapin;kecamatan tapin utara;desa banua halat kanan
kabupaten tapin;kecamatan tapin utara;desa banua halat kiri
kabupaten tapin;kecamatan tapin utara;desa banua hanyar
kabupaten tapin;kecamatan tapin utara;desa jingah babaris
kabupaten tapin;kecamatan tapin utara;desa kakaran
kabupaten tapin;kecamatan tapin utara;desa keramat
kabupaten tapin;kecamatan tapin utara;kelurahan kupang
kabupaten tapin;kecamatan tapin utara;desa lumbu raya
kabupaten tapin;kecamatan tapin utara;desa perintis raya
kabupaten tapin;kecamatan tapin utara;kelurahan rangda malingkung
kabupaten tapin;kecamatan tapin utara;kelurahan rantau kanan
kabupaten tapin;kecamatan tapin utara;kelurahan rantau kiwa
kabupaten Barito Selatan;kecamatan dusun hilir;desa batampang
kabupaten Barito Selatan;kecamatan dusun hilir;desa batilap
kabupaten Barito Selatan;kecamatan dusun hilir;desa damparan
kabupaten Barito Selatan;kecamatan dusun hilir;desa kalanis
kabupaten Barito Selatan;kecamatan dusun hilir;desa lehai
kabupaten Barito Selatan;kecamatan dusun hilir;desa mahajandau
kabupaten Barito Selatan;kecamatan dusun hilir;desa mangkatir
kabupaten Barito Selatan;kecamatan dusun hilir;kelurahan mengkatip
kabupaten Barito Selatan;kecamatan dusun hilir;desa sungai jaya
kabupaten Barito Selatan;kecamatan dusun hilir;desa teluk timbau
kabupaten Barito Selatan;kecamatan dusun selatan;desa baru
kabupaten Barito Selatan;kecamatan dusun selatan;kelurahan buntok kota
kabupaten Barito Selatan;kecamatan dusun selatan;kelurahan danau ganting
kabupaten Barito Selatan;kecamatan dusun selatan;desa danau masura
kabupaten Barito Selatan;kecamatan dusun selatan;desa danau sadar
kabupaten Barito Selatan;kecamatan dusun selatan;desa dangka
kabupaten Barito Selatan;kecamatan dusun selatan;kelurahan hilir sper
kabupaten Barito Selatan;kecamatan dusun selatan;kelurahan jelapat
kabupaten Barito Selatan;kecamatan dusun selatan;desa kalahien
kabupaten Barito Selatan;kecamatan dusun selatan;desa lembeng
kabupaten Barito Selatan;kecamatan dusun selatan;desa mabuan
kabupaten Barito Selatan;kecamatan dusun selatan;desa madara
kabupaten Barito Selatan;kecamatan dusun selatan;desa mangaris
kabupaten Barito Selatan;kecamatan dusun selatan;desa muara ripung
kabupaten Barito Selatan;kecamatan dusun selatan;desa muara talang
kabupaten Barito Selatan;kecamatan dusun selatan;desa murung paken
kabupaten Barito Selatan;kecamatan dusun selatan;desa pamait
kabupaten Barito Selatan;kecamatan dusun selatan;desa pamangka
kabupaten Barito Selatan;kecamatan dusun selatan;desa pararapak
kabupaten Barito Selatan;kecamatan dusun selatan;desa penda asam
kabupaten Barito Selatan;kecamatan dusun selatan;desa sababilah
kabupaten Barito Selatan;kecamatan dusun selatan;desa sanggu
kabupaten Barito Selatan;kecamatan dusun selatan;desa tanjung jawa
kabupaten Barito Selatan;kecamatan dusun selatan;desa telang andrau
kabupaten Barito Selatan;kecamatan dusun selatan;desa teluk mampun
kabupaten Barito Selatan;kecamatan dusun selatan;desa teluk telaga
kabupaten Barito Selatan;kecamatan dusun selatan;desa tetei lanan
kabupaten Barito Selatan;kecamatan dusun utara;desa bantai bambure
kabupaten Barito Selatan;kecamatan dusun utara;desa bundar
kabupaten Barito Selatan;kecamatan dusun utara;desa danau bambure
kabupaten Barito Selatan;kecamatan dusun utara;desa gunung rantau
kabupaten Barito Selatan;kecamatan dusun utara;desa hingan
kabupaten Barito Selatan;kecamatan dusun utara;desa hulu tampang
kabupaten Barito Selatan;kecamatan dusun utara;desa majundre
kabupaten Barito Selatan;kecamatan dusun utara;desa marawan baru
kabupaten Barito Selatan;kecamatan dusun utara;desa marawan lama
kabupaten Barito Selatan;kecamatan dusun utara;desa maruga
kabupaten Barito Selatan;kecamatan dusun utara;desa panarukan
kabupaten Barito Selatan;kecamatan dusun utara;kelurahan pendang
kabupaten Barito Selatan;kecamatan dusun utara;desa rampa mea
kabupaten Barito Selatan;kecamatan dusun utara;desa reong
kabupaten Barito Selatan;kecamatan dusun utara;desa sungai telang
kabupaten Barito Selatan;kecamatan dusun utara;desa talekoi
kabupaten Barito Selatan;kecamatan dusun utara;desa tamparak
kabupaten Barito Selatan;kecamatan dusun utara;desa tamparak layung
kabupaten Barito Selatan;kecamatan dusun utara;desa tarusan
kabupaten Barito Selatan;kecamatan gunung bintang awai;desa baruang
kabupaten Barito Selatan;kecamatan gunung bintang awai;desa bintang ara
kabupaten Barito Selatan;kecamatan gunung bintang awai;desa bipak kali
kabupaten Barito Selatan;kecamatan gunung bintang awai;desa gagutur
kabupaten Barito Selatan;kecamatan gunung bintang awai;desa kayumban
kabupaten Barito Selatan;kecamatan gunung bintang awai;desa malungai raya
kabupaten Barito Selatan;kecamatan gunung bintang awai;desa marga jaya
kabupaten Barito Selatan;kecamatan gunung bintang awai;desa muara singan
kabupaten Barito Selatan;kecamatan gunung bintang awai;desa muka haji
kabupaten Barito Selatan;kecamatan gunung bintang awai;desa ngurit
kabupaten Barito Selatan;kecamatan gunung bintang awai;desa palu rejo
kabupaten Barito Selatan;kecamatan gunung bintang awai;desa patas i
kabupaten Barito Selatan;kecamatan gunung bintang awai;desa patas ii
kabupaten Barito Selatan;kecamatan gunung bintang awai;desa ruhing raya
kabupaten Barito Selatan;kecamatan gunung bintang awai;desa sarimbuah
kabupaten Barito Selatan;kecamatan gunung bintang awai;desa sei paken
kabupaten Barito Selatan;kecamatan gunung bintang awai;desa sire
kabupaten Barito Selatan;kecamatan gunung bintang awai;desa tabak kanilan
kabupaten Barito Selatan;kecamatan gunung bintang awai;desa ugang sayu
kabupaten Barito Selatan;kecamatan gunung bintang awai;desa wayun
kabupaten Barito Selatan;kecamatan gunung bintang awai;desa wungkur baru
kabupaten Barito Selatan;kecamatan jenamas;desa rangga ilung
kabupaten Barito Selatan;kecamatan jenamas;desa rantau bahuang
kabupaten Barito Selatan;kecamatan jenamas;kelurahan rantau kujang
kabupaten Barito Selatan;kecamatan jenamas;desa tabatan
kabupaten Barito Selatan;kecamatan jenamas;desa tampulang
kabupaten Barito Selatan;kecamatan karau kuala;desa babai
kabupaten Barito Selatan;kecamatan karau kuala;kelurahan bangkuang
kabupaten Barito Selatan;kecamatan karau kuala;desa bintang kurung
kabupaten Barito Selatan;kecamatan karau kuala;desa janggi
kabupaten Barito Selatan;kecamatan karau kuala;desa malitin
kabupaten Barito Selatan;kecamatan karau kuala;desa muara arai
kabupaten Barito Selatan;kecamatan karau kuala;desa salat baru
kabupaten Barito Selatan;kecamatan karau kuala;desa talio
kabupaten Barito Selatan;kecamatan karau kuala;desa tampijak
kabupaten Barito Selatan;kecamatan karau kuala;desa teluk betung
kabupaten Barito Selatan;kecamatan karau kuala;desa teluk sampudau
kabupaten Barito Timur;kecamatan awang;desa ampari
kabupaten Barito Timur;kecamatan awang;desa apar batu
kabupaten Barito Timur;kecamatan awang;desa bangkirayen
kabupaten Barito Timur;kecamatan awang;desa biwan
kabupaten Barito Timur;kecamatan awang;desa danau
kabupaten Barito Timur;kecamatan awang;desa hayaping
kabupaten Barito Timur;kecamatan awang;desa janah jari
kabupaten Barito Timur;kecamatan awang;desa janah mansiwui
kabupaten Barito Timur;kecamatan awang;desa pianggu
kabupaten Barito Timur;kecamatan awang;desa tangkan
kabupaten Barito Timur;kecamatan awang;desa wungkur nanakan
kabupaten Barito Timur;kecamatan benua lima;desa bagok
kabupaten Barito Timur;kecamatan benua lima;desa bamban
kabupaten Barito Timur;kecamatan benua lima;desa banyu landas
kabupaten Barito Timur;kecamatan benua lima;desa gudang seng
kabupaten Barito Timur;kecamatan benua lima;desa kandris
kabupaten Barito Timur;kecamatan benua lima;kelurahan taniran
kabupaten Barito Timur;kecamatan benua lima;desa tewah pupuh
kabupaten Barito Timur;kecamatan dusun tengah;desa ampah dua
kabupaten Barito Timur;kecamatan dusun tengah;kelurahan ampah kota
kabupaten Barito Timur;kecamatan dusun tengah;desa muara awang
kabupaten Barito Timur;kecamatan dusun tengah;desa netampin
kabupaten Barito Timur;kecamatan dusun tengah;desa putai
kabupaten Barito Timur;kecamatan dusun tengah;desa rodok
kabupaten Barito Timur;kecamatan dusun tengah;desa saing
kabupaten Barito Timur;kecamatan dusun tengah;desa sumber garunggung
kabupaten Barito Timur;kecamatan dusun timur;desa didi
kabupaten Barito Timur;kecamatan dusun timur;desa dorong
kabupaten Barito Timur;kecamatan dusun timur;desa gumpa
kabupaten Barito Timur;kecamatan dusun timur;desa harara
kabupaten Barito Timur;kecamatan dusun timur;desa haringen
kabupaten Barito Timur;kecamatan dusun timur;desa jaar
kabupaten Barito Timur;kecamatan dusun timur;desa jaweten
kabupaten Barito Timur;kecamatan dusun timur;desa karang langit
kabupaten Barito Timur;kecamatan dusun timur;desa magantis
kabupaten Barito Timur;kecamatan dusun timur;desa mangkarap
kabupaten Barito Timur;kecamatan dusun timur;desa maragut
kabupaten Barito Timur;kecamatan dusun timur;desa matabu
kabupaten Barito Timur;kecamatan dusun timur;desa matarah
kabupaten Barito Timur;kecamatan dusun timur;desa pulau patai
kabupaten Barito Timur;kecamatan dusun timur;desa sarapat
kabupaten Barito Timur;kecamatan dusun timur;desa sumur
kabupaten Barito Timur;kecamatan dusun timur;kelurahan tamiang layang
kabupaten Barito Timur;kecamatan karusen janang;desa dayu
kabupaten Barito Timur;kecamatan karusen janang;desa ipu mea
kabupaten Barito Timur;kecamatan karusen janang;desa kandris
kabupaten Barito Timur;kecamatan karusen janang;desa lagan
kabupaten Barito Timur;kecamatan karusen janang;desa putut tawuluh
kabupaten Barito Timur;kecamatan karusen janang;desa simpang naneng
kabupaten Barito Timur;kecamatan karusen janang;desa wuran
kabupaten Barito Timur;kecamatan paju epat;desa balawa
kabupaten Barito Timur;kecamatan paju epat;desa juru banu
kabupaten Barito Timur;kecamatan paju epat;desa kalinapu
kabupaten Barito Timur;kecamatan paju epat;desa maipe
kabupaten Barito Timur;kecamatan paju epat;desa murutuwu
kabupaten Barito Timur;kecamatan paju epat;desa siong
kabupaten Barito Timur;kecamatan paju epat;desa tampu langit
kabupaten Barito Timur;kecamatan paju epat;desa telang
kabupaten Barito Timur;kecamatan paju epat;desa telang baru
kabupaten Barito Timur;kecamatan paku;desa bantai napu
kabupaten Barito Timur;kecamatan paku;desa gandrung
kabupaten Barito Timur;kecamatan paku;desa kalamus
kabupaten Barito Timur;kecamatan paku;desa kupang baru
kabupaten Barito Timur;kecamatan paku;desa luau jawuk
kabupaten Barito Timur;kecamatan paku;desa paku beto
kabupaten Barito Timur;kecamatan paku;desa pangkan
kabupaten Barito Timur;kecamatan paku;desa patung
kabupaten Barito Timur;kecamatan paku;desa runggu raya
kabupaten Barito Timur;kecamatan paku;desa simpang bingkuang
kabupaten Barito Timur;kecamatan paku;desa tampa
kabupaten Barito Timur;kecamatan paku;desa tarinsing
kabupaten Barito Timur;kecamatan patangkep tutui;desa ampari bora
kabupaten Barito Timur;kecamatan patangkep tutui;desa bentot
kabupaten Barito Timur;kecamatan patangkep tutui;desa betang nalong
kabupaten Barito Timur;kecamatan patangkep tutui;desa jango
kabupaten Barito Timur;kecamatan patangkep tutui;desa kambitin
kabupaten Barito Timur;kecamatan patangkep tutui;desa kotam
kabupaten Barito Timur;kecamatan patangkep tutui;desa lalap
kabupaten Barito Timur;kecamatan patangkep tutui;desa mawani
kabupaten Barito Timur;kecamatan patangkep tutui;desa pulau padang
kabupaten Barito Timur;kecamatan patangkep tutui;desa ramania
kabupaten Barito Timur;kecamatan pematang karau;desa bambulung
kabupaten Barito Timur;kecamatan pematang karau;desa bararawa
kabupaten Barito Timur;kecamatan pematang karau;desa ketab
kabupaten Barito Timur;kecamatan pematang karau;desa kupang bersih
kabupaten Barito Timur;kecamatan pematang karau;desa lampeong
kabupaten Barito Timur;kecamatan pematang karau;desa lebo
kabupaten Barito Timur;kecamatan pematang karau;desa muara palantau
kabupaten Barito Timur;kecamatan pematang karau;desa muru duyung
kabupaten Barito Timur;kecamatan pematang karau;desa nagaleah
kabupaten Barito Timur;kecamatan pematang karau;desa pinang tunggal
kabupaten Barito Timur;kecamatan pematang karau;desa sumber rejo
kabupaten Barito Timur;kecamatan pematang karau;desa tumpung ulung
kabupaten Barito Timur;kecamatan pematang karau;desa tuyau
kabupaten Barito Timur;kecamatan raren batuah;desa baruyan
kabupaten Barito Timur;kecamatan raren batuah;desa batuah
kabupaten Barito Timur;kecamatan raren batuah;desa lenggang
kabupaten Barito Timur;kecamatan raren batuah;desa malintut
kabupaten Barito Timur;kecamatan raren batuah;desa puri
kabupaten Barito Timur;kecamatan raren batuah;desa sibung
kabupaten Barito Timur;kecamatan raren batuah;desa tangkum
kabupaten Barito Timur;kecamatan raren batuah;desa turan amis
kabupaten Barito Timur;kecamatan raren batuah;desa unsum
kabupaten Barito Utara;kecamatan gunung purei;desa baok
kabupaten Barito Utara;kecamatan gunung purei;desa berong
kabupaten Barito Utara;kecamatan gunung purei;desa lampeong i
kabupaten Barito Utara;kecamatan gunung purei;desa lampeong ii
kabupaten Barito Utara;kecamatan gunung purei;desa lawarang
kabupaten Barito Utara;kecamatan gunung purei;desa linon besi i
kabupaten Barito Utara;kecamatan gunung purei;desa linon besi ii
kabupaten Barito Utara;kecamatan gunung purei;desa muara mea
kabupaten Barito Utara;kecamatan gunung purei;desa payang
kabupaten Barito Utara;kecamatan gunung purei;desa tambaba
kabupaten Barito Utara;kecamatan gunung purei;desa tanjung harapan
kabupaten Barito Utara;kecamatan gunung timang;desa baliti
kabupaten Barito Utara;kecamatan gunung timang;desa batu raya i
kabupaten Barito Utara;kecamatan gunung timang;desa batu raya ii
kabupaten Barito Utara;kecamatan gunung timang;desa jaman
kabupaten Barito Utara;kecamatan gunung timang;desa kandui
kabupaten Barito Utara;kecamatan gunung timang;desa ketapang
kabupaten Barito Utara;kecamatan gunung timang;desa majangkan
kabupaten Barito Utara;kecamatan gunung timang;desa malungai
kabupaten Barito Utara;kecamatan gunung timang;desa payang ara
kabupaten Barito Utara;kecamatan gunung timang;desa pelari
kabupaten Barito Utara;kecamatan gunung timang;desa rarawa
kabupaten Barito Utara;kecamatan gunung timang;desa sangkurang
kabupaten Barito Utara;kecamatan gunung timang;desa siwau
kabupaten Barito Utara;kecamatan gunung timang;desa tapen raya
kabupaten Barito Utara;kecamatan gunung timang;desa tongka
kabupaten Barito Utara;kecamatan gunung timang;desa walur
kabupaten Barito Utara;kecamatan lahei;desa bengahon
kabupaten Barito Utara;kecamatan lahei;desa haragandang
kabupaten Barito Utara;kecamatan lahei;desa hurung enep
kabupaten Barito Utara;kecamatan lahei;desa ipu
kabupaten Barito Utara;kecamatan lahei;desa juju baru
kabupaten Barito Utara;kecamatan lahei;desa karendan
kabupaten Barito Utara;kecamatan lahei;desa lahei i
kabupaten Barito Utara;kecamatan lahei;desa lahei ii
kabupaten Barito Utara;kecamatan lahei;desa muara bakah
kabupaten Barito Utara;kecamatan lahei;desa muara inu
kabupaten Barito Utara;kecamatan lahei;desa muara pari
kabupaten Barito Utara;kecamatan lahei;desa mukut
kabupaten Barito Utara;kecamatan lahei;desa rahaden
kabupaten Barito Utara;kecamatan lahei barat;desa benao hilir
kabupaten Barito Utara;kecamatan lahei barat;desa benao hulu
kabupaten Barito Utara;kecamatan lahei barat;desa jangkang baru
kabupaten Barito Utara;kecamatan lahei barat;desa jangkang lama
kabupaten Barito Utara;kecamatan lahei barat;desa karamuan
kabupaten Barito Utara;kecamatan lahei barat;desa luwe hilir
kabupaten Barito Utara;kecamatan lahei barat;desa luwe hulu
kabupaten Barito Utara;kecamatan lahei barat;desa nihan hilir
kabupaten Barito Utara;kecamatan lahei barat;desa nihan hulu
kabupaten Barito Utara;kecamatan lahei barat;desa papar pujung
kabupaten Barito Utara;kecamatan lahei barat;desa teluk malewai
kabupaten Barito Utara;kecamatan montallat;desa kamawen
kabupaten Barito Utara;kecamatan montallat;kelurahan montallat i
kabupaten Barito Utara;kecamatan montallat;kelurahan montallat ii
kabupaten Barito Utara;kecamatan montallat;desa paring lahung
kabupaten Barito Utara;kecamatan montallat;desa pepas
kabupaten Barito Utara;kecamatan montallat;desa rubei
kabupaten Barito Utara;kecamatan montallat;desa ruji
kabupaten Barito Utara;kecamatan montallat;desa sikan
kabupaten Barito Utara;kecamatan montallat;kelurahan tumpung laung i
kabupaten Barito Utara;kecamatan montallat;kelurahan tumpung laung ii
kabupaten Barito Utara;kecamatan teweh baru;desa gandring
kabupaten Barito Utara;kecamatan teweh baru;desa hajak
kabupaten Barito Utara;kecamatan teweh baru;kelurahan jambu
kabupaten Barito Utara;kecamatan teweh baru;kelurahan jingah
kabupaten Barito Utara;kecamatan teweh baru;desa liang buah
kabupaten Barito Utara;kecamatan teweh baru;desa liang naga
kabupaten Barito Utara;kecamatan teweh baru;desa malawaken
kabupaten Barito Utara;kecamatan teweh baru;desa panaen
kabupaten Barito Utara;kecamatan teweh baru;desa sabuh
kabupaten Barito Utara;kecamatan teweh baru;desa sikui
kabupaten Barito Utara;kecamatan teweh selatan;desa bintang ninggi i
kabupaten Barito Utara;kecamatan teweh selatan;desa bintang ninggi ii
kabupaten Barito Utara;kecamatan teweh selatan;desa bukit sawit
kabupaten Barito Utara;kecamatan teweh selatan;desa buntok baru
kabupaten Barito Utara;kecamatan teweh selatan;desa butong
kabupaten Barito Utara;kecamatan teweh selatan;desa pandran permai
kabupaten Barito Utara;kecamatan teweh selatan;desa pandran raya
kabupaten Barito Utara;kecamatan teweh selatan;desa tawan jaya
kabupaten Barito Utara;kecamatan teweh selatan;desa trahean
kabupaten Barito Utara;kecamatan teweh selatan;desa trinsing
kabupaten Barito Utara;kecamatan teweh tengah;desa beringin raya
kabupaten Barito Utara;kecamatan teweh tengah;desa datai nirui
kabupaten Barito Utara;kecamatan teweh tengah;kelurahan lanjas
kabupaten Barito Utara;kecamatan teweh tengah;desa lemo i
kabupaten Barito Utara;kecamatan teweh tengah;desa lemo ii
kabupaten Barito Utara;kecamatan teweh tengah;kelurahan melayu
kabupaten Barito Utara;kecamatan teweh tengah;desa pendreh
kabupaten Barito Utara;kecamatan teweh tengah;desa rimba sari
kabupaten Barito Utara;kecamatan teweh tengah;desa sei rahayu i
kabupaten Barito Utara;kecamatan teweh tengah;desa sei rahayu ii
kabupaten Barito Utara;kecamatan teweh timur;desa benangin i
kabupaten Barito Utara;kecamatan teweh timur;desa benangin ii
kabupaten Barito Utara;kecamatan teweh timur;desa benangin iii
kabupaten Barito Utara;kecamatan teweh timur;desa benangin v
kabupaten Barito Utara;kecamatan teweh timur;desa jamut
kabupaten Barito Utara;kecamatan teweh timur;desa liju
kabupaten Barito Utara;kecamatan teweh timur;desa mampuak i
kabupaten Barito Utara;kecamatan teweh timur;desa mampuak ii
kabupaten Barito Utara;kecamatan teweh timur;desa muara wakat
kabupaten Barito Utara;kecamatan teweh timur;desa sampirang i
kabupaten Barito Utara;kecamatan teweh timur;desa sampirang ii
kabupaten Barito Utara;kecamatan teweh timur;desa sei liju
kabupaten Gunung Mas;kecamatan damang batu;desa karetau rambangun
kabupaten Gunung Mas;kecamatan damang batu;desa karetau sarian
kabupaten Gunung Mas;kecamatan damang batu;desa lawang kanji
kabupaten Gunung Mas;kecamatan damang batu;desa tumbang anoi
kabupaten Gunung Mas;kecamatan damang batu;desa tumbang mahuroi
kabupaten Gunung Mas;kecamatan damang batu;desa tumbang maraya
kabupaten Gunung Mas;kecamatan damang batu;kelurahan tumbang marikoi
kabupaten Gunung Mas;kecamatan damang batu;desa tumbang posu
kabupaten Gunung Mas;kecamatan kahayan hulu utara;desa batu tangkui
kabupaten Gunung Mas;kecamatan kahayan hulu utara;desa dandang
kabupaten Gunung Mas;kecamatan kahayan hulu utara;desa penda rangas
kabupaten Gunung Mas;kecamatan kahayan hulu utara;desa teluk kanduri
kabupaten Gunung Mas;kecamatan kahayan hulu utara;desa tumbang hamputung
kabupaten Gunung Mas;kecamatan kahayan hulu utara;desa tumbang korik
kabupaten Gunung Mas;kecamatan kahayan hulu utara;kelurahan tumbang miri
kabupaten Gunung Mas;kecamatan kahayan hulu utara;desa tumbang pasangon
kabupaten Gunung Mas;kecamatan kahayan hulu utara;desa tumbang ponyoi
kabupaten Gunung Mas;kecamatan kahayan hulu utara;desa tumbang sian
kabupaten Gunung Mas;kecamatan kahayan hulu utara;desa tumbang tajungan
kabupaten Gunung Mas;kecamatan kahayan hulu utara;desa tumbang takaoi
kabupaten Gunung Mas;kecamatan kurun;desa hurung bunut
kabupaten Gunung Mas;kecamatan kurun;desa kuala kurun
kabupaten Gunung Mas;kecamatan kurun;desa penda pilang
kabupaten Gunung Mas;kecamatan kurun;desa petak bahandang
kabupaten Gunung Mas;kecamatan kurun;desa pilang munduk
kabupaten Gunung Mas;kecamatan kurun;kelurahan tampang tumbang anjir
kabupaten Gunung Mas;kecamatan kurun;desa tanjung riu
kabupaten Gunung Mas;kecamatan kurun;desa teluk nyatu
kabupaten Gunung Mas;kecamatan kurun;desa tewang pajangan
kabupaten Gunung Mas;kecamatan kurun;desa tumbang hakau
kabupaten Gunung Mas;kecamatan kurun;desa tumbang lampahung
kabupaten Gunung Mas;kecamatan kurun;desa tumbang manyangan
kabupaten Gunung Mas;kecamatan kurun;desa tumbang miwan
kabupaten Gunung Mas;kecamatan kurun;desa tumbang tambirah
kabupaten Gunung Mas;kecamatan kurun;desa tumbang tariak
kabupaten Gunung Mas;kecamatan manuhing;desa bangun sari
kabupaten Gunung Mas;kecamatan manuhing;desa belawan mulya
kabupaten Gunung Mas;kecamatan manuhing;desa bereng balawan
kabupaten Gunung Mas;kecamatan manuhing;desa bereng jun
kabupaten Gunung Mas;kecamatan manuhing;desa fajar harapan
kabupaten Gunung Mas;kecamatan manuhing;desa gohong
kabupaten Gunung Mas;kecamatan manuhing;desa takaras
kabupaten Gunung Mas;kecamatan manuhing;desa tangki dahuyan
kabupaten Gunung Mas;kecamatan manuhing;desa taringen
kabupaten Gunung Mas;kecamatan manuhing;desa tumbang jalemu
kabupaten Gunung Mas;kecamatan manuhing;desa tumbang sepan
kabupaten Gunung Mas;kecamatan manuhing;kelurahan tumbang talaken
kabupaten Gunung Mas;kecamatan manuhing raya;desa luwuk tukau
kabupaten Gunung Mas;kecamatan manuhing raya;desa putat durei
kabupaten Gunung Mas;kecamatan manuhing raya;kelurauhan tehang
kabupaten Gunung Mas;kecamatan manuhing raya;desa tumbang mantuhe
kabupaten Gunung Mas;kecamatan manuhing raya;desa tumbang oroi
kabupaten Gunung Mas;kecamatan manuhing raya;desa tumbang samui
kabupaten Gunung Mas;kecamatan mihing raya;desa dahian tambuk
kabupaten Gunung Mas;kecamatan mihing raya;kelurahan kampuri
kabupaten Gunung Mas;kecamatan mihing raya;desa rangan tate
kabupaten Gunung Mas;kecamatan mihing raya;desa tumbang danau
kabupaten Gunung Mas;kecamatan mihing raya;desa tumbang empas
kabupaten Gunung Mas;kecamatan mihing raya;desa tuyun
kabupaten Gunung Mas;kecamatan miri manasa;desa buntoi
kabupaten Gunung Mas;kecamatan miri manasa;desa harowo
kabupaten Gunung Mas;kecamatan miri manasa;desa mangkuhung
kabupaten Gunung Mas;kecamatan miri manasa;desa rangan hiran
kabupaten Gunung Mas;kecamatan miri manasa;desa tumbang hatung
kabupaten Gunung Mas;kecamatan miri manasa;desa tumbang koroi
kabupaten Gunung Mas;kecamatan miri manasa;desa tumbang lapan
kabupaten Gunung Mas;kecamatan miri manasa;desa tumbang manyoi
kabupaten Gunung Mas;kecamatan miri manasa;desa tumbang masukih
kabupaten Gunung Mas;kecamatan miri manasa;kelurahan tumbang napoi
kabupaten Gunung Mas;kecamatan miri manasa;desa tumbang siruk
kabupaten Gunung Mas;kecamatan rungan;desa bereng baru
kabupaten Gunung Mas;kecamatan rungan;desa bereng malaka
kabupaten Gunung Mas;kecamatan rungan;kelurahan jakatan raya
kabupaten Gunung Mas;kecamatan rungan;desa karya bhakti
kabupaten Gunung Mas;kecamatan rungan;desa linau
kabupaten Gunung Mas;kecamatan rungan;desa luwuk kantor
kabupaten Gunung Mas;kecamatan rungan;desa luwuk langkuas
kabupaten Gunung Mas;kecamatan rungan;desa parempei
kabupaten Gunung Mas;kecamatan rungan;desa talangkah
kabupaten Gunung Mas;kecamatan rungan;desa tumbang baringei
kabupaten Gunung Mas;kecamatan rungan;desa tumbang bunut
kabupaten Gunung Mas;kecamatan rungan;desa tumbang jutuh
kabupaten Gunung Mas;kecamatan rungan;desa tumbang kajuei
kabupaten Gunung Mas;kecamatan rungan;desa tumbang malahoi
kabupaten Gunung Mas;kecamatan rungan barat;desa hujung pata
kabupaten Gunung Mas;kecamatan rungan barat;desa jalemu masulan
kabupaten Gunung Mas;kecamatan rungan barat;desa jalemu raya
kabupaten Gunung Mas;kecamatan rungan barat;desa mangkawuk
kabupaten Gunung Mas;kecamatan rungan barat;kelurahan rabambang
kabupaten Gunung Mas;kecamatan rungan barat;desa tajah antang raya
kabupaten Gunung Mas;kecamatan rungan barat;desa tumbang bahanei
kabupaten Gunung Mas;kecamatan rungan barat;desa tumbang jalemu kajuei
kabupaten Gunung Mas;kecamatan rungan barat;desa tumbang kuayan
kabupaten Gunung Mas;kecamatan rungan barat;desa tumbang langgah
kabupaten Gunung Mas;kecamatan rungan barat;desa tusang raya
kabupaten Gunung Mas;kecamatan rungan hulu;desa batu puter
kabupaten Gunung Mas;kecamatan rungan hulu;desa hantapang
kabupaten Gunung Mas;kecamatan rungan hulu;desa jangkit
kabupaten Gunung Mas;kecamatan rungan hulu;desa sangal
kabupaten Gunung Mas;kecamatan rungan hulu;desa sei antai
kabupaten Gunung Mas;kecamatan rungan hulu;desa tumbang lapan
kabupaten Gunung Mas;kecamatan rungan hulu;desa tumbang mujai
kabupaten Gunung Mas;kecamatan rungan hulu;desa tumbang rahuyan
kabupaten Gunung Mas;kecamatan rungan hulu;desa tumbang tuwe
kabupaten Gunung Mas;kecamatan sepang;desa pematang limau
kabupaten Gunung Mas;kecamatan sepang;desa rabauh
kabupaten Gunung Mas;kecamatan sepang;desa sepang kota
kabupaten Gunung Mas;kecamatan sepang;kelurahan sepang simin
kabupaten Gunung Mas;kecamatan sepang;desa tampelas
kabupaten Gunung Mas;kecamatan sepang;desa tanjung karitak
kabupaten Gunung Mas;kecamatan sepang;desa tewai baru
kabupaten Gunung Mas;kecamatan tewah;desa batu nyapau
kabupaten Gunung Mas;kecamatan tewah;desa batu nyiwuh
kabupaten Gunung Mas;kecamatan tewah;desa karason raya
kabupaten Gunung Mas;kecamatan tewah;desa kasintu
kabupaten Gunung Mas;kecamatan tewah;desa rangan mihing
kabupaten Gunung Mas;kecamatan tewah;desa sandung tambun
kabupaten Gunung Mas;kecamatan tewah;desa sare rangan
kabupaten Gunung Mas;kecamatan tewah;desa sei riang
kabupaten Gunung Mas;kecamatan tewah;desa sumur mas
kabupaten Gunung Mas;kecamatan tewah;desa taja urap
kabupaten Gunung Mas;kecamatan tewah;desa tanjung untung
kabupaten Gunung Mas;kecamatan tewah;desa teluk lawah
kabupaten Gunung Mas;kecamatan tewah;kelurahan tewah
kabupaten Gunung Mas;kecamatan tewah;desa tumbang habaon
kabupaten Gunung Mas;kecamatan tewah;desa tumbang pajangei
kabupaten Gunung Mas;kecamatan tewah;desa upon batu
kabupaten kapuas;kecamatan basarang;desa basarang
kabupaten kapuas;kecamatan basarang;desa basarang jaya
kabupaten kapuas;kecamatan basarang;desa basungkai
kabupaten kapuas;kecamatan basarang;desa batu nindan
kabupaten kapuas;kecamatan basarang;desa batuah
kabupaten kapuas;kecamatan basarang;desa bungai jaya
kabupaten kapuas;kecamatan basarang;desa lunuk ramba
kabupaten kapuas;kecamatan basarang;desa maluen
kabupaten kapuas;kecamatan basarang;desa naning
kabupaten kapuas;kecamatan basarang;desa panarung
kabupaten kapuas;kecamatan basarang;desa pangkalan rekan
kabupaten kapuas;kecamatan basarang;desa pangkalan sari
kabupaten kapuas;kecamatan basarang;desa tambun raya
kabupaten kapuas;kecamatan basarang;desa tarung manuah
kabupaten kapuas;kecamatan bataguh;desa bamban raya
kabupaten kapuas;kecamatan bataguh;desa bangun harjo
kabupaten kapuas;kecamatan bataguh;desa budi mufakat
kabupaten kapuas;kecamatan bataguh;desa pulau kupang
kabupaten kapuas;kecamatan bataguh;desa pulau mambulau
kabupaten kapuas;kecamatan bataguh;desa sei jangkit
kabupaten kapuas;kecamatan bataguh;desa sei lunuk
kabupaten kapuas;kecamatan bataguh;desa tamban luar
kabupaten kapuas;kecamatan bataguh;desa terusan baguntan raya
kabupaten kapuas;kecamatan bataguh;desa terusan karya
kabupaten kapuas;kecamatan bataguh;desa terusan makmur
kabupaten kapuas;kecamatan bataguh;desa terusan mulya
kabupaten kapuas;kecamatan bataguh;desa terusan raya
kabupaten kapuas;kecamatan bataguh;desa terusan raya barat
kabupaten kapuas;kecamatan bataguh;desa terusan raya hulu
kabupaten kapuas;kecamatan dadahup;desa bentuk jaya
kabupaten kapuas;kecamatan dadahup;desa bina jaya
kabupaten kapuas;kecamatan dadahup;desa dadahup
kabupaten kapuas;kecamatan dadahup;upt dadahup f2
kabupaten kapuas;kecamatan dadahup;upt dadahup f5
kabupaten kapuas;kecamatan dadahup;desa dadahup raya
kabupaten kapuas;kecamatan dadahup;desa harapan baru
kabupaten kapuas;kecamatan dadahup;desa kahuripan permai
kabupaten kapuas;kecamatan dadahup;desa manuntung
kabupaten kapuas;kecamatan dadahup;desa menteng karya
kabupaten kapuas;kecamatan dadahup;desa petak batuah
kabupaten kapuas;kecamatan dadahup;desa sumber agung
kabupaten kapuas;kecamatan dadahup;desa sumber alaska
kabupaten kapuas;kecamatan dadahup;desa tambak bajai
kabupaten kapuas;kecamatan dadahup;desa tanjung harapan
kabupaten kapuas;kecamatan kapuas barat;desa anjir kalampan
kabupaten kapuas;kecamatan kapuas barat;desa basuta raya
kabupaten kapuas;kecamatan kapuas barat;desa maju bersama
kabupaten kapuas;kecamatan kapuas barat;desa mandomai
kabupaten kapuas;kecamatan kapuas barat;desa pantai
kabupaten kapuas;kecamatan kapuas barat;desa penda ketapi
kabupaten kapuas;kecamatan kapuas barat;desa saka mangkahai
kabupaten kapuas;kecamatan kapuas barat;desa saka tamiang
kabupaten kapuas;kecamatan kapuas barat;desa sei dusun
kabupaten kapuas;kecamatan kapuas barat;desa sei kayu
kabupaten kapuas;kecamatan kapuas barat;desa sei pitung
kabupaten kapuas;kecamatan kapuas barat;desa teluk hiri
kabupaten kapuas;kecamatan kapuas hilir;desa bakungin
kabupaten kapuas;kecamatan kapuas hilir;desa barimba
kabupaten kapuas;kecamatan kapuas hilir;desa dahirang
kabupaten kapuas;kecamatan kapuas hilir;desa hampatung
kabupaten kapuas;kecamatan kapuas hilir;desa mambulau
kabupaten kapuas;kecamatan kapuas hilir;desa saka batur
kabupaten kapuas;kecamatan kapuas hilir;desa sei asam
kabupaten kapuas;kecamatan kapuas hilir;desa sei pasah
kabupaten kapuas;kecamatan kapuas hulu;desa barunang ii
kabupaten kapuas;kecamatan kapuas hulu;desa bulau ngandung
kabupaten kapuas;kecamatan kapuas hulu;desa dirung koram
kabupaten kapuas;kecamatan kapuas hulu;desa hurung tabengan
kabupaten kapuas;kecamatan kapuas hulu;desa hurung tampang
kabupaten kapuas;kecamatan kapuas hulu;desa jakatan pari
kabupaten kapuas;kecamatan kapuas hulu;desa katanjung
kabupaten kapuas;kecamatan kapuas hulu;desa mampai jaya
kabupaten kapuas;kecamatan kapuas hulu;desa rahung bungai
kabupaten kapuas;kecamatan kapuas hulu;desa sei hanyo
kabupaten kapuas;kecamatan kapuas hulu;desa supang
kabupaten kapuas;kecamatan kapuas hulu;desa tangirang
kabupaten kapuas;kecamatan kapuas hulu;desa tumbang puroh
kabupaten kapuas;kecamatan kapuas hulu;desa tumbang sirat
kabupaten kapuas;kecamatan kapuas kuala;desa baranggau
kabupaten kapuas;kecamatan kapuas kuala;desa batanjung
kabupaten kapuas;kecamatan kapuas kuala;desa cemara labat
kabupaten kapuas;kecamatan kapuas kuala;desa lupak dalam
kabupaten kapuas;kecamatan kapuas kuala;desa lupak timur
kabupaten kapuas;kecamatan kapuas kuala;desa palampai
kabupaten kapuas;kecamatan kapuas kuala;desa pematang
kabupaten kapuas;kecamatan kapuas kuala;desa sei bakut
kabupaten kapuas;kecamatan kapuas kuala;desa sei teras
kabupaten kapuas;kecamatan kapuas kuala;desa simpang bunga tanjung
kabupaten kapuas;kecamatan kapuas kuala;desa tamban baru selatan
kabupaten kapuas;kecamatan kapuas kuala;desa tamban lupak
kabupaten kapuas;kecamatan kapuas kuala;desa wargo mulyo
kabupaten kapuas;kecamatan kapuas murung;desa belawang
kabupaten kapuas;kecamatan kapuas murung;desa bina karya
kabupaten kapuas;kecamatan kapuas murung;desa bina mekar
kabupaten kapuas;kecamatan kapuas murung;desa bina sejahtera
kabupaten kapuas;kecamatan kapuas murung;desa bumi rahayu
kabupaten kapuas;kecamatan kapuas murung;desa karya bersama
kabupaten kapuas;kecamatan kapuas murung;desa mampai
kabupaten kapuas;kecamatan kapuas murung;desa manggala permai
kabupaten kapuas;kecamatan kapuas murung;desa muara dadahup
kabupaten kapuas;kecamatan kapuas murung;desa palangkau baru
kabupaten kapuas;kecamatan kapuas murung;desa palangkau lama
kabupaten kapuas;kecamatan kapuas murung;desa palingkau asri
kabupaten kapuas;kecamatan kapuas murung;desa palingkau baru
kabupaten kapuas;kecamatan kapuas murung;desa palingkau jaya
kabupaten kapuas;kecamatan kapuas murung;desa palingkau lama
kabupaten kapuas;kecamatan kapuas murung;desa palingkau sejahtera
kabupaten kapuas;kecamatan kapuas murung;desa rawa subur
kabupaten kapuas;kecamatan kapuas murung;desa saka binjai
kabupaten kapuas;kecamatan kapuas murung;desa suka mukti
kabupaten kapuas;kecamatan kapuas murung;desa suka reja
kabupaten kapuas;kecamatan kapuas murung;desa sumber mulya
kabupaten kapuas;kecamatan kapuas murung;desa tajepan
kabupaten kapuas;kecamatan kapuas murung;desa talekung punai
kabupaten kapuas;kecamatan kapuas tengah;desa bajuh
kabupaten kapuas;kecamatan kapuas tengah;desa barunang
kabupaten kapuas;kecamatan kapuas tengah;desa buhut jaya
kabupaten kapuas;kecamatan kapuas tengah;desa hurung pukung
kabupaten kapuas;kecamatan kapuas tengah;desa karukus
kabupaten kapuas;kecamatan kapuas tengah;desa kayu bulan
kabupaten kapuas;kecamatan kapuas tengah;desa kota baru
kabupaten kapuas;kecamatan kapuas tengah;desa manis
kabupaten kapuas;kecamatan kapuas tengah;desa marapit
kabupaten kapuas;kecamatan kapuas tengah;desa masaran
kabupaten kapuas;kecamatan kapuas tengah;desa penda muntei
kabupaten kapuas;kecamatan kapuas tengah;desa pujon
kabupaten kapuas;kecamatan kapuas tengah;desa tapen
kabupaten kapuas;kecamatan kapuas timur;desa anjir mambulau barat
kabupaten kapuas;kecamatan kapuas timur;desa anjir mambulau tengah
kabupaten kapuas;kecamatan kapuas timur;desa anjir mambulau timur
kabupaten kapuas;kecamatan kapuas timur;desa anjir serapat barat
kabupaten kapuas;kecamatan kapuas timur;desa anjir serapat baru
kabupaten kapuas;kecamatan kapuas timur;desa anjir serapat tengah
kabupaten kapuas;kecamatan kapuas timur;desa anjir serapat timur
kabupaten kapuas;kecamatan mandau talawang;desa jakatan masaha
kabupaten kapuas;kecamatan mandau talawang;desa karetau manta'a
kabupaten kapuas;kecamatan mandau talawang;desa lawang tamang
kabupaten kapuas;kecamatan mandau talawang;desa masaha
kabupaten kapuas;kecamatan mandau talawang;desa masupa ria
kabupaten kapuas;kecamatan mandau talawang;desa sei pinang
kabupaten kapuas;kecamatan mandau talawang;desa tanjung rendan
kabupaten kapuas;kecamatan mandau talawang;desa tumbang bukoi
kabupaten kapuas;kecamatan mandau talawang;desa tumbang manyarung
kabupaten kapuas;kecamatan mandau talawang;desa tumbang tihis
kabupaten kapuas;kecamatan mantangai;desa bukit batu
kabupaten kapuas;kecamatan mantangai;desa danau rawah
kabupaten kapuas;kecamatan mantangai;desa harapan jaya
kabupaten kapuas;kecamatan mantangai;desa humbang raya
kabupaten kapuas;kecamatan mantangai;desa kaladan jaya
kabupaten kapuas;kecamatan mantangai;desa kalumpang
kabupaten kapuas;kecamatan mantangai;desa katimpun
kabupaten kapuas;kecamatan mantangai;desa katunjung
kabupaten kapuas;kecamatan mantangai;desa lahei mangkutup
kabupaten kapuas;kecamatan mantangai;desa lamunti
kabupaten kapuas;kecamatan mantangai;desa lamunti baru
kabupaten kapuas;kecamatan mantangai;desa lamunti permai
kabupaten kapuas;kecamatan mantangai;desa lapetan
kabupaten kapuas;kecamatan mantangai;desa mantangai hilir
kabupaten kapuas;kecamatan mantangai;desa mantangai hulu
kabupaten kapuas;kecamatan mantangai;desa mantangai tengah
kabupaten kapuas;kecamatan mantangai;desa manusup
kabupaten kapuas;kecamatan mantangai;desa manusup hilir
kabupaten kapuas;kecamatan mantangai;desa manyahi
kabupaten kapuas;kecamatan mantangai;desa muroi raya
kabupaten kapuas;kecamatan mantangai;desa pulau kaladan
kabupaten kapuas;kecamatan mantangai;desa rantau jaya
kabupaten kapuas;kecamatan mantangai;desa sari makmur
kabupaten kapuas;kecamatan mantangai;desa sei ahas
kabupaten kapuas;kecamatan mantangai;desa sei gawing
kabupaten kapuas;kecamatan mantangai;desa sei gita
kabupaten kapuas;kecamatan mantangai;desa sei kapar
kabupaten kapuas;kecamatan mantangai;desa sekata bangun
kabupaten kapuas;kecamatan mantangai;desa sekata makmur
kabupaten kapuas;kecamatan mantangai;desa sidomulyo
kabupaten kapuas;kecamatan mantangai;desa sriwidadi
kabupaten kapuas;kecamatan mantangai;desa suka maju
kabupaten kapuas;kecamatan mantangai;desa sumber makmur
kabupaten kapuas;kecamatan mantangai;desa tabore
kabupaten kapuas;kecamatan mantangai;desa tarantang
kabupaten kapuas;kecamatan mantangai;desa tumbang mangkutup
kabupaten kapuas;kecamatan mantangai;desa tumbang muroi
kabupaten kapuas;kecamatan mantangai;desa warga mulya
kabupaten kapuas;kecamatan pasak talawang;desa balai banjang
kabupaten kapuas;kecamatan pasak talawang;desa batu sambung
kabupaten kapuas;kecamatan pasak talawang;desa dandang
kabupaten kapuas;kecamatan pasak talawang;desa hurung kampin
kabupaten kapuas;kecamatan pasak talawang;desa jangkang
kabupaten kapuas;kecamatan pasak talawang;desa kaburan
kabupaten kapuas;kecamatan pasak talawang;desa sei ringin
kabupaten kapuas;kecamatan pasak talawang;desa tumbang diring
kabupaten kapuas;kecamatan pasak talawang;desa tumbang nusa
kabupaten kapuas;kecamatan pasak talawang;desa tumbang tukun
kabupaten kapuas;kecamatan pulau petak;desa anjir palambang
kabupaten kapuas;kecamatan pulau petak;desa banama
kabupaten kapuas;kecamatan pulau petak;desa bunga mawar
kabupaten kapuas;kecamatan pulau petak;desa handiwung
kabupaten kapuas;kecamatan pulau petak;desa mawar mekar
kabupaten kapuas;kecamatan pulau petak;desa narahan
kabupaten kapuas;kecamatan pulau petak;desa narahan baru
kabupaten kapuas;kecamatan pulau petak;desa palangkai
kabupaten kapuas;kecamatan pulau petak;desa saka lagun
kabupaten kapuas;kecamatan pulau petak;desa sei tatas
kabupaten kapuas;kecamatan pulau petak;desa sei tatas hilir
kabupaten kapuas;kecamatan pulau petak;desa teluk palinget
kabupaten kapuas;kecamatan selat;desa murung keramat
kabupaten kapuas;kecamatan selat;desa panamas
kabupaten kapuas;kecamatan selat;desa pulau telo
kabupaten kapuas;kecamatan selat;desa pulau telo baru
kabupaten kapuas;kecamatan selat;desa selat barat
kabupaten kapuas;kecamatan selat;desa selat dalam
kabupaten kapuas;kecamatan selat;desa selat hilir
kabupaten kapuas;kecamatan selat;desa selat hulu
kabupaten kapuas;kecamatan selat;desa selat tengah
kabupaten kapuas;kecamatan selat;desa selat utara
kabupaten kapuas;kecamatan tamban catur;desa bandar mekar
kabupaten kapuas;kecamatan tamban catur;desa bandaraya
kabupaten kapuas;kecamatan tamban catur;desa sido mulyo
kabupaten kapuas;kecamatan tamban catur;desa sidorejo
kabupaten kapuas;kecamatan tamban catur;desa tamban baru mekar
kabupaten kapuas;kecamatan tamban catur;desa tamban baru tengah
kabupaten kapuas;kecamatan tamban catur;desa tamban baru timur
kabupaten kapuas;kecamatan tamban catur;desa tamban jaya
kabupaten kapuas;kecamatan tamban catur;desa tamban makmur
kabupaten kapuas;kecamatan tamban catur;desa warna sari
kabupaten kapuas;kecamatan timpah;desa aruk
kabupaten kapuas;kecamatan timpah;desa batapah
kabupaten kapuas;kecamatan timpah;desa danau pantau
kabupaten kapuas;kecamatan timpah;desa lawang kajang
kabupaten kapuas;kecamatan timpah;desa lawang kamah
kabupaten kapuas;kecamatan timpah;desa lungku layang
kabupaten kapuas;kecamatan timpah;desa petak puti
kabupaten kapuas;kecamatan timpah;desa timpah
kabupaten kapuas;kecamatan timpah;desa tumbang randang
kabupaten katingan;kecamatan bukit raya;desa penda nange
kabupaten katingan;kecamatan bukit raya;desa rangan bahekang
kabupaten katingan;kecamatan bukit raya;desa rangan rondan
kabupaten katingan;kecamatan bukit raya;desa rantau pandan
kabupaten katingan;kecamatan bukit raya;desa tanjung batik
kabupaten katingan;kecamatan bukit raya;desa tumbang dahuei
kabupaten katingan;kecamatan bukit raya;desa tumbang gaei
kabupaten katingan;kecamatan bukit raya;desa tumbang kaburai
kabupaten katingan;kecamatan bukit raya;desa tumbang kajamei
kabupaten katingan;kecamatan bukit raya;desa tumbang karuei
kabupaten katingan;kecamatan bukit raya;desa tumbang kataei
kabupaten katingan;kecamatan kamipang;desa asem kumbang
kabupaten katingan;kecamatan kamipang;desa baun bango
kabupaten katingan;kecamatan kamipang;desa galinggang
kabupaten katingan;kecamatan kamipang;desa jahanjang
kabupaten katingan;kecamatan kamipang;desa karuing
kabupaten katingan;kecamatan kamipang;desa parupuk
kabupaten katingan;kecamatan kamipang;desa tampelas
kabupaten katingan;kecamatan kamipang;desa telaga
kabupaten katingan;kecamatan kamipang;desa tumbang runen
kabupaten katingan;kecamatan katingan hilir;desa banut kalanaman
kabupaten katingan;kecamatan katingan hilir;desa hampalit
kabupaten katingan;kecamatan katingan hilir;kelurahan kasongan baru
kabupaten katingan;kecamatan katingan hilir;kelurahan kasongan lama
kabupaten katingan;kecamatan katingan hilir;desa telangkah
kabupaten katingan;kecamatan katingan hilir;desa talian kereng
kabupaten katingan;kecamatan katingan hilir;desa tewang kadamba
kabupaten katingan;kecamatan katingan hilir;desa tumbang liting
kabupaten katingan;kecamatan katingan hulu;desa batu bango
kabupaten katingan;kecamatan katingan hulu;desa dehes asem
kabupaten katingan;kecamatan katingan hulu;desa kiham batang
kabupaten katingan;kecamatan katingan hulu;desa kuluk sapangi
kabupaten katingan;kecamatan katingan hulu;desa penda tanggaring baru
kabupaten katingan;kecamatan katingan hulu;desa penda tanggaring lama
kabupaten katingan;kecamatan katingan hulu;desa rangan kawit
kabupaten katingan;kecamatan katingan hulu;desa rangan ranjing
kabupaten katingan;kecamatan katingan hulu;desa rantau bahai
kabupaten katingan;kecamatan katingan hulu;desa rantau puka
kabupaten katingan;kecamatan katingan hulu;desa sei nanjan
kabupaten katingan;kecamatan katingan hulu;desa teluk tampang
kabupaten katingan;kecamatan katingan hulu;desa tumbang hangei ii
kabupaten katingan;kecamatan katingan hulu;desa tumbang jiga
kabupaten katingan;kecamatan katingan hulu;desa tumbang kabayan
kabupaten katingan;kecamatan katingan hulu;desa tumbang kuai
kabupaten katingan;kecamatan katingan hulu;desa tumbang labaning
kabupaten katingan;kecamatan katingan hulu;desa tumbang mahop
kabupaten katingan;kecamatan katingan hulu;desa tumbang manangei
kabupaten katingan;kecamatan katingan hulu;desa tumbang mangketai
kabupaten katingan;kecamatan katingan hulu;desa tumbang sabetung
kabupaten katingan;kecamatan katingan hulu;desa tumbang salaman
kabupaten katingan;kecamatan katingan hulu;kelurahan tumbang sanamang
kabupaten katingan;kecamatan katingan kuala;desa bakung raya
kabupaten katingan;kecamatan katingan kuala;desa bangun jaya
kabupaten katingan;kecamatan katingan kuala;desa bumi subur
kabupaten katingan;kecamatan katingan kuala;desa jaya makmur
kabupaten katingan;kecamatan katingan kuala;desa kampung baru
kabupaten katingan;kecamatan katingan kuala;desa kampung keramat
kabupaten katingan;kecamatan katingan kuala;desa kampung tengah
kabupaten katingan;kecamatan katingan kuala;desa makmur utama
kabupaten katingan;kecamatan katingan kuala;kelurahn pagatan hilir
kabupaten katingan;kecamatan katingan kuala;kelurahan pagatan hulu
kabupaten katingan;kecamatan katingan kuala;desa sebangau jaya
kabupaten katingan;kecamatan katingan kuala;desa selat baning
kabupaten katingan;kecamatan katingan kuala;desa setia mulia
kabupaten katingan;kecamatan katingan kuala;desa singam raya
kabupaten katingan;kecamatan katingan kuala;desa subur indah
kabupaten katingan;kecamatan katingan kuala;desa sungai kaki
kabupaten katingan;kecamatan katingan tengah;desa batu badinding
kabupaten katingan;kecamatan katingan tengah;desa mirah kalanaman
kabupaten katingan;kecamatan katingan tengah;desa napu sahur
kabupaten katingan;kecamatan katingan tengah;desa petak puti
kabupaten katingan;kecamatan katingan tengah;desa rantau asem
kabupaten katingan;kecamatan katingan tengah;desa samba bakumpai
kabupaten katingan;kecamatan katingan tengah;desa samba danum
kabupaten katingan;kecamatan katingan tengah;desa samba kahayan
kabupaten katingan;kecamatan katingan tengah;desa samba katung
kabupaten katingan;kecamatan katingan tengah;desa telok
kabupaten katingan;kecamatan katingan tengah;desa tewang panjang
kabupaten katingan;kecamatan katingan tengah;desa tumbang hangei
kabupaten katingan;kecamatan katingan tengah;desa tumbang kalemei
kabupaten katingan;kecamatan katingan tengah;desa tumbang lahang
kabupaten katingan;kecamatan katingan tengah;desa tumbang marak
kabupaten katingan;kecamatan katingan tengah;desa tumbang pariyei
kabupaten katingan;kecamatan marikit;desa batu panahan
kabupaten katingan;kecamatan marikit;desa buntut leleng
kabupaten katingan;kecamatan marikit;desa kuluk leleng
kabupaten katingan;kecamatan marikit;desa rangan burih
kabupaten katingan;kecamatan marikit;desa rangan surai
kabupaten katingan;kecamatan marikit;desa rangan tangko
kabupaten katingan;kecamatan marikit;desa sabaung
kabupaten katingan;kecamatan marikit;desa tumbang bemban
kabupaten katingan;kecamatan marikit;desa tumbang dakei
kabupaten katingan;kecamatan marikit;desa tumbang hiran
kabupaten katingan;kecamatan marikit;desa tumbang lambi
kabupaten katingan;kecamatan marikit;desa tumbang malawan
kabupaten katingan;kecamatan marikit;desa tumbang mandurei
kabupaten katingan;kecamatan marikit;desa tumbang pahanei
kabupaten katingan;kecamatan marikit;desa tumbang paku
kabupaten katingan;kecamatan marikit;desa tumbang tabulus
kabupaten katingan;kecamatan marikit;desa tumbang taei
kabupaten katingan;kecamatan marikit;desa tumbang tundu
kabupaten katingan;kecamatan mendawai;desa kampung melayu
kabupaten katingan;kecamatan mendawai;desa mekar tani
kabupaten katingan;kecamatan mendawai;desa mendawai
kabupaten katingan;kecamatan mendawai;desa perigi
kabupaten katingan;kecamatan mendawai;desa teluk sebulu
kabupaten katingan;kecamatan mendawai;desa tewang kampung
kabupaten katingan;kecamatan mendawai;desa tumbang bulan
kabupaten katingan;kecamatan petak malai;desa batu badak
kabupaten katingan;kecamatan petak malai;desa batu tukan
kabupaten katingan;kecamatan petak malai;desa nusa kutau
kabupaten katingan;kecamatan petak malai;desa tumbang baraoi
kabupaten katingan;kecamatan petak malai;desa tumbang habangoi
kabupaten katingan;kecamatan petak malai;desa tumbang jala
kabupaten katingan;kecamatan petak malai;desa tumbang tangoi
kabupaten katingan;kecamatan pulau malan;desa buntut bali
kabupaten katingan;kecamatan pulau malan;desa dahian tunggal
kabupaten katingan;kecamatan pulau malan;desa geragu
kabupaten katingan;kecamatan pulau malan;desa kuluk bali
kabupaten katingan;kecamatan pulau malan;desa manduing lama
kabupaten katingan;kecamatan pulau malan;desa manduing taheta
kabupaten katingan;kecamatan pulau malan;desa tewang darayu
kabupaten katingan;kecamatan pulau malan;desa tewang karangan
kabupaten katingan;kecamatan pulau malan;desa tewang papari
kabupaten katingan;kecamatan pulau malan;desa tumbang banjang
kabupaten katingan;kecamatan pulau malan;desa tumbang lawang
kabupaten katingan;kecamatan pulau malan;desa tumbang tanjung
kabupaten katingan;kecamatan pulau malan;desa tumbang tungku
kabupaten katingan;kecamatan pulau malan;desa tura
kabupaten katingan;kecamatan sanaman mantikei;desa daya manunggal
kabupaten katingan;kecamatan sanaman mantikei;desa dehes
kabupaten katingan;kecamatan sanaman mantikei;desa kamanto
kabupaten katingan;kecamatan sanaman mantikei;desa kuluk habuhus
kabupaten katingan;kecamatan sanaman mantikei;desa rantau bangkiang
kabupaten katingan;kecamatan sanaman mantikei;desa tumbang atei
kabupaten katingan;kecamatan sanaman mantikei;desa tumbang kaman
kabupaten katingan;kecamatan sanaman mantikei;desa tumbang kanei
kabupaten katingan;kecamatan sanaman mantikei;desa tumbang kawei
kabupaten katingan;kecamatan sanaman mantikei;desa tumbang labehu
kabupaten katingan;kecamatan sanaman mantikei;desa tumbang mangara
kabupaten katingan;kecamatan sanaman mantikei;desa tumbang manggo
kabupaten katingan;kecamatan sanaman mantikei;desa tumbang pangka
kabupaten katingan;kecamatan sanaman mantikei;desa tumbang taranei
kabupaten katingan;kecamatan tasik payawan;desa handiwung
kabupaten katingan;kecamatan tasik payawan;desa hiyang bana
kabupaten katingan;kecamatan tasik payawan;desa luwuk kanan
kabupaten katingan;kecamatan tasik payawan;desa luwuk kiri
kabupaten katingan;kecamatan tasik payawan;desa petak bahandang
kabupaten katingan;kecamatan tasik payawan;desa talingke
kabupaten katingan;kecamatan tasik payawan;desa tewang tampang
kabupaten katingan;kecamatan tasik payawan;desa tumbang panggo
kabupaten katingan;kecamatan tewang sangalang garing;desa bangkuang
kabupaten katingan;kecamatan tewang sangalang garing;desa hapalam
kabupaten katingan;kecamatan tewang sangalang garing;desa karya unggang
kabupaten katingan;kecamatan tewang sangalang garing;desa pendahara
kabupaten katingan;kecamatan tewang sangalang garing;desa tarusan danum
kabupaten katingan;kecamatan tewang sangalang garing;desa tewang baringin
kabupaten katingan;kecamatan tewang sangalang garing;desa tewang manyangen
kabupaten katingan;kecamatan tewang sangalang garing;desa tewang rangas
kabupaten katingan;kecamatan tewang sangalang garing;desa tewang rangkang
kabupaten katingan;kecamatan tewang sangalang garing;desa tumbang tarusan
kota palangkaraya;kecamatan bukit batu;kelurahan banturung
kota palangkaraya;kecamatan bukit batu;kelurahan habaring hurung
kota palangkaraya;kecamatan bukit batu;kelurahan kanarakan
kota palangkaraya;kecamatan bukit batu;kelurahan marang
kota palangkaraya;kecamatan bukit batu;kelurahan sei gohong
kota palangkaraya;kecamatan bukit batu;kelurahan tangkiling
kota palangkaraya;kecamatan bukit batu;kelurahan tumbang tahai
kota palangkaraya;kecamatan jekan raya;kelurahan bukit tunggal
kota palangkaraya;kecamatan jekan raya;kelurahan menteng
kota palangkaraya;kecamatan jekan raya;kelurahan palangka
kota palangkaraya;kecamatan jekan raya;kelurahan petuk katimpun
kota palangkaraya;kecamatan pahandut;kelurahan langkai
kota palangkaraya;kecamatan pahandut;kelurahan pahandut
kota palangkaraya;kecamatan pahandut;kelurahan pahandut seberang
kota palangkaraya;kecamatan pahandut;kelurahan panarung
kota palangkaraya;kecamatan pahandut;kelurahan tanjung pinang
kota palangkaraya;kecamatan pahandut;kelurahan tumbang rungan
kota palangkaraya;kecamatan rakumpit;kelurahan bukit sua
kota palangkaraya;kecamatan rakumpit;kelurahan gaung baru
kota palangkaraya;kecamatan rakumpit;kelurahan mungku baru
kota palangkaraya;kecamatan rakumpit;kelurahan pager
kota palangkaraya;kecamatan rakumpit;kelurahan panjehang
kota palangkaraya;kecamatan rakumpit;kelurahan petuk barunai
kota palangkaraya;kecamatan rakumpit;kelurahan petuk bukit
kota palangkaraya;kecamatan sabangau;desa bereng bengkel
kota palangkaraya;kecamatan sabangau;desa danau tundai
kota palangkaraya;kecamatan sabangau;desa kalampangan
kota palangkaraya;kecamatan sabangau;desa kameloh baru
kota palangkaraya;kecamatan sabangau;desa kereng bangkirai
kota palangkaraya;kecamatan sabangau;desa sabaru
kabupaten Kotawaringin Barat;kecamatan arut selatan;kelurahan baru
kabupaten Kotawaringin Barat;kecamatan arut selatan;desa kenambui
kabupaten Kotawaringin Barat;kecamatan arut selatan;desa kumpai batu atas
kabupaten Kotawaringin Barat;kecamatan arut selatan;desa kumpai batu bawah
kabupaten Kotawaringin Barat;kecamatan arut selatan;kelurahan madurejo
kabupaten Kotawaringin Barat;kecamatan arut selatan;desa medang sari
kabupaten Kotawaringin Barat;kecamatan arut selatan;kelurahan mendawai
kabupaten Kotawaringin Barat;kecamatan arut selatan;kelurahan mendawai seberang
kabupaten Kotawaringin Barat;kecamatan arut selatan;desa natai baru
kabupaten Kotawaringin Barat;kecamatan arut selatan;desa natai raya
kabupaten Kotawaringin Barat;kecamatan arut selatan;desa pasir panjang
kabupaten Kotawaringin Barat;kecamatan arut selatan;kelurahan raja
kabupaten Kotawaringin Barat;kecamatan arut selatan;kelurahan raja seberang
kabupaten Kotawaringin Barat;kecamatan arut selatan;desa rangda
kabupaten Kotawaringin Barat;kecamatan arut selatan;desa runtu
kabupaten Kotawaringin Barat;kecamatan arut selatan;kelurahan sidorejo
kabupaten Kotawaringin Barat;kecamatan arut selatan;desa sulung
kabupaten Kotawaringin Barat;kecamatan arut selatan;desa tanjung putri
kabupaten Kotawaringin Barat;kecamatan arut selatan;desa tanjung terantang
kabupaten Kotawaringin Barat;kecamatan arut selatan;desa umpang
kabupaten Kotawaringin Barat;kecamatan arut utara;desa gandis
kabupaten Kotawaringin Barat;kecamatan arut utara;desa kerabu
kabupaten Kotawaringin Barat;kecamatan arut utara;desa nanga mua
kabupaten Kotawaringin Barat;kecamatan arut utara;desa panahan
kabupaten Kotawaringin Barat;kecamatan arut utara;desa pandau
kabupaten Kotawaringin Barat;kecamatan arut utara;desa pangkut
kabupaten Kotawaringin Barat;kecamatan arut utara;desa penyombaan
kabupaten Kotawaringin Barat;kecamatan arut utara;desa riam
kabupaten Kotawaringin Barat;kecamatan arut utara;desa sambi
kabupaten Kotawaringin Barat;kecamatan arut utara;desa sukarami
kabupaten Kotawaringin Barat;kecamatan arut utara;desa sungai dau
kabupaten Kotawaringin Barat;kecamatan kotawaringin lama;desa babual baboti
kabupaten Kotawaringin Barat;kecamatan kotawaringin lama;desa dawak
kabupaten Kotawaringin Barat;kecamatan kotawaringin lama;desa ipuh bangun jaya
kabupaten Kotawaringin Barat;kecamatan kotawaringin lama;desa kinjil
kabupaten Kotawaringin Barat;kecamatan kotawaringin lama;desa kondang
kabupaten Kotawaringin Barat;kecamatan kotawaringin lama;kelurahan kotawaringin hilir
kabupaten Kotawaringin Barat;kecamatan kotawaringin lama;kelurahan kotawaringin hulu
kabupaten Kotawaringin Barat;kecamatan kotawaringin lama;desa lalang
kabupaten Kotawaringin Barat;kecamatan kotawaringin lama;desa palih baru
kabupaten Kotawaringin Barat;kecamatan kotawaringin lama;desa riam durian
kabupaten Kotawaringin Barat;kecamatan kotawaringin lama;desa rungun
kabupaten Kotawaringin Barat;kecamatan kotawaringin lama;desa sagu sukamulya
kabupaten Kotawaringin Barat;kecamatan kotawaringin lama;desa sakabulin
kabupaten Kotawaringin Barat;kecamatan kotawaringin lama;desa sukajaya
kabupaten Kotawaringin Barat;kecamatan kotawaringin lama;desa suka makmur
kabupaten Kotawaringin Barat;kecamatan kotawaringin lama;desa sumber mukti
kabupaten Kotawaringin Barat;kecamatan kotawaringin lama;desa tempayung
kabupaten Kotawaringin Barat;kecamatan kumai;desa batu belaman
kabupaten Kotawaringin Barat;kecamatan kumai;desa bumi harjo
kabupaten Kotawaringin Barat;kecamatan kumai;kelurahan candi
kabupaten Kotawaringin Barat;kecamatan kumai;desa keraya
kabupaten Kotawaringin Barat;kecamatan kumai;desa kubu
kabupaten Kotawaringin Barat;kecamatan kumai;kelurahan kumai hilir
kabupaten Kotawaringin Barat;kecamatan kumai;kelurahan kumai hulu
kabupaten Kotawaringin Barat;kecamatan kumai;desa pangkalan satu
kabupaten Kotawaringin Barat;kecamatan kumai;desa sabuai
kabupaten Kotawaringin Barat;kecamatan kumai;desa sabuai timur
kabupaten Kotawaringin Barat;kecamatan kumai;desa sungai bakau
kabupaten Kotawaringin Barat;kecamatan kumai;desa sungai bedaun
kabupaten Kotawaringin Barat;kecamatan kumai;desa sungai cabang
kabupaten Kotawaringin Barat;kecamatan kumai;desa sungai kapitan
kabupaten Kotawaringin Barat;kecamatan kumai;desa sungai sekonyer
kabupaten Kotawaringin Barat;kecamatan kumai;desa sungai tendang
kabupaten Kotawaringin Barat;kecamatan kumai;desa teluk bogam
kabupaten Kotawaringin Barat;kecamatan kumai;desa teluk pulai
kabupaten Kotawaringin Barat;kecamatan pangkalan banteng;desa amin jaya
kabupaten Kotawaringin Barat;kecamatan pangkalan banteng;desa arga mulya
kabupaten Kotawaringin Barat;kecamatan pangkalan banteng;desa berambai makmur
kabupaten Kotawaringin Barat;kecamatan pangkalan banteng;desa karang mulya
kabupaten Kotawaringin Barat;kecamatan pangkalan banteng;desa karang sari
kabupaten Kotawaringin Barat;kecamatan pangkalan banteng;desa kebun agung
kabupaten Kotawaringin Barat;kecamatan pangkalan banteng;desa marga mulya
kabupaten Kotawaringin Barat;kecamatan pangkalan banteng;desa mulya jadi
kabupaten Kotawaringin Barat;kecamatan pangkalan banteng;desa natai kerbau
kabupaten Kotawaringin Barat;kecamatan pangkalan banteng;desa pangkalan banteng
kabupaten Kotawaringin Barat;kecamatan pangkalan banteng;desa sido mulyo
kabupaten Kotawaringin Barat;kecamatan pangkalan banteng;desa simpang berambai
kabupaten Kotawaringin Barat;kecamatan pangkalan banteng;desa sungai bengkuang
kabupaten Kotawaringin Barat;kecamatan pangkalan banteng;desa sungai hijau
kabupaten Kotawaringin Barat;kecamatan pangkalan banteng;desa sungai kuning
kabupaten Kotawaringin Barat;kecamatan pangkalan banteng;desa sungai pakit
kabupaten Kotawaringin Barat;kecamatan pangkalan banteng;desa sungai pulau
kabupaten Kotawaringin Barat;kecamatan pangkalan lada;desa kadipi atas
kabupaten Kotawaringin Barat;kecamatan pangkalan lada;desa lada mandala jaya
kabupaten Kotawaringin Barat;kecamatan pangkalan lada;desa makarti jaya
kabupaten Kotawaringin Barat;kecamatan pangkalan lada;desa pandu sanjaya
kabupaten Kotawaringin Barat;kecamatan pangkalan lada;desa pangkalan dewa
kabupaten Kotawaringin Barat;kecamatan pangkalan lada;desa pangkalan durin
kabupaten Kotawaringin Barat;kecamatan pangkalan lada;desa pangkalan tiga
kabupaten Kotawaringin Barat;kecamatan pangkalan lada;desa purbasari
kabupaten Kotawaringin Barat;kecamatan pangkalan lada;desa sumber agung
kabupaten Kotawaringin Barat;kecamatan pangkalan lada;desa sungai melawen
kabupaten Kotawaringin Barat;kecamatan pangkalan lada;desa sungai rangit jaya
kabupaten Kotawaringin Timur;kecamatan antang kalang;desa bhakti karya
kabupaten Kotawaringin Timur;kecamatan antang kalang;desa buntut nusa
kabupaten Kotawaringin Timur;kecamatan antang kalang;desa gunung makmur
kabupaten Kotawaringin Timur;kecamatan antang kalang;desa kuluk telawang
kabupaten Kotawaringin Timur;kecamatan antang kalang;desa mulya agung
kabupaten Kotawaringin Timur;kecamatan antang kalang;desa sungai hanya
kabupaten Kotawaringin Timur;kecamatan antang kalang;desa sungai puring
kabupaten Kotawaringin Timur;kecamatan antang kalang;desa tumbang gagu
kabupaten Kotawaringin Timur;kecamatan antang kalang;desa tumbang hejan
kabupaten Kotawaringin Timur;kecamatan antang kalang;desa tumbang kalang
kabupaten Kotawaringin Timur;kecamatan antang kalang;desa tumbang manya
kabupaten Kotawaringin Timur;kecamatan antang kalang;desa tumbang ngahan
kabupaten Kotawaringin Timur;kecamatan antang kalang;desa tumbang ramei
kabupaten Kotawaringin Timur;kecamatan antang kalang;desa tumbang sepayang
kabupaten Kotawaringin Timur;kecamatan antang kalang;desa waringin agung
kabupaten Kotawaringin Timur;kecamatan baamang;kelurahan baamang barat
kabupaten Kotawaringin Timur;kecamatan baamang;kelurahan baamang hilir
kabupaten Kotawaringin Timur;kecamatan baamang;kelurahan baamang hulu
kabupaten Kotawaringin Timur;kecamatan baamang;kelurahan baamang tengah
kabupaten Kotawaringin Timur;kecamatan baamang;kelurahan tanah mas
kabupaten Kotawaringin Timur;kecamatan baamang;desa tinduk
kabupaten Kotawaringin Timur;kecamatan bukit santuai;desa lunuk bagantung
kabupaten Kotawaringin Timur;kecamatan bukit santuai;desa tanah haluan
kabupaten Kotawaringin Timur;kecamatan bukit santuai;desa tewai hara
kabupaten Kotawaringin Timur;kecamatan bukit santuai;desa tumbang batu
kabupaten Kotawaringin Timur;kecamatan bukit santuai;desa tumbang getas
kabupaten Kotawaringin Timur;kecamatan bukit santuai;desa tumbang kaminting
kabupaten Kotawaringin Timur;kecamatan bukit santuai;desa tumbang kania
kabupaten Kotawaringin Timur;kecamatan bukit santuai;desa tumbang panyahuan
kabupaten Kotawaringin Timur;kecamatan bukit santuai;desa tumbang payang
kabupaten Kotawaringin Timur;kecamatan bukit santuai;desa tumbang saluang
kabupaten Kotawaringin Timur;kecamatan bukit santuai;desa tumbang sapia
kabupaten Kotawaringin Timur;kecamatan bukit santuai;desa tumbang tawan
kabupaten Kotawaringin Timur;kecamatan bukit santuai;desa tumbang tilap
kabupaten Kotawaringin Timur;kecamatan bukit santuai;desa tumbang torung
kabupaten Kotawaringin Timur;kecamatan cempaga;desa cempaka mulia barat
kabupaten Kotawaringin Timur;kecamatan cempaga;desa cempaka mulia timur
kabupaten Kotawaringin Timur;kecamatan cempaga;desa jemaras
kabupaten Kotawaringin Timur;kecamatan cempaga;desa luwuk bunter
kabupaten Kotawaringin Timur;kecamatan cempaga;desa luwuk ranggan
kabupaten Kotawaringin Timur;kecamatan cempaga;desa patai
kabupaten Kotawaringin Timur;kecamatan cempaga;desa rubung buyung
kabupaten Kotawaringin Timur;kecamatan cempaga;desa sungai paring
kabupaten Kotawaringin Timur;kecamatan cempaga hulu;desa bukit batu
kabupaten Kotawaringin Timur;kecamatan cempaga hulu;desa bukit raya
kabupaten Kotawaringin Timur;kecamatan cempaga hulu;desa keruing
kabupaten Kotawaringin Timur;kecamatan cempaga hulu;desa pantai harapan
kabupaten Kotawaringin Timur;kecamatan cempaga hulu;desa parit
kabupaten Kotawaringin Timur;kecamatan cempaga hulu;desa pelantaran
kabupaten Kotawaringin Timur;kecamatan cempaga hulu;desa pundu
kabupaten Kotawaringin Timur;kecamatan cempaga hulu;desa selucing
kabupaten Kotawaringin Timur;kecamatan cempaga hulu;desa sudan
kabupaten Kotawaringin Timur;kecamatan cempaga hulu;desa sungai ubar mandiiri
kabupaten Kotawaringin Timur;kecamatan cempaga hulu;desa tumbang koling
kabupaten Kotawaringin Timur;kecamatan kota besi;desa bajarum
kabupaten Kotawaringin Timur;kecamatan kota besi;desa camba
kabupaten Kotawaringin Timur;kecamatan kota besi;desa hanjalipan
kabupaten Kotawaringin Timur;kecamatan kota besi;desa kandan
kabupaten Kotawaringin Timur;kecamatan kota besi;kelurahan kota besi hilir
kabupaten Kotawaringin Timur;kecamatan kota besi;kelurahan kota besi hulu
kabupaten Kotawaringin Timur;kecamatan kota besi;desa palangan
kabupaten Kotawaringin Timur;kecamatan kota besi;desa pamalian
kabupaten Kotawaringin Timur;kecamatan kota besi;desa rasau tumbuh
kabupaten Kotawaringin Timur;kecamatan kota besi;desa simpur
kabupaten Kotawaringin Timur;kecamatan kota besi;desa soren
kabupaten Kotawaringin Timur;kecamatan mentawa baru ketapang;desa bangkuang makmur
kabupaten Kotawaringin Timur;kecamatan mentawa baru ketapang;desa bapanggang raya
kabupaten Kotawaringin Timur;kecamatan mentawa baru ketapang;desa bapeang
kabupaten Kotawaringin Timur;kecamatan mentawa baru ketapang;desa eka bahurui
kabupaten Kotawaringin Timur;kecamatan mentawa baru ketapang;kelurahan ketapang
kabupaten Kotawaringin Timur;kecamatan mentawa baru ketapang;kelurahan mentawa baru hilir
kabupaten Kotawaringin Timur;kecamatan mentawa baru ketapang;kelurahan mentawa baru hulu
kabupaten Kotawaringin Timur;kecamatan mentawa baru ketapang;kelurahan pasir putih
kabupaten Kotawaringin Timur;kecamatan mentawa baru ketapang;desa pelangsian
kabupaten Kotawaringin Timur;kecamatan mentawa baru ketapang;kelurahan sawahan
kabupaten Kotawaringin Timur;kecamatan mentawa baru ketapang;desa telaga baru
kabupaten Kotawaringin Timur;kecamatan mentaya hilir selatan;kelurahan basirih hilir
kabupaten Kotawaringin Timur;kecamatan mentaya hilir selatan;desa basirih hulu
kabupaten Kotawaringin Timur;kecamatan mentaya hilir selatan;desa handil sohor
kabupaten Kotawaringin Timur;kecamatan mentaya hilir selatan;desa jaya karet
kabupaten Kotawaringin Timur;kecamatan mentaya hilir selatan;desa jaya kelapa
kabupaten Kotawaringin Timur;kecamatan mentaya hilir selatan;desa samuda besar
kabupaten Kotawaringin Timur;kecamatan mentaya hilir selatan;desa samuda kecil
kabupaten Kotawaringin Timur;kecamatan mentaya hilir selatan;kelurahan samuda kota
kabupaten Kotawaringin Timur;kecamatan mentaya hilir selatan;desa sebamban
kabupaten Kotawaringin Timur;kecamatan mentaya hilir selatan;desa sei ijum raya
kabupaten Kotawaringin Timur;kecamatan mentaya hilir utara;desa bagendang hilir
kabupaten Kotawaringin Timur;kecamatan mentaya hilir utara;desa bagendang hulu
kabupaten Kotawaringin Timur;kecamatan mentaya hilir utara;desa bagendang permai
kabupaten Kotawaringin Timur;kecamatan mentaya hilir utara;desa bagendang tengah
kabupaten Kotawaringin Timur;kecamatan mentaya hilir utara;desa natai baru
kabupaten Kotawaringin Timur;kecamatan mentaya hilir utara;desa pondok damar
kabupaten Kotawaringin Timur;kecamatan mentaya hilir utara;desa sumber makmur
kabupaten Kotawaringin Timur;kecamatan mentaya hulu;desa baampah
kabupaten Kotawaringin Timur;kecamatan mentaya hulu;kelurahan bawan
kabupaten Kotawaringin Timur;kecamatan mentaya hulu;desa kapuk
kabupaten Kotawaringin Timur;kecamatan mentaya hulu;desa kawan batu
kabupaten Kotawaringin Timur;kecamatan mentaya hulu;desa kuala kuayan
kabupaten Kotawaringin Timur;kecamatan mentaya hulu;desa pahirangan
kabupaten Kotawaringin Timur;kecamatan mentaya hulu;desa pantap
kabupaten Kotawaringin Timur;kecamatan mentaya hulu;desa pemantang
kabupaten Kotawaringin Timur;kecamatan mentaya hulu;desa penda durian
kabupaten Kotawaringin Timur;kecamatan mentaya hulu;desa santilik
kabupaten Kotawaringin Timur;kecamatan mentaya hulu;desa satiung
kabupaten Kotawaringin Timur;kecamatan mentaya hulu;desa tangar
kabupaten Kotawaringin Timur;kecamatan mentaya hulu;desa tangka robah
kabupaten Kotawaringin Timur;kecamatan mentaya hulu;desa tanjung bantur
kabupaten Kotawaringin Timur;kecamatan mentaya hulu;desa tanjung jariangau
kabupaten Kotawaringin Timur;kecamatan mentaya hulu;desa tumbang sapiri
kabupaten Kotawaringin Timur;kecamatan parenggean;desa bajarau
kabupaten Kotawaringin Timur;kecamatan parenggean;desa bandar agung
kabupaten Kotawaringin Timur;kecamatan parenggean;desa barunang miri
kabupaten Kotawaringin Timur;kecamatan parenggean;desa beringin tunggal jaya
kabupaten Kotawaringin Timur;kecamatan parenggean;desa bukit harapan
kabupaten Kotawaringin Timur;kecamatan parenggean;desa kabuau
kabupaten Kotawaringin Timur;kecamatan parenggean;desa karang sari
kabupaten Kotawaringin Timur;kecamatan parenggean;desa karang tunggal
kabupaten Kotawaringin Timur;kecamatan parenggean;desa karya bersama
kabupaten Kotawaringin Timur;kecamatan parenggean;desa manjalin
kabupaten Kotawaringin Timur;kecamatan parenggean;desa mekar jaya
kabupaten Kotawaringin Timur;kecamatan parenggean;kelurahan parenggean
kabupaten Kotawaringin Timur;kecamatan parenggean;desa sari harapan
kabupaten Kotawaringin Timur;kecamatan parenggean;desa sumber makmur
kabupaten Kotawaringin Timur;kecamatan parenggean;desa tehang
kabupaten Kotawaringin Timur;kecamatan pulau hanaut;desa babaung
kabupaten Kotawaringin Timur;kecamatan pulau hanaut;desa babirah
kabupaten Kotawaringin Timur;kecamatan pulau hanaut;desa bamadu
kabupaten Kotawaringin Timur;kecamatan pulau hanaut;desa bantian
kabupaten Kotawaringin Timur;kecamatan pulau hanaut;desa bapinang hilir
kabupaten Kotawaringin Timur;kecamatan pulau hanaut;desa bapinang hilir laut
kabupaten Kotawaringin Timur;kecamatan pulau hanaut;desa bapinang hulu
kabupaten Kotawaringin Timur;kecamatan pulau hanaut;desa hanaut
kabupaten Kotawaringin Timur;kecamatan pulau hanaut;desa hantipan
kabupaten Kotawaringin Timur;kecamatan pulau hanaut;desa makarti jaya
kabupaten Kotawaringin Timur;kecamatan pulau hanaut;desa penyaguan
kabupaten Kotawaringin Timur;kecamatan pulau hanaut;desa rawa sari
kabupaten Kotawaringin Timur;kecamatan pulau hanaut;desa satiruk
kabupaten Kotawaringin Timur;kecamatan pulau hanaut;desa serambut
kabupaten Kotawaringin Timur;kecamatan seranau;desa batuah
kabupaten Kotawaringin Timur;kecamatan seranau;desa ganepo
kabupaten Kotawaringin Timur;kecamatan seranau;kelurahan mentaya seberang
kabupaten Kotawaringin Timur;kecamatan seranau;desa seragam jaya
kabupaten Kotawaringin Timur;kecamatan seranau;desa terantang
kabupaten Kotawaringin Timur;kecamatan seranau;desa terantang hilir
kabupaten Kotawaringin Timur;kecamatan telaga antang;desa agung mulya
kabupaten Kotawaringin Timur;kecamatan telaga antang;desa batu agung
kabupaten Kotawaringin Timur;kecamatan telaga antang;desa beringin agung
kabupaten Kotawaringin Timur;kecamatan telaga antang;desa buana mustika
kabupaten Kotawaringin Timur;kecamatan telaga antang;desa bukit indah
kabupaten Kotawaringin Timur;kecamatan telaga antang;desa luwuk kuwan
kabupaten Kotawaringin Timur;kecamatan telaga antang;desa rantau katang
kabupaten Kotawaringin Timur;kecamatan telaga antang;desa rantau sawang
kabupaten Kotawaringin Timur;kecamatan telaga antang;desa rantau suang
kabupaten Kotawaringin Timur;kecamatan telaga antang;desa rantau tampang
kabupaten Kotawaringin Timur;kecamatan telaga antang;desa tanjung harapan
kabupaten Kotawaringin Timur;kecamatan telaga antang;desa tri buana
kabupaten Kotawaringin Timur;kecamatan telaga antang;desa tukang langit
kabupaten Kotawaringin Timur;kecamatan telaga antang;desa tumbang bajanei
kabupaten Kotawaringin Timur;kecamatan telaga antang;desa tumbang boloi
kabupaten Kotawaringin Timur;kecamatan telaga antang;desa tumbang mangkup
kabupaten Kotawaringin Timur;kecamatan telaga antang;desa tumbang puan
kabupaten Kotawaringin Timur;kecamatan telaga antang;desa tumbang sangai
kabupaten Kotawaringin Timur;kecamatan telawang;desa biru maju
kabupaten Kotawaringin Timur;kecamatan telawang;desa kenyala
kabupaten Kotawaringin Timur;kecamatan telawang;desa penyang
kabupaten Kotawaringin Timur;kecamatan telawang;desa sebabi
kabupaten Kotawaringin Timur;kecamatan telawang;desa sumber makmur
kabupaten Kotawaringin Timur;kecamatan telawang;desa tanah putih
kabupaten Kotawaringin Timur;kecamatan teluk sampit;desa basawang
kabupaten Kotawaringin Timur;kecamatan teluk sampit;desa kuin permai
kabupaten Kotawaringin Timur;kecamatan teluk sampit;desa lampuyang
kabupaten Kotawaringin Timur;kecamatan teluk sampit;desa parebok
kabupaten Kotawaringin Timur;kecamatan teluk sampit;desa regei lestari
kabupaten Kotawaringin Timur;kecamatan teluk sampit;desa ujung pandaran
kabupaten Kotawaringin Timur;kecamatan tualan hulu;desa bukit makmur
kabupaten Kotawaringin Timur;kecamatan tualan hulu;desa cempaka putih
kabupaten Kotawaringin Timur;kecamatan tualan hulu;desa damar makmur
kabupaten Kotawaringin Timur;kecamatan tualan hulu;desa jati waringin
kabupaten Kotawaringin Timur;kecamatan tualan hulu;desa luwuk sampun
kabupaten Kotawaringin Timur;kecamatan tualan hulu;desa mekar sari
kabupaten Kotawaringin Timur;kecamatan tualan hulu;desa merah
kabupaten Kotawaringin Timur;kecamatan tualan hulu;desa sebungsu
kabupaten Kotawaringin Timur;kecamatan tualan hulu;desa tanjung jorong
kabupaten Kotawaringin Timur;kecamatan tualan hulu;desa tumbang mujam
kabupaten Kotawaringin Timur;kecamatan tualan hulu;desa wonosari
kabupaten lamandau;kecamatan batangkawa;desa batu tambun
kabupaten lamandau;kecamatan batangkawa;desa benakitan
kabupaten lamandau;kecamatan batangkawa;desa ginih
kabupaten lamandau;kecamatan batangkawa;desa jamuat
kabupaten lamandau;kecamatan batangkawa;desa karang mas
kabupaten lamandau;kecamatan batangkawa;desa kina
kabupaten lamandau;kecamatan batangkawa;desa kinipan
kabupaten lamandau;kecamatan batangkawa;desa liku
kabupaten lamandau;kecamatan batangkawa;desa mengkalang
kabupaten lamandau;kecamatan belantikan raya;desa bayat
kabupaten lamandau;kecamatan belantikan raya;desa batu selipi
kabupaten lamandau;kecamatan belantikan raya;desa belibi
kabupaten lamandau;kecamatan belantikan raya;desa benuatan
kabupaten lamandau;kecamatan belantikan raya;desa bintang mangalih
kabupaten lamandau;kecamatan belantikan raya;desa kahingai
kabupaten lamandau;kecamatan belantikan raya;desa karang besi
kabupaten lamandau;kecamatan belantikan raya;desa nanga belantikan
kabupaten lamandau;kecamatan belantikan raya;desa nanga matu
kabupaten lamandau;kecamatan belantikan raya;desa petarikan
kabupaten lamandau;kecamatan belantikan raya;desa sumber cahaya
kabupaten lamandau;kecamatan belantikan raya;desa sungai buluh
kabupaten lamandau;kecamatan belantikan raya;desa tangga batu
kabupaten lamandau;kecamatan bulik;desa arga mulya
kabupaten lamandau;kecamatan bulik;desa batu kotam
kabupaten lamandau;kecamatan bulik;desa beruta
kabupaten lamandau;kecamatan bulik;desa bukit indah
kabupaten lamandau;kecamatan bulik;desa bumi agung
kabupaten lamandau;kecamatan bulik;desa bunut
kabupaten lamandau;kecamatan bulik;desa guci
kabupaten lamandau;kecamatan bulik;desa kujan
kabupaten lamandau;kecamatan bulik;desa nanga bulik
kabupaten lamandau;kecamatan bulik;desa nanga pamalontian
kabupaten lamandau;kecamatan bulik;desa perigi raya
kabupaten lamandau;kecamatan bulik;desa sumber mulya
kabupaten lamandau;kecamatan bulik;desa sungai mentawa
kabupaten lamandau;kecamatan bulik;desa tamiang
kabupaten lamandau;kecamatan bulik;desa liku mulya sakti
kabupaten lamandau;kecamatan bulik timur;desa batu tunggal
kabupaten lamandau;kecamatan bulik timur;desa bukit jaya
kabupaten lamandau;kecamatan bulik timur;desa merambang
kabupaten lamandau;kecamatan bulik timur;desa nanga kemujan
kabupaten lamandau;kecamatan bulik timur;desa nanga koring
kabupaten lamandau;kecamatan bulik timur;desa nanga palikodan
kabupaten lamandau;kecamatan bulik timur;desa nuangan
kabupaten lamandau;kecamatan bulik timur;desa pedongatan
kabupaten lamandau;kecamatan bulik timur;desa sepondam
kabupaten lamandau;kecamatan bulik timur;desa suka maju
kabupaten lamandau;kecamatan bulik timur;desa sungkup
kabupaten lamandau;kecamatan bulik timur;desa toka
kabupaten lamandau;kecamatan delang;desa hulu jojabo
kabupaten lamandau;kecamatan delang;desa kubung
kabupaten lamandau;kecamatan delang;desa kudangan
kabupaten lamandau;kecamatan delang;desa landau kantu
kabupaten lamandau;kecamatan delang;desa lopus
kabupaten lamandau;kecamatan delang;desa nyalang
kabupaten lamandau;kecamatan delang;desa penyombaan
kabupaten lamandau;kecamatan delang;desa riam panahan
kabupaten lamandau;kecamatan delang;desa riam tinggi
kabupaten lamandau;kecamatan delang;desa sekombulan
kabupaten lamandau;kecamatan delang;desa sepoyu
kabupaten lamandau;kecamatan lamandau;desa bakonsu
kabupaten lamandau;kecamatan lamandau;desa cuhai
kabupaten lamandau;kecamatan lamandau;desa karang taba
kabupaten lamandau;kecamatan lamandau;desa kawa
kabupaten lamandau;kecamatan lamandau;desa penopa
kabupaten lamandau;kecamatan lamandau;desa samu jaya
kabupaten lamandau;kecamatan lamandau;desa sekoban
kabupaten lamandau;kecamatan lamandau;desa suja
kabupaten lamandau;kecamatan lamandau;desa sungai tuat
kabupaten lamandau;kecamatan lamandau;desa tanjung beringin
kabupaten lamandau;kecamatan lamandau;desa tapin bini
kabupaten lamandau;kecamatan menthobi raya;desa batu ampar
kabupaten lamandau;kecamatan menthobi raya;desa bukit harum
kabupaten lamandau;kecamatan menthobi raya;desa bukit makmur
kabupaten lamandau;kecamatan menthobi raya;desa bukit raya
kabupaten lamandau;kecamatan menthobi raya;desa lubuk hiju
kabupaten lamandau;kecamatan menthobi raya;desa melata
kabupaten lamandau;kecamatan menthobi raya;desa modang mas
kabupaten lamandau;kecamatan menthobi raya;desa mukti manunggal
kabupaten lamandau;kecamatan menthobi raya;desa nanuah
kabupaten lamandau;kecamatan menthobi raya;desa sumber jaya
kabupaten lamandau;kecamatan menthobi raya;desa topalan
kabupaten lamandau;kecamatan sematu jaya;desa batu hambawang
kabupaten lamandau;kecamatan sematu jaya;desa bina bhakti
kabupaten lamandau;kecamatan sematu jaya;desa jangkar prima
kabupaten lamandau;kecamatan sematu jaya;desa mekar mulya
kabupaten lamandau;kecamatan sematu jaya;desa purwareja
kabupaten lamandau;kecamatan sematu jaya;desa rimba jaya
kabupaten lamandau;kecamatan sematu jaya;desa tri tunggal
kabupaten lamandau;kecamatan sematu jaya;desa wonorejo
kabupaten Murung Raya;kecamatan barito tuhup raya;desa batu tojah
kabupaten Murung Raya;kecamatan barito tuhup raya;desa bumban tuhup
kabupaten Murung Raya;kecamatan barito tuhup raya;desa cinta budiman
kabupaten Murung Raya;kecamatan barito tuhup raya;desa dirung sararong
kabupaten Murung Raya;kecamatan barito tuhup raya;desa hingan tokung
kabupaten Murung Raya;kecamatan barito tuhup raya;desa kohong
kabupaten Murung Raya;kecamatan barito tuhup raya;desa liang nyaling
kabupaten Murung Raya;kecamatan barito tuhup raya;desa makunjung
kabupaten Murung Raya;kecamatan barito tuhup raya;desa tumbang baloi
kabupaten Murung Raya;kecamatan barito tuhup raya;desa tumbang bauh
kabupaten Murung Raya;kecamatan barito tuhup raya;desa tumbang masalo
kabupaten Murung Raya;kecamatan laung tuhup;desa batu bua i
kabupaten Murung Raya;kecamatan laung tuhup;desa batu bua ii
kabupaten Murung Raya;kecamatan laung tuhup;desa batu karang
kabupaten Murung Raya;kecamatan laung tuhup;desa batu tuhup
kabupaten Murung Raya;kecamatan laung tuhup;desa beralang
kabupaten Murung Raya;kecamatan laung tuhup;desa beras belange
kabupaten Murung Raya;kecamatan laung tuhup;desa biha
kabupaten Murung Raya;kecamatan laung tuhup;desa dirung pinang
kabupaten Murung Raya;kecamatan laung tuhup;desa dirung pundu
kabupaten Murung Raya;kecamatan laung tuhup;desa kalang dohong
kabupaten Murung Raya;kecamatan laung tuhup;desa lakutan
kabupaten Murung Raya;kecamatan laung tuhup;desa muara laung i
kabupaten Murung Raya;kecamatan laung tuhup;desa muara laung ii
kabupaten Murung Raya;kecamatan laung tuhup;desa muara maruwei i
kabupaten Murung Raya;kecamatan laung tuhup;desa muara maruwei ii
kabupaten Murung Raya;kecamatan laung tuhup;desa muara tuhup
kabupaten Murung Raya;kecamatan laung tuhup;desa muara tupuh
kabupaten Murung Raya;kecamatan laung tuhup;desa narui
kabupaten Murung Raya;kecamatan laung tuhup;desa pelaci
kabupaten Murung Raya;kecamatan laung tuhup;desa penda siron
kabupaten Murung Raya;kecamatan laung tuhup;desa tahujan laung
kabupaten Murung Raya;kecamatan laung tuhup;desa tawai haui
kabupaten Murung Raya;kecamatan laung tuhup;desa tumbang bahan
kabupaten Murung Raya;kecamatan laung tuhup;desa tumbang bana
kabupaten Murung Raya;kecamatan laung tuhup;desa tumbang bondang
kabupaten Murung Raya;kecamatan laung tuhup;desa tumbang tonduk
kabupaten Murung Raya;kecamatan murung;desa bahitom
kabupaten Murung Raya;kecamatan murung;desa batu putih
kabupaten Murung Raya;kecamatan murung;desa beriwit
kabupaten Murung Raya;kecamatan murung;desa danau usung
kabupaten Murung Raya;kecamatan murung;desa dirung
kabupaten Murung Raya;kecamatan murung;desa juking pajang
kabupaten Murung Raya;kecamatan murung;desa malasan
kabupaten Murung Raya;kecamatan murung;desa mangkahui
kabupaten Murung Raya;kecamatan murung;desa muara bumban
kabupaten Murung Raya;kecamatan murung;desa muara ja'an
kabupaten Murung Raya;kecamatan murung;desa muara sumpoi
kabupaten Murung Raya;kecamatan murung;desa muara untu
kabupaten Murung Raya;kecamatan murung;desa panu'ut
kabupaten Murung Raya;kecamatan murung;desa penyang
kabupaten Murung Raya;kecamatan murung;desa puruk cahu
kabupaten Murung Raya;kecamatan permata intan;desa baratu
kabupaten Murung Raya;kecamatan permata intan;desa juking sopan
kabupaten Murung Raya;kecamatan permata intan;desa muara babuat
kabupaten Murung Raya;kecamatan permata intan;desa muara bakanon
kabupaten Murung Raya;kecamatan permata intan;desa pantai laga
kabupaten Murung Raya;kecamatan permata intan;desa purnama
kabupaten Murung Raya;kecamatan permata intan;desa sungai bakanon
kabupaten Murung Raya;kecamatan permata intan;desa sungai batang
kabupaten Murung Raya;kecamatan permata intan;desa sungai gula
kabupaten Murung Raya;kecamatan permata intan;desa sungai lobang
kabupaten Murung Raya;kecamatan permata intan;desa tumbang lahung
kabupaten Murung Raya;kecamatan permata intan;desa tumbang salio
kabupaten Murung Raya;kecamatan seribu riam;desa muara joloi i
kabupaten Murung Raya;kecamatan seribu riam;desa muara joloi ii
kabupaten Murung Raya;kecamatan seribu riam;desa parahau
kabupaten Murung Raya;kecamatan seribu riam;desa takajung
kabupaten Murung Raya;kecamatan seribu riam;desa tumbang jojang
kabupaten Murung Raya;kecamatan seribu riam;desa tumbang naan
kabupaten Murung Raya;kecamatan seribu riam;desa tumbang tohan
kabupaten Murung Raya;kecamatan sumber barito;desa batu makap
kabupaten Murung Raya;kecamatan sumber barito;desa kalapeh baru
kabupaten Murung Raya;kecamatan sumber barito;desa laas baru
kabupaten Murung Raya;kecamatan sumber barito;desa olong liko
kabupaten Murung Raya;kecamatan sumber barito;desa teluk jolo
kabupaten Murung Raya;kecamatan sumber barito;desa tumbang kunyi
kabupaten Murung Raya;kecamatan sumber barito;desa tumbang masao
kabupaten Murung Raya;kecamatan sumber barito;desa tumbang molut
kabupaten Murung Raya;kecamatan sumber barito;desa tumbang tuan
kabupaten Murung Raya;kecamatan sungai babuat;desa batu mirau
kabupaten Murung Raya;kecamatan sungai babuat;desa tambelum
kabupaten Murung Raya;kecamatan sungai babuat;desa tumbang apat
kabupaten Murung Raya;kecamatan sungai babuat;desa tumbang bantian
kabupaten Murung Raya;kecamatan sungai babuat;desa tumbang kolon
kabupaten Murung Raya;kecamatan sungai babuat;desa tumbang saan
kabupaten Murung Raya;kecamatan tanah siang;desa belawan
kabupaten Murung Raya;kecamatan tanah siang;desa cangkang
kabupaten Murung Raya;kecamatan tanah siang;desa dirung bakung
kabupaten Murung Raya;kecamatan tanah siang;desa doan arung
kabupaten Murung Raya;kecamatan tanah siang;desa kalang kaluh
kabupaten Murung Raya;kecamatan tanah siang;desa karali
kabupaten Murung Raya;kecamatan tanah siang;desa kolam
kabupaten Murung Raya;kecamatan tanah siang;desa konut
kabupaten Murung Raya;kecamatan tanah siang;desa mahanyan
kabupaten Murung Raya;kecamatan tanah siang;desa mangkolisoi
kabupaten Murung Raya;kecamatan tanah siang;desa mantiat pari
kabupaten Murung Raya;kecamatan tanah siang;desa muwun
kabupaten Murung Raya;kecamatan tanah siang;desa nono kliwon
kabupaten Murung Raya;kecamatan tanah siang;desa olung balo
kabupaten Murung Raya;kecamatan tanah siang;desa olung dojou
kabupaten Murung Raya;kecamatan tanah siang;desa olung nango
kabupaten Murung Raya;kecamatan tanah siang;desa olung siron
kabupaten Murung Raya;kecamatan tanah siang;desa olung soloi
kabupaten Murung Raya;kecamatan tanah siang;desa olung ulu
kabupaten Murung Raya;kecamatan tanah siang;desa osom tompok
kabupaten Murung Raya;kecamatan tanah siang;desa puruk batu
kabupaten Murung Raya;kecamatan tanah siang;desa saripoi
kabupaten Murung Raya;kecamatan tanah siang;desa saruhung
kabupaten Murung Raya;kecamatan tanah siang;desa sungai lunuk
kabupaten Murung Raya;kecamatan tanah siang;desa tabulang
kabupaten Murung Raya;kecamatan tanah siang;desa tino talih
kabupaten Murung Raya;kecamatan tanah siang;desa tokung
kabupaten Murung Raya;kecamatan tanah siang selatan;desa datah kotou
kabupaten Murung Raya;kecamatan tanah siang selatan;desa dirung lingkin
kabupaten Murung Raya;kecamatan tanah siang selatan;desa olung hanangan
kabupaten Murung Raya;kecamatan tanah siang selatan;desa olung muro
kabupaten Murung Raya;kecamatan tanah siang selatan;desa oreng
kabupaten Murung Raya;kecamatan tanah siang selatan;desa puruk kambang
kabupaten Murung Raya;kecamatan tanah siang selatan;desa tahujan ontu
kabupaten Murung Raya;kecamatan uut murung;desa kalasin
kabupaten Murung Raya;kecamatan uut murung;desa tumbang olong i
kabupaten Murung Raya;kecamatan uut murung;desa tumbang olong ii
kabupaten Murung Raya;kecamatan uut murung;desa tumbang topus
kabupaten Murung Raya;kecamatan uut murung;desa tumbang tujang
kabupaten Pulang Pisau;kecamatan banama tingang;desa bawan
kabupaten Pulang Pisau;kecamatan banama tingang;desa goha
kabupaten Pulang Pisau;kecamatan banama tingang;desa hanua
kabupaten Pulang Pisau;kecamatan banama tingang;desa hurung
kabupaten Pulang Pisau;kecamatan banama tingang;desa kasali baru
kabupaten Pulang Pisau;kecamatan banama tingang;desa lawang uru
kabupaten Pulang Pisau;kecamatan banama tingang;desa manen kaleka
kabupaten Pulang Pisau;kecamatan banama tingang;desa manen paduran
kabupaten Pulang Pisau;kecamatan banama tingang;desa pahawan
kabupaten Pulang Pisau;kecamatan banama tingang;desa pandawei
kabupaten Pulang Pisau;kecamatan banama tingang;desa pangi
kabupaten Pulang Pisau;kecamatan banama tingang;desa ramang
kabupaten Pulang Pisau;kecamatan banama tingang;desa tambak
kabupaten Pulang Pisau;kecamatan banama tingang;desa tangkahen
kabupaten Pulang Pisau;kecamatan banama tingang;desa tumbang tarusan
kabupaten Pulang Pisau;kecamatan jabiren;desa garung
kabupaten Pulang Pisau;kecamatan jabiren;desa henda
kabupaten Pulang Pisau;kecamatan jabiren;desa jabiren
kabupaten Pulang Pisau;kecamatan jabiren;desa pilang
kabupaten Pulang Pisau;kecamatan jabiren;desa sakakajang
kabupaten Pulang Pisau;kecamatan jabiren;desa simpur
kabupaten Pulang Pisau;kecamatan jabiren;desa tanjung taruna
kabupaten Pulang Pisau;kecamatan jabiren;desa tumbang nusa
kabupaten Pulang Pisau;kecamatan kahayan kuala;desa bahaur basantan
kabupaten Pulang Pisau;kecamatan kahayan kuala;desa bahaur batu raya
kabupaten Pulang Pisau;kecamatan kahayan kuala;desa bahaur hilir
kabupaten Pulang Pisau;kecamatan kahayan kuala;desa bahaur hulu
kabupaten Pulang Pisau;kecamatan kahayan kuala;desa bahaur hulu permai
kabupaten Pulang Pisau;kecamatan kahayan kuala;desa bahaur tengah
kabupaten Pulang Pisau;kecamatan kahayan kuala;desa cemantan
kabupaten Pulang Pisau;kecamatan kahayan kuala;desa kiapak
kabupaten Pulang Pisau;kecamatan kahayan kuala;desa papuyu i sei pasanan
kabupaten Pulang Pisau;kecamatan kahayan kuala;desa papuyu ii sei barunai
kabupaten Pulang Pisau;kecamatan kahayan kuala;desa papuyu iii sei pudak
kabupaten Pulang Pisau;kecamatan kahayan kuala;desa sei rungun
kabupaten Pulang Pisau;kecamatan kahayan kuala;desa tanjung perawan
kabupaten Pulang Pisau;kecamatan kahayan tengah;desa bahu palawa
kabupaten Pulang Pisau;kecamatan kahayan tengah;desa balukon
kabupaten Pulang Pisau;kecamatan kahayan tengah;desa bereng rambang
kabupaten Pulang Pisau;kecamatan kahayan tengah;desa bukit bamba
kabupaten Pulang Pisau;kecamatan kahayan tengah;desa bukit liti
kabupaten Pulang Pisau;kecamatan kahayan tengah;desa bukit rawi
kabupaten Pulang Pisau;kecamatan kahayan tengah;desa pamarunan
kabupaten Pulang Pisau;kecamatan kahayan tengah;desa parahangan
kabupaten Pulang Pisau;kecamatan kahayan tengah;desa penda barania
kabupaten Pulang Pisau;kecamatan kahayan tengah;desa petuk liti
kabupaten Pulang Pisau;kecamatan kahayan tengah;desa sigi
kabupaten Pulang Pisau;kecamatan kahayan tengah;desa tahawa
kabupaten Pulang Pisau;kecamatan kahayan tengah;desa tanjung sangalang
kabupaten Pulang Pisau;kecamatan kahayan tengah;desa tuwung
kabupaten Pulang Pisau;kecamatan maliku;desa badirih
kabupaten Pulang Pisau;kecamatan maliku;desa gandang
kabupaten Pulang Pisau;kecamatan maliku;desa gandang barat
kabupaten Pulang Pisau;kecamatan maliku;desa garantung
kabupaten Pulang Pisau;kecamatan maliku;desa kanamit
kabupaten Pulang Pisau;kecamatan maliku;desa kanamit barat
kabupaten Pulang Pisau;kecamatan maliku;desa kanamit jaya
kabupaten Pulang Pisau;kecamatan maliku;desa maliku baru
kabupaten Pulang Pisau;kecamatan maliku;desa maliku mulia
kabupaten Pulang Pisau;kecamatan maliku;desa purwodadi
kabupaten Pulang Pisau;kecamatan maliku;desa sei baru tewu
kabupaten Pulang Pisau;kecamatan maliku;desa sidodadi
kabupaten Pulang Pisau;kecamatan maliku;desa tahai baru
kabupaten Pulang Pisau;kecamatan maliku;desa tahai jaya
kabupaten Pulang Pisau;kecamatan maliku;desa wono agung
kabupaten Pulang Pisau;kecamatan pandih batu;desa belanti siam
kabupaten Pulang Pisau;kecamatan pandih batu;desa dandang
kabupaten Pulang Pisau;kecamatan pandih batu;desa gadabung
kabupaten Pulang Pisau;kecamatan pandih batu;desa kantan atas
kabupaten Pulang Pisau;kecamatan pandih batu;desa kantan dalam
kabupaten Pulang Pisau;kecamatan pandih batu;desa kantan muara
kabupaten Pulang Pisau;kecamatan pandih batu;desa karya bersama
kabupaten Pulang Pisau;kecamatan pandih batu;desa mulyasari
kabupaten Pulang Pisau;kecamatan pandih batu;desa pangkoh hilir
kabupaten Pulang Pisau;kecamatan pandih batu;desa pangkoh hulu
kabupaten Pulang Pisau;kecamatan pandih batu;desa pangkoh sari
kabupaten Pulang Pisau;kecamatan pandih batu;desa pantik
kabupaten Pulang Pisau;kecamatan pandih batu;desa sanggang
kabupaten Pulang Pisau;kecamatan pandih batu;desa talio
kabupaten Pulang Pisau;kecamatan pandih batu;desa talio hulu
kabupaten Pulang Pisau;kecamatan pandih batu;desa talio muara
kabupaten Pulang Pisau;kecamatan kahayan hilir;desa anjir pulang pisau
kabupaten Pulang Pisau;kecamatan kahayan hilir;desa bereng
kabupaten Pulang Pisau;kecamatan kahayan hilir;desa buntoi
kabupaten Pulang Pisau;kecamatan kahayan hilir;desa gohong
kabupaten Pulang Pisau;kecamatan kahayan hilir;desa hanjak maju
kabupaten Pulang Pisau;kecamatan kahayan hilir;desa kalawa
kabupaten Pulang Pisau;kecamatan kahayan hilir;desa mantaren i
kabupaten Pulang Pisau;kecamatan kahayan hilir;desa mantaren ii
kabupaten Pulang Pisau;kecamatan kahayan hilir;desa mintin
kabupaten Pulang Pisau;kecamatan kahayan hilir;desa pulang pisau
kabupaten Pulang Pisau;kecamatan sebangau kuala;desa mekar jaya
kabupaten Pulang Pisau;kecamatan sebangau kuala;desa paduran mulya
kabupaten Pulang Pisau;kecamatan sebangau kuala;desa paduran sebangau
kabupaten Pulang Pisau;kecamatan sebangau kuala;desa sebangau jaya
kabupaten Pulang Pisau;kecamatan sebangau kuala;desa sebangau mulya
kabupaten Pulang Pisau;kecamatan sebangau kuala;desa sebangau permai
kabupaten Pulang Pisau;kecamatan sebangau kuala;desa sei bakau
kabupaten Pulang Pisau;kecamatan sebangau kuala;desa sei hambawang
kabupaten seruyan;kecamatan batu ampar;desa batu menangis
kabupaten seruyan;kecamatan batu ampar;desa derawa
kabupaten seruyan;kecamatan batu ampar;desa durian kait
kabupaten seruyan;kecamatan batu ampar;desa kalang
kabupaten seruyan;kecamatan batu ampar;desa sahabu
kabupaten seruyan;kecamatan batu ampar;desa sandul
kabupaten seruyan;kecamatan batu ampar;desa sebabi
kabupaten seruyan;kecamatan batu ampar;desa suka mulya
kabupaten seruyan;kecamatan batu ampar;desa wana tirta
kabupaten seruyan;kecamatan danau seluluk;desa asam baru
kabupaten seruyan;kecamatan danau seluluk;desa panimba raya
kabupaten seruyan;kecamatan danau seluluk;desa rungau raya
kabupaten seruyan;kecamatan danau seluluk;desa tanjung hara
kabupaten seruyan;kecamatan danau seluluk;desa tanjung paring
kabupaten seruyan;kecamatan danau seluluk;desa tanjung rangas ii
kabupaten seruyan;kecamatan danau sembuluh;desa banua usang
kabupaten seruyan;kecamatan danau sembuluh;desa cempaka baru
kabupaten seruyan;kecamatan danau sembuluh;desa palingkau
kabupaten seruyan;kecamatan danau sembuluh;desa paren
kabupaten seruyan;kecamatan danau sembuluh;desa sembuluh i
kabupaten seruyan;kecamatan danau sembuluh;desa sembuluh ii
kabupaten seruyan;kecamatan danau sembuluh;desa telaga pulang
kabupaten seruyan;kecamatan danau sembuluh;desa ulak batu
kabupaten seruyan;kecamatan hanau;desa bahaur
kabupaten seruyan;kecamatan hanau;desa derangga
kabupaten seruyan;kecamatan hanau;desa parang batang
kabupaten seruyan;kecamatan hanau;desa paring raya
kabupaten seruyan;kecamatan hanau;desa pembuang hulu i
kabupaten seruyan;kecamatan hanau;desa pembuang hulu ii
kabupaten seruyan;kecamatan hanau;desa tanjung hanau
kabupaten seruyan;kecamatan seruyan hilir;desa baung
kabupaten seruyan;kecamatan seruyan hilir;desa jahitan
kabupaten seruyan;kecamatan seruyan hilir;kelurahan kuala pembuang i
kabupaten seruyan;kecamatan seruyan hilir;kelurahan kuala pembuang ii
kabupaten seruyan;kecamatan seruyan hilir;desa muara dua
kabupaten seruyan;kecamatan seruyan hilir;desa pematang limau
kabupaten seruyan;kecamatan seruyan hilir;desa persil raya
kabupaten seruyan;kecamatan seruyan hilir;desa sungai perlu
kabupaten seruyan;kecamatan seruyan hilir;desa sungai undang
kabupaten seruyan;kecamatan seruyan hilir;desa tanjung rangas
kabupaten seruyan;kecamatan seruyan hilir timur;desa bangun harja
kabupaten seruyan;kecamatan seruyan hilir timur;desa halimaung jaya
kabupaten seruyan;kecamatan seruyan hilir timur;desa kartika bhakti
kabupaten seruyan;kecamatan seruyan hilir timur;desa mekar indah
kabupaten seruyan;kecamatan seruyan hilir timur;desa pematang panjang
kabupaten seruyan;kecamatan seruyan hilir timur;desa sungai bakau
kabupaten seruyan;kecamatan seruyan hulu;desa buntut sapau
kabupaten seruyan;kecamatan seruyan hulu;desa marandang
kabupaten seruyan;kecamatan seruyan hulu;desa mojang baru
kabupaten seruyan;kecamatan seruyan hulu;desa mongoh juoi
kabupaten seruyan;kecamatan seruyan hulu;desa rantau panjang
kabupaten seruyan;kecamatan seruyan hulu;desa riam batang
kabupaten seruyan;kecamatan seruyan hulu;desa sepundu hantu
kabupaten seruyan;kecamatan seruyan hulu;desa tanjung paku
kabupaten seruyan;kecamatan seruyan hulu;desa tumbang bahan
kabupaten seruyan;kecamatan seruyan hulu;desa tumbang darap
kabupaten seruyan;kecamatan seruyan hulu;desa tumbang kalang
kabupaten seruyan;kecamatan seruyan hulu;desa tumbang kasai
kabupaten seruyan;kecamatan seruyan hulu;desa tumbang kubang
kabupaten seruyan;kecamatan seruyan hulu;desa tumbang laku
kabupaten seruyan;kecamatan seruyan hulu;desa tumbang manjul
kabupaten seruyan;kecamatan seruyan hulu;desa tumbang sepan
kabupaten seruyan;kecamatan seruyan hulu;desa tumbang setawai
kabupaten seruyan;kecamatan seruyan hulu;desa tumbang suei
kabupaten seruyan;kecamatan seruyan hulu;desa tumbang taberau
kabupaten seruyan;kecamatan seruyan hulu;desa tusuk belawan
kabupaten seruyan;kecamatan seruyan raya;desa bangkal
kabupaten seruyan;kecamatan seruyan raya;desa lanpasa
kabupaten seruyan;kecamatan seruyan raya;desa selunuk
kabupaten seruyan;kecamatan seruyan raya;desa tabiku
kabupaten seruyan;kecamatan seruyan raya;desa terawan
kabupaten seruyan;kecamatan seruyan tengah;desa ayawan
kabupaten seruyan;kecamatan seruyan tengah;desa batu agung
kabupaten seruyan;kecamatan seruyan tengah;desa bukit buluh
kabupaten seruyan;kecamatan seruyan tengah;desa bumi jaya
kabupaten seruyan;kecamatan seruyan tengah;desa durian tunggal
kabupaten seruyan;kecamatan seruyan tengah;desa gantung pangayuh
kabupaten seruyan;kecamatan seruyan tengah;desa mugi panyuhu
kabupaten seruyan;kecamatan seruyan tengah;desa panca jaya
kabupaten seruyan;kecamatan seruyan tengah;desa pangke
kabupaten seruyan;kecamatan seruyan tengah;desa panyumpa
kabupaten seruyan;kecamatan seruyan tengah;kelurahan rantau pulut
kabupaten seruyan;kecamatan seruyan tengah;desa ringin agung
kabupaten seruyan;kecamatan seruyan tengah;desa suka jaya
kabupaten seruyan;kecamatan seruyan tengah;desa suka maju
kabupaten seruyan;kecamatan seruyan tengah;desa suka makmur
kabupaten seruyan;kecamatan seruyan tengah;desa suka mandang
kabupaten seruyan;kecamatan seruyan tengah;desa sukorejo
kabupaten seruyan;kecamatan seruyan tengah;desa tangga batu
kabupaten seruyan;kecamatan seruyan tengah;desa teluk bayur
kabupaten seruyan;kecamatan seruyan tengah;desa tumbang bai
kabupaten seruyan;kecamatan suling tambun;desa rangkang munduk
kabupaten seruyan;kecamatan suling tambun;desa rantau betung
kabupaten seruyan;kecamatan suling tambun;desa tanjung tukal
kabupaten seruyan;kecamatan suling tambun;desa tumbang gugup
kabupaten seruyan;kecamatan suling tambun;desa tumbang hentas
kabupaten seruyan;kecamatan suling tambun;desa tumbang langkai
kabupaten seruyan;kecamatan suling tambun;desa tumbang magin
kabupaten seruyan;kecamatan suling tambun;desa tumbang salau
kabupaten seruyan;kecamatan suling tambun;desa tumbang setoli
kabupaten sukamara;kecamatan balai riam;desa air dua
kabupaten sukamara;kecamatan balai riam;desa balai riam
kabupaten sukamara;kecamatan balai riam;desa bangun jaya
kabupaten sukamara;kecamatan balai riam;desa bukit sungkai
kabupaten sukamara;kecamatan balai riam;desa jihing
kabupaten sukamara;kecamatan balai riam;desa lupu peruca
kabupaten sukamara;kecamatan balai riam;desa pempaning
kabupaten sukamara;kecamatan balai riam;desa sekuningan baru
kabupaten sukamara;kecamatan jelai;kelurahan kuala jelai
kabupaten sukamara;kecamatan jelai;desa pulau nibung
kabupaten sukamara;kecamatan jelai;desa sungai baru
kabupaten sukamara;kecamatan jelai;desa sungai bundung
kabupaten sukamara;kecamatan jelai;desa sungai raja
kabupaten sukamara;kecamatan pantai lunci;desa sungai cabang barat
kabupaten sukamara;kecamatan pantai lunci;desa sungai damar
kabupaten sukamara;kecamatan pantai lunci;desa sungai pasir
kabupaten sukamara;kecamatan pantai lunci;desa sungai tabuk
kabupaten sukamara;kecamatan permata kecubung;desa ajang
kabupaten sukamara;kecamatan permata kecubung;desa kenawan
kabupaten sukamara;kecamatan permata kecubung;desa laman baru
kabupaten sukamara;kecamatan permata kecubung;desa natai kondang
kabupaten sukamara;kecamatan permata kecubung;desa nibung terjun
kabupaten sukamara;kecamatan permata kecubung;desa semantun
kabupaten sukamara;kecamatan permata kecubung;desa sembikuan
kabupaten sukamara;kecamatan sukamara;desa kartamulia
kabupaten sukamara;kecamatan sukamara;kelurahan mendawai
kabupaten sukamara;kecamatan sukamara;desa natai sedawak
kabupaten sukamara;kecamatan sukamara;kelurahan padang
kabupaten sukamara;kecamatan sukamara;desa pangkalan muntai
kabupaten sukamara;kecamatan sukamara;desa petarikan
kabupaten sukamara;kecamatan sukamara;desa pudu
kabupaten sukamara;kecamatan sukamara;desa sukaraja
kabupaten berau;kecamatan batu putih;kampung ampen medang
kabupaten berau;kecamatan batu putih;kampung balikukup
kabupaten berau;kecamatan batu putih;kampung batu putih
kabupaten berau;kecamatan batu putih;kampung kayu indah
kabupaten berau;kecamatan batu putih;kampung lobang kelatak
kabupaten berau;kecamatan batu putih;kampung sumber agung
kabupaten berau;kecamatan batu putih;kampung tembudan
kabupaten berau;kecamatan biatan;kampung biatan bapinang
kabupaten berau;kecamatan biatan;kampung biatan baru
kabupaten berau;kecamatan biatan;kampung biatan ilir
kabupaten berau;kecamatan biatan;kampung biatan lempake
kabupaten berau;kecamatan biatan;kampung biatan ulu
kabupaten berau;kecamatan biatan;kampung bukit makmur jaya
kabupaten berau;kecamatan biatan;kampung karangan
kabupaten berau;kecamatan biatan;kampung manunggal jaya
kabupaten berau;kecamatan biduk-biduk;kampung biduk biduk
kabupaten berau;kecamatan biduk-biduk;kampung giring giring
kabupaten berau;kecamatan biduk-biduk;kampung pantai harapan
kabupaten berau;kecamatan biduk-biduk;kampung tanjung perepat
kabupaten berau;kecamatan biduk-biduk;kampung teluk sulaiman
kabupaten berau;kecamatan biduk-biduk;kampung teluk sumbang
kabupaten berau;kecamatan gunung tabur;kampung batu batu
kabupaten berau;kecamatan gunung tabur;kampung birang
kabupaten berau;kecamatan gunung tabur;kelurahan gunung tabur
kabupaten berau;kecamatan gunung tabur;kampung maluang
kabupaten berau;kecamatan gunung tabur;kampung melati jaya
kabupaten berau;kecamatan gunung tabur;kampung merancang ilir
kabupaten berau;kecamatan gunung tabur;kampung merancang ulu
kabupaten berau;kecamatan gunung tabur;kampung pulau besing
kabupaten berau;kecamatan gunung tabur;kampung sambakungan
kabupaten berau;kecamatan gunung tabur;kampung samburakat
kabupaten berau;kecamatan gunung tabur;kampung tasuk
kabupaten berau;kecamatan kelay;kampung lesan dayak
kabupaten berau;kecamatan kelay;kampung long beliu
kabupaten berau;kecamatan kelay;kampung long duhung
kabupaten berau;kecamatan kelay;kampung long keluh
kabupaten berau;kecamatan kelay;kampung long lamcin
kabupaten berau;kecamatan kelay;kampung long pelay
kabupaten berau;kecamatan kelay;kampung long sului
kabupaten berau;kecamatan kelay;kampung mapulu
kabupaten berau;kecamatan kelay;kampung merabu
kabupaten berau;kecamatan kelay;kampung merapun
kabupaten berau;kecamatan kelay;kampung merasa
kabupaten berau;kecamatan kelay;kampung muara lesan
kabupaten berau;kecamatan kelay;kampung panaan
kabupaten berau;kecamatan kelay;kampung sido bangen
kabupaten berau;kecamatan maratua;kampung bohe silian
kabupaten berau;kecamatan maratua;kampung payung payung
kabupaten berau;kecamatan maratua;kampung teluk alulu
kabupaten berau;kecamatan maratua;kampung teluk harapan
kabupaten berau;kecamatan pulau derawan;kampung kasai
kabupaten berau;kecamatan pulau derawan;kampung pegat batumbuk
kabupaten berau;kecamatan pulau derawan;kampung pulau derawan
kabupaten berau;kecamatan pulau derawan;kampung tanjung batu
kabupaten berau;kecamatan pulau derawan;kampung teluk semanting
kabupaten berau;kecamatan sambaliung;kampung bena baru
kabupaten berau;kecamatan sambaliung;kampung gurimbang
kabupaten berau;kecamatan sambaliung;kampung inaran
kabupaten berau;kecamatan sambaliung;kampung long lanuk
kabupaten berau;kecamatan sambaliung;kampung pegat bukur
kabupaten berau;kecamatan sambaliung;kampung pesayan
kabupaten berau;kecamatan sambaliung;kampung pilanjau
kabupaten berau;kecamatan sambaliung;kampung rantau panjang
kabupaten berau;kecamatan sambaliung;kelurahan sambaliung
kabupaten berau;kecamatan sambaliung;kampung sei bebanir bangun
kabupaten berau;kecamatan sambaliung;kampung suaran
kabupaten berau;kecamatan sambaliung;kampung sukan tengah
kabupaten berau;kecamatan sambaliung;kampung tanjung perangat
kabupaten berau;kecamatan sambaliung;kampung tumbit dayak
kabupaten berau;kecamatan segah;kampung batu rajang
kabupaten berau;kecamatan segah;kampung bukit makmur
kabupaten berau;kecamatan segah;kampung gunung sari
kabupaten berau;kecamatan segah;kampung harapan jaya
kabupaten berau;kecamatan segah;kampung long ayan
kabupaten berau;kecamatan segah;kampung long ayap
kabupaten berau;kecamatan segah;kampung long laai
kabupaten berau;kecamatan segah;kampung pandan sari
kabupaten berau;kecamatan segah;kampung punan mahkam
kabupaten berau;kecamatan segah;kampung punan malinau
kabupaten berau;kecamatan segah;kampung punan segah
kabupaten berau;kecamatan segah;kampung siduung indah
kabupaten berau;kecamatan segah;kampung tepian buah
kabupaten berau;kecamatan tabalar;kampung buyung buyung
kabupaten berau;kecamatan tabalar;kampung harapan maju
kabupaten berau;kecamatan tabalar;kampung semurut
kabupaten berau;kecamatan tabalar;kampung tabalar muara
kabupaten berau;kecamatan tabalar;kampung tabalar ulu
kabupaten berau;kecamatan tabalar;kampung tubaan
kabupaten berau;kecamatan talisayan;kampung bumi jaya
kabupaten berau;kecamatan talisayan;kampung campur sari
kabupaten berau;kecamatan talisayan;kampung capuak
kabupaten berau;kecamatan talisayan;kampung dumaring
kabupaten berau;kecamatan talisayan;kampung eka sapta
kabupaten berau;kecamatan talisayan;kampung purna sari jaya
kabupaten berau;kecamatan talisayan;kampung suka murya
kabupaten berau;kecamatan talisayan;kampung sumber mulya
kabupaten berau;kecamatan talisayan;kampung talisayan
kabupaten berau;kecamatan talisayan;kampung tunggal bumi
kabupaten berau;kecamatan tanjung redeb;kelurahan bugis
kabupaten berau;kecamatan tanjung redeb;kelurahan gayam
kabupaten berau;kecamatan tanjung redeb;kelurahan gunung panjang
kabupaten berau;kecamatan tanjung redeb;kelurahan karang ambun
kabupaten berau;kecamatan tanjung redeb;kelurahan sungai bedungun
kabupaten berau;kecamatan tanjung redeb;kelurahan tanjung redeb
kabupaten berau;kecamatan teluk bayur;kampung labanan jaya
kabupaten berau;kecamatan teluk bayur;kampung labanan makarti
kabupaten berau;kecamatan teluk bayur;kampung labanan makmur
kabupaten berau;kecamatan teluk bayur;kelurahan rinding
kabupaten berau;kecamatan teluk bayur;kelurahan teluk bayur
kabupaten berau;kecamatan teluk bayur;kampung tumbit melayu
kota balikpapan;kecamatan balikpapan barat;kelurahan baru ilir
kota balikpapan;kecamatan balikpapan barat;kelurahan baru tengah
kota balikpapan;kecamatan balikpapan barat;kelurahan baru ulu
kota balikpapan;kecamatan balikpapan barat;kelurahan kariangau
kota balikpapan;kecamatan balikpapan barat;kelurahan marga sari
kota balikpapan;kecamatan balikpapan barat;kelurahan margo mulyo
kota balikpapan;kecamatan balikpapan kota;kelurahan damai
kota balikpapan;kecamatan balikpapan kota;kelurahan klandasan ilir
kota balikpapan;kecamatan balikpapan kota;kelurahan klandasan ulu
kota balikpapan;kecamatan balikpapan kota;kelurahan prapatan
kota balikpapan;kecamatan balikpapan kota;kelurahan telaga sari
kota balikpapan;kecamatan balikpapan selatan;kelurahan damai bahagia
kota balikpapan;kecamatan balikpapan selatan;kelurahan damai baru
kota balikpapan;kecamatan balikpapan selatan;kelurahan gunung bahagia
kota balikpapan;kecamatan balikpapan selatan;kelurahan sepinggan
kota balikpapan;kecamatan balikpapan selatan;kelurahan sepinggan baru
kota balikpapan;kecamatan balikpapan selatan;kelurahan sepinggan raya
kota balikpapan;kecamatan balikpapan selatan;kelurahan sungai nangka
kota balikpapan;kecamatan balikpapan tengah;kelurahan gunungsari ilir
kota balikpapan;kecamatan balikpapan tengah;kelurahan gunungsari ulu
kota balikpapan;kecamatan balikpapan tengah;kelurahan karang jati
kota balikpapan;kecamatan balikpapan tengah;kelurahan karang rejo
kota balikpapan;kecamatan balikpapan tengah;kelurahan mekar sari
kota balikpapan;kecamatan balikpapan tengah;kelurahan sumber rejo
kota balikpapan;kecamatan balikpapan timur;kelurahan lamaru
kota balikpapan;kecamatan balikpapan timur;kelurahan manggar
kota balikpapan;kecamatan balikpapan timur;kelurahan manggar baru
kota balikpapan;kecamatan balikpapan timur;kelurahan teritip
kota balikpapan;kecamatan balikpapan utara;kelurahan batu ampar
kota balikpapan;kecamatan balikpapan utara;kelurahan graha indah
kota balikpapan;kecamatan balikpapan utara;kelurahan gunung samarinda
kota balikpapan;kecamatan balikpapan utara;kelurahan gunung samarinda baru
kota balikpapan;kecamatan balikpapan utara;kelurahan karang joang
kota balikpapan;kecamatan balikpapan utara;kelurahan muara rapak
kota bontang;kecamatan bontang barat;kelurahan belimbing
kota bontang;kecamatan bontang barat;kelurahan gunung telihan
kota bontang;kecamatan bontang barat;kelurahan kanaan
kota bontang;kecamatan bontang selatan;kelurahan berbas pantai
kota bontang;kecamatan bontang selatan;kelurahan berbas tengah
kota bontang;kecamatan bontang selatan;kelurahan bontang lestari
kota bontang;kecamatan bontang selatan;kelurahan satimpo
kota bontang;kecamatan bontang selatan;kelurahan tanjung laut
kota bontang;kecamatan bontang selatan;kelurahan tanjung laut indah
kota bontang;kecamatan bontang utara;kelurahan api api
kota bontang;kecamatan bontang utara;kelurahan bontang baru
kota bontang;kecamatan bontang utara;kelurahan bontang kuala
kota bontang;kecamatan bontang utara;kelurahan guntung
kota bontang;kecamatan bontang utara;kelurahan gunung elai
kota bontang;kecamatan bontang utara;kelurahan lok tuan
kota samarinda;kecamatan loa janan ilir;kelurahan harapan baru
kota samarinda;kecamatan loa janan ilir;kelurahan rapak dalam
kota samarinda;kecamatan loa janan ilir;kelurahan sengkotek
kota samarinda;kecamatan loa janan ilir;kelurahan simpang tiga
kota samarinda;kecamatan loa janan ilir;kelurahan tani aman
kota samarinda;kecamatan palaran;kelurahan bantuas
kota samarinda;kecamatan palaran;kelurahan bukuan
kota samarinda;kecamatan palaran;kelurahan handil bakti
kota samarinda;kecamatan palaran;kelurahan rawa makmur
kota samarinda;kecamatan palaran;kelurahan simpang pasir
kota samarinda;kecamatan samarinda ilir;kelurahan pelita
kota samarinda;kecamatan samarinda ilir;kelurahan selili
kota samarinda;kecamatan samarinda ilir;kelurahan sidodamai
kota samarinda;kecamatan samarinda ilir;kelurahan sidomulyo
kota samarinda;kecamatan samarinda ilir;kelurahan sungai dama
kota samarinda;kecamatan samarinda kota;kelurahan bugis
kota samarinda;kecamatan samarinda kota;kelurahan karang mumus
kota samarinda;kecamatan samarinda kota;kelurahan pasar pagi
kota samarinda;kecamatan samarinda kota;kelurahan pelabuhan
kota samarinda;kecamatan samarinda kota;kelurahan sungai pinang luar
kota samarinda;kecamatan samarinda seberang;kelurahan baqa
kota samarinda;kecamatan samarinda seberang;kelurahan gunung panjang
kota samarinda;kecamatan samarinda seberang;kelurahan mangkupalas
kota samarinda;kecamatan samarinda seberang;kelurahan mesjid
kota samarinda;kecamatan samarinda seberang;kelurahan sungai keledang
kota samarinda;kecamatan samarinda seberang;kelurahan tenun
kota samarinda;kecamatan samarinda ulu;kelurahan air hitam
kota samarinda;kecamatan samarinda ulu;kelurahan air putih
kota samarinda;kecamatan samarinda ulu;kelurahan bukit pinang
kota samarinda;kecamatan samarinda ulu;kelurahan dadi mulya
kota samarinda;kecamatan samarinda ulu;kelurahan gunung kelua
kota samarinda;kecamatan samarinda ulu;kelurahan jawa
kota samarinda;kecamatan samarinda ulu;kelurahan sidodadi
kota samarinda;kecamatan samarinda ulu;kelurahan teluk lerong ilir
kota samarinda;kecamatan samarinda utara;kelurahan budaya pampang
kota samarinda;kecamatan samarinda utara;kelurahan lempake
kota samarinda;kecamatan samarinda utara;kelurahan sempaja barat
kota samarinda;kecamatan samarinda utara;kelurahan sempaja selatan
kota samarinda;kecamatan samarinda utara;kelurahan sempaja timur
kota samarinda;kecamatan samarinda utara;kelurahan sempaja utara
kota samarinda;kecamatan samarinda utara;kelurahan sungai siring
kota samarinda;kecamatan samarinda utara;kelurahan tanah merah
kota samarinda;kecamatan sambutan;kelurahan makroman
kota samarinda;kecamatan sambutan;kelurahan pulau atas
kota samarinda;kecamatan sambutan;kelurahan sambutan
kota samarinda;kecamatan sambutan;kelurahan sindang sari
kota samarinda;kecamatan sambutan;kelurahan sungai kapih
kota samarinda;kecamatan sungai kunjang;kelurahan karang anyar
kota samarinda;kecamatan sungai kunjang;kelurahan karang asam ilir
kota samarinda;kecamatan sungai kunjang;kelurahan karang asam ulu
kota samarinda;kecamatan sungai kunjang;kelurahan loa bakung
kota samarinda;kecamatan sungai kunjang;kelurahan loa buah
kota samarinda;kecamatan sungai kunjang;kelurahan lok bahu
kota samarinda;kecamatan sungai kunjang;kelurahan teluk lerong ulu
kota samarinda;kecamatan sungai pinang;kelurahan bandara
kota samarinda;kecamatan sungai pinang;kelurahan gunung lingai
kota samarinda;kecamatan sungai pinang;kelurahan mugirejo
kota samarinda;kecamatan sungai pinang;kelurahan sungai pinang dalam
kota samarinda;kecamatan sungai pinang;kelurahan temindung permai
kabupaten Kutai Barat;kecamatan barong tongkok;kampung asa
kabupaten Kutai Barat;kecamatan barong tongkok;kampung balok asa
kabupaten Kutai Barat;kecamatan barong tongkok;kampung barong tongkok
kabupaten Kutai Barat;kecamatan barong tongkok;kampung belempung ulaq
kabupaten Kutai Barat;kecamatan barong tongkok;kampung engkuni pasek
kabupaten Kutai Barat;kecamatan barong tongkok;kampung geleo asa
kabupaten Kutai Barat;kecamatan barong tongkok;kampung geleo baru
kabupaten Kutai Barat;kecamatan barong tongkok;kampung gemuhan asa
kabupaten Kutai Barat;kecamatan barong tongkok;kampung juaq asa
kabupaten Kutai Barat;kecamatan barong tongkok;kampung juhan asa
kabupaten Kutai Barat;kecamatan barong tongkok;kampung mencimai
kabupaten Kutai Barat;kecamatan barong tongkok;kampung muara asa
kabupaten Kutai Barat;kecamatan barong tongkok;kampung ngenyan asa
kabupaten Kutai Barat;kecamatan barong tongkok;kampung ombau asa
kabupaten Kutai Barat;kecamatan barong tongkok;kampung ongko asa
kabupaten Kutai Barat;kecamatan barong tongkok;kampung pepas eheng
kabupaten Kutai Barat;kecamatan barong tongkok;kampung pepas asa
kabupaten Kutai Barat;kecamatan barong tongkok;kampung rejo basuki
kabupaten Kutai Barat;kecamatan barong tongkok;kampung sendawar
kabupaten Kutai Barat;kecamatan barong tongkok;kampung simpang raya
kabupaten Kutai Barat;kecamatan barong tongkok;kampung sumber sari
kabupaten Kutai Barat;kecamatan bentian besar;kampung anan jaya
kabupaten Kutai Barat;kecamatan bentian besar;kampung dilang puti
kabupaten Kutai Barat;kecamatan bentian besar;kampung jelmu sibak
kabupaten Kutai Barat;kecamatan bentian besar;kampung penarung
kabupaten Kutai Barat;kecamatan bentian besar;kampung randa empas
kabupaten Kutai Barat;kecamatan bentian besar;kampung sambung
kabupaten Kutai Barat;kecamatan bentian besar;kampung suakong
kabupaten Kutai Barat;kecamatan bentian besar;kampung tende
kabupaten Kutai Barat;kecamatan bentian besar;kampung tukuq
kabupaten Kutai Barat;kecamatan bongan;kampung bukit harapan
kabupaten Kutai Barat;kecamatan bongan;kampung deraya
kabupaten Kutai Barat;kecamatan bongan;kampung gerungung
kabupaten Kutai Barat;kecamatan bongan;kampung jambuk
kabupaten Kutai Barat;kecamatan bongan;kampung jambuk makmur
kabupaten Kutai Barat;kecamatan bongan;kampung lemper
kabupaten Kutai Barat;kecamatan bongan;kampung muara gusik
kabupaten Kutai Barat;kecamatan bongan;kampung muara kedang
kabupaten Kutai Barat;kecamatan bongan;kampung muara siram
kabupaten Kutai Barat;kecamatan bongan;kampung penawai
kabupaten Kutai Barat;kecamatan bongan;kampung pereng taliq
kabupaten Kutai Barat;kecamatan bongan;kampung resak
kabupaten Kutai Barat;kecamatan bongan;kampung siram jaya
kabupaten Kutai Barat;kecamatan bongan;kampung siram makmur
kabupaten Kutai Barat;kecamatan bongan;kampung tanjung sari
kabupaten Kutai Barat;kecamatan bongan;kampung tanjung soke
kabupaten Kutai Barat;kecamatan damai;kampung benung
kabupaten Kutai Barat;kecamatan damai;kampung bermai
kabupaten Kutai Barat;kecamatan damai;kampung besiq
kabupaten Kutai Barat;kecamatan damai;kampung damai kota
kabupaten Kutai Barat;kecamatan damai;kampung damai seberang
kabupaten Kutai Barat;kecamatan damai;kampung jengan danum
kabupaten Kutai Barat;kecamatan damai;kampung keay
kabupaten Kutai Barat;kecamatan damai;kampung kelian
kabupaten Kutai Barat;kecamatan damai;kampung lumpat dahuq
kabupaten Kutai Barat;kecamatan damai;kampung mantar
kabupaten Kutai Barat;kecamatan damai;kampung mendika
kabupaten Kutai Barat;kecamatan damai;kampung muara bomboy
kabupaten Kutai Barat;kecamatan damai;kampung muara niliq
kabupaten Kutai Barat;kecamatan damai;kampung muara nyahing
kabupaten Kutai Barat;kecamatan damai;kampung muara tokong
kabupaten Kutai Barat;kecamatan damai;kampung sempatn
kabupaten Kutai Barat;kecamatan damai;kampung tepulang
kabupaten Kutai Barat;kecamatan jempang;kampung bekokong makmur
kabupaten Kutai Barat;kecamatan jempang;kampung lembonah
kabupaten Kutai Barat;kecamatan jempang;kampung mancong
kabupaten Kutai Barat;kecamatan jempang;kampung muara nayan
kabupaten Kutai Barat;kecamatan jempang;kampung muara ohong
kabupaten Kutai Barat;kecamatan jempang;kampung muara tae
kabupaten Kutai Barat;kecamatan jempang;kampung pentat
kabupaten Kutai Barat;kecamatan jempang;kampung perigiq
kabupaten Kutai Barat;kecamatan jempang;kampung pulau lanting
kabupaten Kutai Barat;kecamatan jempang;kampung tanjung isuy
kabupaten Kutai Barat;kecamatan jempang;kampung tanjung jan
kabupaten Kutai Barat;kecamatan jempang;kampung tanjung jone
kabupaten Kutai Barat;kecamatan linggang bigung;kampung linggang amer
kabupaten Kutai Barat;kecamatan linggang bigung;kampung bangun sari
kabupaten Kutai Barat;kecamatan linggang bigung;kampung linggang bigung
kabupaten Kutai Barat;kecamatan linggang bigung;kampung linggang bigung baru
kabupaten Kutai Barat;kecamatan linggang bigung;kampung linggang kebut
kabupaten Kutai Barat;kecamatan linggang bigung;kampung linggang mapan
kabupaten Kutai Barat;kecamatan linggang bigung;kampung linggang melapeh
kabupaten Kutai Barat;kecamatan linggang bigung;kampung linggang melapeh baru
kabupaten Kutai Barat;kecamatan linggang bigung;kampung linggang mencelew
kabupaten Kutai Barat;kecamatan linggang bigung;kampung linggang purwodadi
kabupaten Kutai Barat;kecamatan linggang bigung;kampung tutung
kabupaten Kutai Barat;kecamatan long iram;kampung anah
kabupaten Kutai Barat;kecamatan long iram;kampung kelian luar
kabupaten Kutai Barat;kecamatan long iram;kampung keliwai
kabupaten Kutai Barat;kecamatan long iram;kampung linggang muara leban
kabupaten Kutai Barat;kecamatan long iram;kampung long daliq
kabupaten Kutai Barat;kecamatan long iram;kampung long iram bayan
kabupaten Kutai Barat;kecamatan long iram;kampung long iram ilir
kabupaten Kutai Barat;kecamatan long iram;kampung long iram kota
kabupaten Kutai Barat;kecamatan long iram;kampung long iram seberang
kabupaten Kutai Barat;kecamatan long iram;kampung sukomulyo
kabupaten Kutai Barat;kecamatan long iram;kampung ujoh halang
kabupaten Kutai Barat;kecamatan melak;kampung empakuq
kabupaten Kutai Barat;kecamatan melak;kampung empas
kabupaten Kutai Barat;kecamatan melak;kampung melak ilir
kabupaten Kutai Barat;kecamatan melak;kampung melak ulu
kabupaten Kutai Barat;kecamatan melak;kampung muara benangaq
kabupaten Kutai Barat;kecamatan melak;kampung muara bunyut
kabupaten Kutai Barat;kecamatan mook manaar bulatn;kampung abit
kabupaten Kutai Barat;kecamatan mook manaar bulatn;kampung gadur
kabupaten Kutai Barat;kecamatan mook manaar bulatn;kampung gemuruh
kabupaten Kutai Barat;kecamatan mook manaar bulatn;kampung gunung rampah
kabupaten Kutai Barat;kecamatan mook manaar bulatn;kampung jengan
kabupaten Kutai Barat;kecamatan mook manaar bulatn;kampung karangan
kabupaten Kutai Barat;kecamatan mook manaar bulatn;kampung kelumpang
kabupaten Kutai Barat;kecamatan mook manaar bulatn;kampung linggang marimun
kabupaten Kutai Barat;kecamatan mook manaar bulatn;kampung linggang muara batuq
kabupaten Kutai Barat;kecamatan mook manaar bulatn;kampung merayaq
kabupaten Kutai Barat;kecamatan mook manaar bulatn;kampung muara jawaq
kabupaten Kutai Barat;kecamatan mook manaar bulatn;kampung muara kalaq
kabupaten Kutai Barat;kecamatan mook manaar bulatn;kampung rembayan
kabupaten Kutai Barat;kecamatan mook manaar bulatn;kampung sakaq lotoq
kabupaten Kutai Barat;kecamatan mook manaar bulatn;kampung sakaq tada
kabupaten Kutai Barat;kecamatan mook manaar bulatn;kampung tondoh
kabupaten Kutai Barat;kecamatan muara lawa;kampung benggeris
kabupaten Kutai Barat;kecamatan muara lawa;kampung cempedas
kabupaten Kutai Barat;kecamatan muara lawa;kampung dingin
kabupaten Kutai Barat;kecamatan muara lawa;kampung lambing
kabupaten Kutai Barat;kecamatan muara lawa;kampung lotaq
kabupaten Kutai Barat;kecamatan muara lawa;kampung muara begai
kabupaten Kutai Barat;kecamatan muara lawa;kampung muara lawa
kabupaten Kutai Barat;kecamatan muara lawa;kampung payang
kabupaten Kutai Barat;kecamatan muara pahu;kampung dasaq
kabupaten Kutai Barat;kecamatan muara pahu;kampung gunung bayan
kabupaten Kutai Barat;kecamatan muara pahu;kampung jerang dayak
kabupaten Kutai Barat;kecamatan muara pahu;kampung jerang melayu
kabupaten Kutai Barat;kecamatan muara pahu;kampung mendung
kabupaten Kutai Barat;kecamatan muara pahu;kampung muara baroh
kabupaten Kutai Barat;kecamatan muara pahu;kampung muara beloan
kabupaten Kutai Barat;kecamatan muara pahu;kampung sebelang
kabupaten Kutai Barat;kecamatan muara pahu;kampung tanjung laong
kabupaten Kutai Barat;kecamatan muara pahu;kampung tanjung pagar
kabupaten Kutai Barat;kecamatan muara pahu;kampung teluk tempudau
kabupaten Kutai Barat;kecamatan muara pahu;kampung tepian ulaq
kabupaten Kutai Barat;kecamatan nyuatan;kampung awai
kabupaten Kutai Barat;kecamatan nyuatan;kampung dempar
kabupaten Kutai Barat;kecamatan nyuatan;kampung intu lingau
kabupaten Kutai Barat;kecamatan nyuatan;kampung jontai
kabupaten Kutai Barat;kecamatan nyuatan;kampung lakan bilem
kabupaten Kutai Barat;kecamatan nyuatan;kampung muut
kabupaten Kutai Barat;kecamatan nyuatan;kampung sembuan
kabupaten Kutai Barat;kecamatan nyuatan;kampung sentalar
kabupaten Kutai Barat;kecamatan nyuatan;kampung temula
kabupaten Kutai Barat;kecamatan nyuatan;kampung terajuk
kabupaten Kutai Barat;kecamatan penyinggahan;kampung bakung
kabupaten Kutai Barat;kecamatan penyinggahan;kampung loa deras
kabupaten Kutai Barat;kecamatan penyinggahan;kampung minta
kabupaten Kutai Barat;kecamatan penyinggahan;kampung penyinggahan ilir
kabupaten Kutai Barat;kecamatan penyinggahan;kampung penyinggahan ulu
kabupaten Kutai Barat;kecamatan penyinggahan;kampung tanjung haur
kabupaten Kutai Barat;kecamatan sekolaq darat;kampung leleng
kabupaten Kutai Barat;kecamatan sekolaq darat;kampung sekolaq darat
kabupaten Kutai Barat;kecamatan sekolaq darat;kampung sekolaq joleq
kabupaten Kutai Barat;kecamatan sekolaq darat;kampung sekolaq muliaq
kabupaten Kutai Barat;kecamatan sekolaq darat;kampung sekolaq oday
kabupaten Kutai Barat;kecamatan sekolaq darat;kampung sember bangun
kabupaten Kutai Barat;kecamatan sekolaq darat;kampung srimulyo
kabupaten Kutai Barat;kecamatan sekolaq darat;kampung sumber rejo
kabupaten Kutai Barat;kecamatan siluq ngurai;kampung bentas
kabupaten Kutai Barat;kecamatan siluq ngurai;kampung betung
kabupaten Kutai Barat;kecamatan siluq ngurai;kampung kaliq
kabupaten Kutai Barat;kecamatan siluq ngurai;kampung kendisiq
kabupaten Kutai Barat;kecamatan siluq ngurai;kampung kenyanyan
kabupaten Kutai Barat;kecamatan siluq ngurai;kampung kiaq
kabupaten Kutai Barat;kecamatan siluq ngurai;kampung lendian liang nayuq
kabupaten Kutai Barat;kecamatan siluq ngurai;kampung muara kelawit
kabupaten Kutai Barat;kecamatan siluq ngurai;kampung muara ponaq
kabupaten Kutai Barat;kecamatan siluq ngurai;kampung muhur
kabupaten Kutai Barat;kecamatan siluq ngurai;kampung penawang
kabupaten Kutai Barat;kecamatan siluq ngurai;kampung rikong
kabupaten Kutai Barat;kecamatan siluq ngurai;kampung sangsang
kabupaten Kutai Barat;kecamatan siluq ngurai;kampung tanah mea
kabupaten Kutai Barat;kecamatan siluq ngurai;kampung tebisaq
kabupaten Kutai Barat;kecamatan siluq ngurai;kampung tendiq
kabupaten Kutai Barat;kecamatan tering;kampung gabung baru
kabupaten Kutai Barat;kecamatan tering;kampung kelian dalam
kabupaten Kutai Barat;kecamatan tering;kampung linggang banjarejo
kabupaten Kutai Barat;kecamatan tering;kampung jelemuq
kabupaten Kutai Barat;kecamatan tering;kampung linggang kelubaq
kabupaten Kutai Barat;kecamatan tering;kampung linggang muara mujan
kabupaten Kutai Barat;kecamatan tering;kampung muyub ilir
kabupaten Kutai Barat;kecamatan tering;kampung linggang purworejo
kabupaten Kutai Barat;kecamatan tering;kampung linggang tering seberang
kabupaten Kutai Barat;kecamatan tering;kampung muyub aket
kabupaten Kutai Barat;kecamatan tering;kampung muyub ulu
kabupaten Kutai Barat;kecamatan tering;kampung tering baru
kabupaten Kutai Barat;kecamatan tering;kampung tering lama
kabupaten Kutai Barat;kecamatan tering;kampung tering lama ulu
kabupaten Kutai Barat;kecamatan tering;kampung tukul
kabupaten Kutai Kartanegara;kecamatan anggana;desa anggana
kabupaten Kutai Kartanegara;kecamatan anggana;desa handil terusan
kabupaten Kutai Kartanegara;kecamatan anggana;desa kutai lama
kabupaten Kutai Kartanegara;kecamatan anggana;desa muara pantuan
kabupaten Kutai Kartanegara;kecamatan anggana;desa sepatin
kabupaten Kutai Kartanegara;kecamatan anggana;desa sidomulyo
kabupaten Kutai Kartanegara;kecamatan anggana;desa sungai meriam
kabupaten Kutai Kartanegara;kecamatan anggana;desa tani baru
kabupaten Kutai Kartanegara;kecamatan kembang janggut;desa bukit layang
kabupaten Kutai Kartanegara;kecamatan kembang janggut;desa genting tanah
kabupaten Kutai Kartanegara;kecamatan kembang janggut;desa hambau
kabupaten Kutai Kartanegara;kecamatan kembang janggut;desa kelekat
kabupaten Kutai Kartanegara;kecamatan kembang janggut;desa kembang janggut
kabupaten Kutai Kartanegara;kecamatan kembang janggut;desa loa sakoh
kabupaten Kutai Kartanegara;kecamatan kembang janggut;desa long beleh haloq
kabupaten Kutai Kartanegara;kecamatan kembang janggut;desa long beleh modang
kabupaten Kutai Kartanegara;kecamatan kembang janggut;desa muai
kabupaten Kutai Kartanegara;kecamatan kembang janggut;desa perdana
kabupaten Kutai Kartanegara;kecamatan kembang janggut;desa pulau pinang
kabupaten Kutai Kartanegara;kecamatan kenohan;desa kahala
kabupaten Kutai Kartanegara;kecamatan kenohan;desa kahala ilir
kabupaten Kutai Kartanegara;kecamatan kenohan;desa lamin pulut
kabupaten Kutai Kartanegara;kecamatan kenohan;desa lamin telihan
kabupaten Kutai Kartanegara;kecamatan kenohan;desa semayang
kabupaten Kutai Kartanegara;kecamatan kenohan;desa teluk bingkai
kabupaten Kutai Kartanegara;kecamatan kenohan;desa teluk muda
kabupaten Kutai Kartanegara;kecamatan kenohan;desa tuana tuha
kabupaten Kutai Kartanegara;kecamatan kenohan;desa tubuhan
kabupaten Kutai Kartanegara;kecamatan kota bangun;desa kedang murung
kabupaten Kutai Kartanegara;kecamatan kota bangun;desa kota bangun ilir
kabupaten Kutai Kartanegara;kecamatan kota bangun;desa kota bangun seberang
kabupaten Kutai Kartanegara;kecamatan kota bangun;desa kota bangun ulu
kabupaten Kutai Kartanegara;kecamatan kota bangun;desa liang
kabupaten Kutai Kartanegara;kecamatan kota bangun;desa liang ulu
kabupaten Kutai Kartanegara;kecamatan kota bangun;desa loleng
kabupaten Kutai Kartanegara;kecamatan kota bangun;desa muhuran
kabupaten Kutai Kartanegara;kecamatan kota bangun;desa pela
kabupaten Kutai Kartanegara;kecamatan kota bangun;desa sangkuliman
kabupaten Kutai Kartanegara;kecamatan kota bangun;desa sebelimbingan
kabupaten Kutai Kartanegara;kecamatan kota bangun darat;desa benua baru
kabupaten Kutai Kartanegara;kecamatan kota bangun darat;desa kedang ipil
kabupaten Kutai Kartanegara;kecamatan kota bangun darat;desa kota bangun i
kabupaten Kutai Kartanegara;kecamatan kota bangun darat;desa kota bangun ii
kabupaten Kutai Kartanegara;kecamatan kota bangun darat;desa kota bangun iii
kabupaten Kutai Kartanegara;kecamatan kota bangun darat;desa sari nadi
kabupaten Kutai Kartanegara;kecamatan kota bangun darat;desa sedulang
kabupaten Kutai Kartanegara;kecamatan kota bangun darat;desa sukabumi
kabupaten Kutai Kartanegara;kecamatan kota bangun darat;desa sumber sari
kabupaten Kutai Kartanegara;kecamatan kota bangun darat;desa wonosari
kabupaten Kutai Kartanegara;kecamatan loa janan;desa bakungan
kabupaten Kutai Kartanegara;kecamatan loa janan;desa batuah
kabupaten Kutai Kartanegara;kecamatan loa janan;desa loa duri ilir
kabupaten Kutai Kartanegara;kecamatan loa janan;desa loa duri ulu
kabupaten Kutai Kartanegara;kecamatan loa janan;desa loa janan ulu
kabupaten Kutai Kartanegara;kecamatan loa janan;desa purwajaya
kabupaten Kutai Kartanegara;kecamatan loa janan;desa tani bhakti
kabupaten Kutai Kartanegara;kecamatan loa janan;desa tani harapan
kabupaten Kutai Kartanegara;kecamatan loa kulu;desa jembayan
kabupaten Kutai Kartanegara;kecamatan loa kulu;desa jembayan dalam
kabupaten Kutai Kartanegara;kecamatan loa kulu;desa jembayan tengah
kabupaten Kutai Kartanegara;kecamatan loa kulu;desa jonggon desa
kabupaten Kutai Kartanegara;kecamatan loa kulu;desa jonggon jaya
kabupaten Kutai Kartanegara;kecamatan loa kulu;desa jongkang
kabupaten Kutai Kartanegara;kecamatan loa kulu;desa loa kulu kota
kabupaten Kutai Kartanegara;kecamatan loa kulu;desa loh sumber
kabupaten Kutai Kartanegara;kecamatan loa kulu;desa lung anai
kabupaten Kutai Kartanegara;kecamatan loa kulu;desa margahayu
kabupaten Kutai Kartanegara;kecamatan loa kulu;desa ponoragan
kabupaten Kutai Kartanegara;kecamatan loa kulu;desa rempanga
kabupaten Kutai Kartanegara;kecamatan loa kulu;desa sepakat
kabupaten Kutai Kartanegara;kecamatan loa kulu;desa sumber sari
kabupaten Kutai Kartanegara;kecamatan loa kulu;desa sungai payang
kabupaten Kutai Kartanegara;kecamatan marang kayu;desa bunga putih
kabupaten Kutai Kartanegara;kecamatan marang kayu;desa kersik
kabupaten Kutai Kartanegara;kecamatan marang kayu;desa makarti
kabupaten Kutai Kartanegara;kecamatan marang kayu;desa prangat baru
kabupaten Kutai Kartanegara;kecamatan marang kayu;desa prangat selatan
kabupaten Kutai Kartanegara;kecamatan marang kayu;desa sambera baru
kabupaten Kutai Kartanegara;kecamatan marang kayu;desa santan ilir
kabupaten Kutai Kartanegara;kecamatan marang kayu;desa santan tengah
kabupaten Kutai Kartanegara;kecamatan marang kayu;desa santan ulu
kabupaten Kutai Kartanegara;kecamatan marang kayu;desa sebuntal
kabupaten Kutai Kartanegara;kecamatan marang kayu;desa semangko
kabupaten Kutai Kartanegara;kecamatan muara badak;desa badak baru
kabupaten Kutai Kartanegara;kecamatan muara badak;desa badak mekar
kabupaten Kutai Kartanegara;kecamatan muara badak;desa batu batu
kabupaten Kutai Kartanegara;kecamatan muara badak;desa gas alam badak i
kabupaten Kutai Kartanegara;kecamatan muara badak;desa muara badak ilir
kabupaten Kutai Kartanegara;kecamatan muara badak;desa muara badak ulu
kabupaten Kutai Kartanegara;kecamatan muara badak;desa saliki
kabupaten Kutai Kartanegara;kecamatan muara badak;desa salo cella
kabupaten Kutai Kartanegara;kecamatan muara badak;desa salo palai
kabupaten Kutai Kartanegara;kecamatan muara badak;desa suka damai
kabupaten Kutai Kartanegara;kecamatan muara badak;desa sungai bawang
kabupaten Kutai Kartanegara;kecamatan muara badak;desa tanah datar
kabupaten Kutai Kartanegara;kecamatan muara badak;desa tanjung limau
kabupaten Kutai Kartanegara;kecamatan muara jawa;kelurahan dondang
kabupaten Kutai Kartanegara;kecamatan muara jawa;kelurahan muara jawa pesisir
kabupaten Kutai Kartanegara;kecamatan muara jawa;kelurahan muara jawa ilir
kabupaten Kutai Kartanegara;kecamatan muara jawa;kelurahan muara jawa tengah
kabupaten Kutai Kartanegara;kecamatan muara jawa;kelurahan muara jawa ulu
kabupaten Kutai Kartanegara;kecamatan muara jawa;kelurahan muara kembang
kabupaten Kutai Kartanegara;kecamatan muara jawa;kelurahan tama pole
kabupaten Kutai Kartanegara;kecamatan muara jawa;kelurahan teluk dalam
kabupaten Kutai Kartanegara;kecamatan muara kaman;desa benua puhun
kabupaten Kutai Kartanegara;kecamatan muara kaman;desa bukit jering
kabupaten Kutai Kartanegara;kecamatan muara kaman;desa bunga jadi
kabupaten Kutai Kartanegara;kecamatan muara kaman;desa cipari makmur
kabupaten Kutai Kartanegara;kecamatan muara kaman;desa kupang baru
kabupaten Kutai Kartanegara;kecamatan muara kaman;desa lebaho ulaq
kabupaten Kutai Kartanegara;kecamatan muara kaman;desa liang buaya
kabupaten Kutai Kartanegara;kecamatan muara kaman;desa menamang kanan
kabupaten Kutai Kartanegara;kecamatan muara kaman;desa menamang kiri
kabupaten Kutai Kartanegara;kecamatan muara kaman;desa muara kaman ilir
kabupaten Kutai Kartanegara;kecamatan muara kaman;desa muara kaman ulu
kabupaten Kutai Kartanegara;kecamatan muara kaman;desa muara siran
kabupaten Kutai Kartanegara;kecamatan muara kaman;desa panca jaya
kabupaten Kutai Kartanegara;kecamatan muara kaman;desa puan cepak
kabupaten Kutai Kartanegara;kecamatan muara kaman;desa rantau hempang
kabupaten Kutai Kartanegara;kecamatan muara kaman;desa sabintulung
kabupaten Kutai Kartanegara;kecamatan muara kaman;desa sedulang
kabupaten Kutai Kartanegara;kecamatan muara kaman;desa sidomukti
kabupaten Kutai Kartanegara;kecamatan muara kaman;desa teratak
kabupaten Kutai Kartanegara;kecamatan muara kaman;desa tunjungan
kabupaten Kutai Kartanegara;kecamatan muara muntai;desa batuq
kabupaten Kutai Kartanegara;kecamatan muara muntai;desa jantur
kabupaten Kutai Kartanegara;kecamatan muara muntai;desa jantur baru
kabupaten Kutai Kartanegara;kecamatan muara muntai;desa jantur selatan
kabupaten Kutai Kartanegara;kecamatan muara muntai;desa kayu batu
kabupaten Kutai Kartanegara;kecamatan muara muntai;desa muara aloh
kabupaten Kutai Kartanegara;kecamatan muara muntai;desa muara leka
kabupaten Kutai Kartanegara;kecamatan muara muntai;desa muara muntai ilir
kabupaten Kutai Kartanegara;kecamatan muara muntai;desa muara muntai ulu
kabupaten Kutai Kartanegara;kecamatan muara muntai;desa perian
kabupaten Kutai Kartanegara;kecamatan muara muntai;desa pulau harapan
kabupaten Kutai Kartanegara;kecamatan muara muntai;desa rebaq rinding
kabupaten Kutai Kartanegara;kecamatan muara muntai;desa tanjung batuq harapan
kabupaten Kutai Kartanegara;kecamatan muara wis;desa enggelam
kabupaten Kutai Kartanegara;kecamatan muara wis;desa lebak cilong
kabupaten Kutai Kartanegara;kecamatan muara wis;desa lebak mantan
kabupaten Kutai Kartanegara;kecamatan muara wis;desa melintang
kabupaten Kutai Kartanegara;kecamatan muara wis;desa muara enggelam
kabupaten Kutai Kartanegara;kecamatan muara wis;desa muara wis
kabupaten Kutai Kartanegara;kecamatan muara wis;desa sebemban
kabupaten Kutai Kartanegara;kecamatan samboja;desa beringin agung
kabupaten Kutai Kartanegara;kecamatan samboja;desa bukit raya
kabupaten Kutai Kartanegara;kecamatan samboja;kelurahan handil baru
kabupaten Kutai Kartanegara;kecamatan samboja;kelurahan handil baru darat
kabupaten Kutai Kartanegara;kecamatan samboja;kelurahan kampung lama
kabupaten Kutai Kartanegara;kecamatan samboja;desa karya jaya
kabupaten Kutai Kartanegara;kecamatan samboja;kelurahan muara sembilang
kabupaten Kutai Kartanegara;kecamatan samboja;kelurahan samboja kuala
kabupaten Kutai Kartanegara;kecamatan samboja;desa sanipah
kabupaten Kutai Kartanegara;kecamatan samboja;desa sungai seluang
kabupaten Kutai Kartanegara;kecamatan samboja;desa tanjung harapan
kabupaten Kutai Kartanegara;kecamatan samboja;desa teluk pemedas
kabupaten Kutai Kartanegara;kecamatan samboja;desa wonotirto
kabupaten Kutai Kartanegara;kecamatan samboja barat;kelurahan amborawang darat
kabupaten Kutai Kartanegara;kecamatan samboja barat;kelurahan amborawang laut
kabupaten Kutai Kartanegara;kecamatan samboja barat;kelurahan argosari
kabupaten Kutai Kartanegara;kecamatan samboja barat;kelurahan bukit merdeka
kabupaten Kutai Kartanegara;kecamatan samboja barat;kelurahan karya merdeka
kabupaten Kutai Kartanegara;kecamatan samboja barat;kelurahan margomulyo
kabupaten Kutai Kartanegara;kecamatan samboja barat;kelurahan salok api darat
kabupaten Kutai Kartanegara;kecamatan samboja barat;kelurahan salok api laut
kabupaten Kutai Kartanegara;kecamatan samboja barat;kelurahan sungai merdeka
kabupaten Kutai Kartanegara;kecamatan samboja barat;desa tani bhakti
kabupaten Kutai Kartanegara;kecamatan sanga sanga;kelurahan jawa
kabupaten Kutai Kartanegara;kecamatan sanga sanga;kelurahan pendingin
kabupaten Kutai Kartanegara;kecamatan sanga sanga;kelurahan sanga sanga dalam
kabupaten Kutai Kartanegara;kecamatan sanga sanga;kelurahan sanga sanga muara
kabupaten Kutai Kartanegara;kecamatan sanga sanga;kelurahan sarijaya
kabupaten Kutai Kartanegara;kecamatan sebulu;desa beloro
kabupaten Kutai Kartanegara;kecamatan sebulu;desa giri agung
kabupaten Kutai Kartanegara;kecamatan sebulu;desa lekaq kidau
kabupaten Kutai Kartanegara;kecamatan sebulu;desa manunggal daya
kabupaten Kutai Kartanegara;kecamatan sebulu;desa mekar jaya
kabupaten Kutai Kartanegara;kecamatan sebulu;desa sanggulan
kabupaten Kutai Kartanegara;kecamatan sebulu;desa sebulu ilir
kabupaten Kutai Kartanegara;kecamatan sebulu;desa sebulu modern
kabupaten Kutai Kartanegara;kecamatan sebulu;desa sebulu ulu
kabupaten Kutai Kartanegara;kecamatan sebulu;desa segihan
kabupaten Kutai Kartanegara;kecamatan sebulu;desa selerong
kabupaten Kutai Kartanegara;kecamatan sebulu;desa senoni
kabupaten Kutai Kartanegara;kecamatan sebulu;desa sumber sari
kabupaten Kutai Kartanegara;kecamatan sebulu;desa tanjung harapan
kabupaten Kutai Kartanegara;kecamatan tabang;desa bila talang
kabupaten Kutai Kartanegara;kecamatan tabang;desa buluk sen
kabupaten Kutai Kartanegara;kecamatan tabang;desa gunung sari
kabupaten Kutai Kartanegara;kecamatan tabang;desa kampung baru
kabupaten Kutai Kartanegara;kecamatan tabang;desa long lalang
kabupaten Kutai Kartanegara;kecamatan tabang;desa muara belinau
kabupaten Kutai Kartanegara;kecamatan tabang;desa muara kebaq
kabupaten Kutai Kartanegara;kecamatan tabang;desa muara pedohon
kabupaten Kutai Kartanegara;kecamatan tabang;desa muara ritan
kabupaten Kutai Kartanegara;kecamatan tabang;desa muara salung
kabupaten Kutai Kartanegara;kecamatan tabang;desa muara tiq
kabupaten Kutai Kartanegara;kecamatan tabang;desa muara tuboq
kabupaten Kutai Kartanegara;kecamatan tabang;desa ritan baru
kabupaten Kutai Kartanegara;kecamatan tabang;desa sidomulyo
kabupaten Kutai Kartanegara;kecamatan tabang;desa tabang lama
kabupaten Kutai Kartanegara;kecamatan tabang;desa tukung ritan
kabupaten Kutai Kartanegara;kecamatan tabang;desa umaq bekuay
kabupaten Kutai Kartanegara;kecamatan tabang;desa umaq dian
kabupaten Kutai Kartanegara;kecamatan tabang;desa umaq tukung
kabupaten Kutai Kartanegara;kecamatan tenggarong;desa bendang raya
kabupaten Kutai Kartanegara;kecamatan tenggarong;kelurahan bukit biru
kabupaten Kutai Kartanegara;kecamatan tenggarong;kelurahan jahab
kabupaten Kutai Kartanegara;kecamatan tenggarong;kelurahan baru
kabupaten Kutai Kartanegara;kecamatan tenggarong;kelurahan loa ipuh
kabupaten Kutai Kartanegara;kecamatan tenggarong;kelurahan loa ipuh darat
kabupaten Kutai Kartanegara;kecamatan tenggarong;desa loa tebu
kabupaten Kutai Kartanegara;kecamatan tenggarong;kelurahan maluhu
kabupaten Kutai Kartanegara;kecamatan tenggarong;kelurahan mangkurawang
kabupaten Kutai Kartanegara;kecamatan tenggarong;kelurahan melayu
kabupaten Kutai Kartanegara;kecamatan tenggarong;kelurahan panji
kabupaten Kutai Kartanegara;kecamatan tenggarong;desa rampak lambur
kabupaten Kutai Kartanegara;kecamatan tenggarong;kelurahan sukarame
kabupaten Kutai Kartanegara;kecamatan tenggarong;kelurahan timbau
kabupaten Kutai Kartanegara;kecamatan tenggarong seberang;desa bangun rejo
kabupaten Kutai Kartanegara;kecamatan tenggarong seberang;desa buana jaya
kabupaten Kutai Kartanegara;kecamatan tenggarong seberang;desa bukit pariaman
kabupaten Kutai Kartanegara;kecamatan tenggarong seberang;desa bukit raya
kabupaten Kutai Kartanegara;kecamatan tenggarong seberang;desa embalut
kabupaten Kutai Kartanegara;kecamatan tenggarong seberang;desa karang tunggal
kabupaten Kutai Kartanegara;kecamatan tenggarong seberang;desa kerta buana
kabupaten Kutai Kartanegara;kecamatan tenggarong seberang;desa loa lepu
kabupaten Kutai Kartanegara;kecamatan tenggarong seberang;desa loa pari
kabupaten Kutai Kartanegara;kecamatan tenggarong seberang;desa loa raya
kabupaten Kutai Kartanegara;kecamatan tenggarong seberang;desa loa ulung
kabupaten Kutai Kartanegara;kecamatan tenggarong seberang;desa manunggal jaya
kabupaten Kutai Kartanegara;kecamatan tenggarong seberang;desa mulawarman
kabupaten Kutai Kartanegara;kecamatan tenggarong seberang;desa perjiwa
kabupaten Kutai Kartanegara;kecamatan tenggarong seberang;desa separi
kabupaten Kutai Kartanegara;kecamatan tenggarong seberang;desa suka maju
kabupaten Kutai Kartanegara;kecamatan tenggarong seberang;desa tanjung batu
kabupaten Kutai Kartanegara;kecamatan tenggarong seberang;desa teluk dalam
kabupaten Kutai Timur;kecamatan batu ampar;desa batu timbau
kabupaten Kutai Timur;kecamatan batu ampar;desa batu timbau ulu
kabupaten Kutai Timur;kecamatan batu ampar;desa beno harapan
kabupaten Kutai Timur;kecamatan batu ampar;desa himba lestari
kabupaten Kutai Timur;kecamatan batu ampar;desa mawai indah
kabupaten Kutai Timur;kecamatan batu ampar;desa mugi rahayu
kabupaten Kutai Timur;kecamatan batu ampar;desa telaga
kabupaten Kutai Timur;kecamatan bengalon;desa keraitan
kabupaten Kutai Timur;kecamatan bengalon;desa muara bengalon
kabupaten Kutai Timur;kecamatan bengalon;desa sekerat
kabupaten Kutai Timur;kecamatan bengalon;desa sepaso
kabupaten Kutai Timur;kecamatan bengalon;desa sepaso barat
kabupaten Kutai Timur;kecamatan bengalon;desa sepaso selatan
kabupaten Kutai Timur;kecamatan bengalon;desa sepaso timur
kabupaten Kutai Timur;kecamatan bengalon;desa tebangan lembak
kabupaten Kutai Timur;kecamatan bengalon;desa tepian baru
kabupaten Kutai Timur;kecamatan bengalon;desa tepian indah
kabupaten Kutai Timur;kecamatan bengalon;desa tepian langsat
kabupaten Kutai Timur;kecamatan busang;desa long bentuq
kabupaten Kutai Timur;kecamatan busang;desa long lees
kabupaten Kutai Timur;kecamatan busang;desa long nyelong
kabupaten Kutai Timur;kecamatan busang;desa long pejeng
kabupaten Kutai Timur;kecamatan busang;desa mekar baru
kabupaten Kutai Timur;kecamatan busang;desa rantau sentosa
kabupaten Kutai Timur;kecamatan kaliorang;desa bangun jaya
kabupaten Kutai Timur;kecamatan kaliorang;desa bukit harapan
kabupaten Kutai Timur;kecamatan kaliorang;desa bukit makmur
kabupaten Kutai Timur;kecamatan kaliorang;desa bumi sejahtera
kabupaten Kutai Timur;kecamatan kaliorang;desa citra manunggal jaya
kabupaten Kutai Timur;kecamatan kaliorang;desa kaliorang
kabupaten Kutai Timur;kecamatan kaliorang;desa selangkau
kabupaten Kutai Timur;kecamatan karangan;desa baay
kabupaten Kutai Timur;kecamatan karangan;desa batu lepoq
kabupaten Kutai Timur;kecamatan karangan;desa karangan dalam
kabupaten Kutai Timur;kecamatan karangan;desa karangan hilir
kabupaten Kutai Timur;kecamatan karangan;desa karangan seberang
kabupaten Kutai Timur;kecamatan karangan;desa mukti lestari
kabupaten Kutai Timur;kecamatan karangan;desa pengadan
kabupaten Kutai Timur;kecamatan kaubun;desa bukit permata
kabupaten Kutai Timur;kecamatan kaubun;desa bumi etam
kabupaten Kutai Timur;kecamatan kaubun;desa bumi jaya
kabupaten Kutai Timur;kecamatan kaubun;desa bumi rapak
kabupaten Kutai Timur;kecamatan kaubun;desa cipta graha
kabupaten Kutai Timur;kecamatan kaubun;desa kadungan jaya
kabupaten Kutai Timur;kecamatan kaubun;desa mata air
kabupaten Kutai Timur;kecamatan kaubun;desa pengadan baru
kabupaten Kutai Timur;kecamatan kongbeng;desa kongbeng indah
kabupaten Kutai Timur;kecamatan kongbeng;desa makmur jaya
kabupaten Kutai Timur;kecamatan kongbeng;desa marga mulya
kabupaten Kutai Timur;kecamatan kongbeng;desa miau baru
kabupaten Kutai Timur;kecamatan kongbeng;desa sidomulyo
kabupaten Kutai Timur;kecamatan kongbeng;desa sri pantun
kabupaten Kutai Timur;kecamatan kongbeng;desa suka maju
kabupaten Kutai Timur;kecamatan long mesangat;desa melan
kabupaten Kutai Timur;kecamatan long mesangat;desa mukti utama
kabupaten Kutai Timur;kecamatan long mesangat;desa segoy makmur
kabupaten Kutai Timur;kecamatan long mesangat;desa sika makmur
kabupaten Kutai Timur;kecamatan long mesangat;desa sumber agung
kabupaten Kutai Timur;kecamatan long mesangat;desa sumber sari
kabupaten Kutai Timur;kecamatan long mesangat;desa tanah abang
kabupaten Kutai Timur;kecamatan muara ancalong;desa gemar baru
kabupaten Kutai Timur;kecamatan muara ancalong;desa kelinjau ilir
kabupaten Kutai Timur;kecamatan muara ancalong;desa kelinjau ulu
kabupaten Kutai Timur;kecamatan muara ancalong;desa long nah
kabupaten Kutai Timur;kecamatan muara ancalong;desa long poq baru
kabupaten Kutai Timur;kecamatan muara ancalong;desa long tesak
kabupaten Kutai Timur;kecamatan muara ancalong;desa muara dun
kabupaten Kutai Timur;kecamatan muara ancalong;desa senyiur
kabupaten Kutai Timur;kecamatan muara ancalong;desa teluk baru
kabupaten Kutai Timur;kecamatan muara bengkal;desa batu balai
kabupaten Kutai Timur;kecamatan muara bengkal;desa benua baru
kabupaten Kutai Timur;kecamatan muara bengkal;desa muara bengkal ilir
kabupaten Kutai Timur;kecamatan muara bengkal;desa muara bengkal ulu
kabupaten Kutai Timur;kecamatan muara bengkal;desa mulupan
kabupaten Kutai Timur;kecamatan muara bengkal;desa ngayau
kabupaten Kutai Timur;kecamatan muara bengkal;desa senambah
kabupaten Kutai Timur;kecamatan muara wahau;desa benhes
kabupaten Kutai Timur;kecamatan muara wahau;desa dabeq
kabupaten Kutai Timur;kecamatan muara wahau;desa diaq lay
kabupaten Kutai Timur;kecamatan muara wahau;desa jak luay
kabupaten Kutai Timur;kecamatan muara wahau;desa karya bhakti
kabupaten Kutai Timur;kecamatan muara wahau;desa long wehea
kabupaten Kutai Timur;kecamatan muara wahau;desa muara wahau
kabupaten Kutai Timur;kecamatan muara wahau;desa nehas liah bing
kabupaten Kutai Timur;kecamatan muara wahau;desa wahau baru
kabupaten Kutai Timur;kecamatan muara wahau;desa wanasari
kabupaten Kutai Timur;kecamatan rantau pulung;desa kebon agung
kabupaten Kutai Timur;kecamatan rantau pulung;desa manunggal jaya
kabupaten Kutai Timur;kecamatan rantau pulung;desa margo mulyo
kabupaten Kutai Timur;kecamatan rantau pulung;desa masalap raya
kabupaten Kutai Timur;kecamatan rantau pulung;desa mukti jaya
kabupaten Kutai Timur;kecamatan rantau pulung;desa pulung sari
kabupaten Kutai Timur;kecamatan rantau pulung;desa rantau makmur
kabupaten Kutai Timur;kecamatan rantau pulung;desa tanjung labu
kabupaten Kutai Timur;kecamatan rantau pulung;desa tepian makmur
kabupaten Kutai Timur;kecamatan sandaran;desa manubar
kabupaten Kutai Timur;kecamatan sandaran;desa manubar dalam
kabupaten Kutai Timur;kecamatan sandaran;desa marukangan
kabupaten Kutai Timur;kecamatan sandaran;desa sandaran
kabupaten Kutai Timur;kecamatan sandaran;desa susuk dalam
kabupaten Kutai Timur;kecamatan sandaran;desa susuk luar
kabupaten Kutai Timur;kecamatan sandaran;desa susuk tengah
kabupaten Kutai Timur;kecamatan sandaran;desa tadoan
kabupaten Kutai Timur;kecamatan sandaran;desa tanjung mangkaliat
kabupaten Kutai Timur;kecamatan sangatta selatan;desa sangatta selatan
kabupaten Kutai Timur;kecamatan sangatta selatan;desa sangkima
kabupaten Kutai Timur;kecamatan sangatta selatan;kelurahan singa geweh
kabupaten Kutai Timur;kecamatan sangatta selatan;desa teluk singkama
kabupaten Kutai Timur;kecamatan sangatta utara;desa sangatta utara
kabupaten Kutai Timur;kecamatan sangatta utara;desa singa gembara
kabupaten Kutai Timur;kecamatan sangatta utara;desa swarga bara
kabupaten Kutai Timur;kecamatan sangatta utara;kelurahan teluk lingga
kabupaten Kutai Timur;kecamatan sangkulirang;desa benua baru ilir
kabupaten Kutai Timur;kecamatan sangkulirang;desa benua baru ulu
kabupaten Kutai Timur;kecamatan sangkulirang;desa kerayaan
kabupaten Kutai Timur;kecamatan sangkulirang;desa kolek
kabupaten Kutai Timur;kecamatan sangkulirang;desa maloy
kabupaten Kutai Timur;kecamatan sangkulirang;desa mandu dalam
kabupaten Kutai Timur;kecamatan sangkulirang;desa mandu pantai sejahtera
kabupaten Kutai Timur;kecamatan sangkulirang;desa pelawan
kabupaten Kutai Timur;kecamatan sangkulirang;desa peridan
kabupaten Kutai Timur;kecamatan sangkulirang;desa perupuk
kabupaten Kutai Timur;kecamatan sangkulirang;desa pulau miang
kabupaten Kutai Timur;kecamatan sangkulirang;desa saka
kabupaten Kutai Timur;kecamatan sangkulirang;desa sempayau
kabupaten Kutai Timur;kecamatan sangkulirang;desa tanjung manis
kabupaten Kutai Timur;kecamatan sangkulirang;desa tepian terap
kabupaten Kutai Timur;kecamatan telen;desa juk ayaq
kabupaten Kutai Timur;kecamatan telen;desa kernyanyan
kabupaten Kutai Timur;kecamatan telen;desa long noran
kabupaten Kutai Timur;kecamatan telen;desa long segar
kabupaten Kutai Timur;kecamatan telen;desa lung melah
kabupaten Kutai Timur;kecamatan telen;desa marah haloq
kabupaten Kutai Timur;kecamatan telen;desa muara pantun
kabupaten Kutai Timur;kecamatan telen;desa rantau panjang
kabupaten Kutai Timur;kecamatan teluk pandan;desa danau redan
kabupaten Kutai Timur;kecamatan teluk pandan;desa kandolo
kabupaten Kutai Timur;kecamatan teluk pandan;desa martadinata
kabupaten Kutai Timur;kecamatan teluk pandan;desa suka damai
kabupaten Kutai Timur;kecamatan teluk pandan;desa suka rahmat
kabupaten Kutai Timur;kecamatan teluk pandan;desa teluk pandan
kabupaten Mahakam Ulu;kecamatan laham;kampung danum paroy
kabupaten Mahakam Ulu;kecamatan laham;kampung laham
kabupaten Mahakam Ulu;kecamatan laham;kampung long gelawang
kabupaten Mahakam Ulu;kecamatan laham;kampung muara ratah
kabupaten Mahakam Ulu;kecamatan laham;kampung nyaribungan
kabupaten Mahakam Ulu;kecamatan long apari;kampung long apari
kabupaten Mahakam Ulu;kecamatan long apari;kampung long kerioq
kabupaten Mahakam Ulu;kecamatan long apari;kampung long penaneh i
kabupaten Mahakam Ulu;kecamatan long apari;kampung long penaneh ii
kabupaten Mahakam Ulu;kecamatan long apari;kampung long penaneh iii
kabupaten Mahakam Ulu;kecamatan long apari;kampung naha buan
kabupaten Mahakam Ulu;kecamatan long apari;kampung naha silat
kabupaten Mahakam Ulu;kecamatan long apari;kampung naha tifab
kabupaten Mahakam Ulu;kecamatan long apari;kampung tiong bu'u
kabupaten Mahakam Ulu;kecamatan long apari;kampung tiong ohang
kabupaten Mahakam Ulu;kecamatan long bagun;kampung batoq kelo
kabupaten Mahakam Ulu;kecamatan long bagun;kampung batu majang
kabupaten Mahakam Ulu;kecamatan long bagun;kampung long bagun ilir
kabupaten Mahakam Ulu;kecamatan long bagun;kampung long bagun ulu
kabupaten Mahakam Ulu;kecamatan long bagun;kampung long hurai
kabupaten Mahakam Ulu;kecamatan long bagun;kampung long melaham
kabupaten Mahakam Ulu;kecamatan long bagun;kampung long merah
kabupaten Mahakam Ulu;kecamatan long bagun;kampung mamahak besar
kabupaten Mahakam Ulu;kecamatan long bagun;kampung mamahak ulu
kabupaten Mahakam Ulu;kecamatan long bagun;kampung rukun damai
kabupaten Mahakam Ulu;kecamatan long bagun;kampung ujoh bilang
kabupaten Mahakam Ulu;kecamatan long hubung;kampung datah bilang baru
kabupaten Mahakam Ulu;kecamatan long hubung;kampung datah bilang ilir
kabupaten Mahakam Ulu;kecamatan long hubung;kampung datah bilang ulu
kabupaten Mahakam Ulu;kecamatan long hubung;kampung long hubung
kabupaten Mahakam Ulu;kecamatan long hubung;kampung long hubung ulu
kabupaten Mahakam Ulu;kecamatan long hubung;kampung lutan
kabupaten Mahakam Ulu;kecamatan long hubung;kampung matalibaq
kabupaten Mahakam Ulu;kecamatan long hubung;kampung mamahak teboq
kabupaten Mahakam Ulu;kecamatan long hubung;kampung sirau
kabupaten Mahakam Ulu;kecamatan long hubung;kampung tri pariq makmur
kabupaten Mahakam Ulu;kecamatan long hubung;kampung wana pariq
kabupaten Mahakam Ulu;kecamatan long pahangai;kampung data naha
kabupaten Mahakam Ulu;kecamatan long pahangai;kampung delang krohong
kabupaten Mahakam Ulu;kecamatan long pahangai;kampung lirung ubing
kabupaten Mahakam Ulu;kecamatan long pahangai;kampung liu mulang
kabupaten Mahakam Ulu;kecamatan long pahangai;kampung long isun
kabupaten Mahakam Ulu;kecamatan long pahangai;kampung long lunuk
kabupaten Mahakam Ulu;kecamatan long pahangai;kampung long lunuk baru
kabupaten Mahakam Ulu;kecamatan long pahangai;kampung long pahangai i
kabupaten Mahakam Ulu;kecamatan long pahangai;kampung long pahangai ii
kabupaten Mahakam Ulu;kecamatan long pahangai;kampung long pakaq
kabupaten Mahakam Ulu;kecamatan long pahangai;kampung long pakaq baru
kabupaten Mahakam Ulu;kecamatan long pahangai;kampung long tuyoq
kabupaten Mahakam Ulu;kecamatan long pahangai;kampung naha aruuq
kabupaten paser;kecamatan batu engau;desa bai jaya
kabupaten paser;kecamatan batu engau;desa kerang
kabupaten paser;kecamatan batu engau;desa kerang dayo
kabupaten paser;kecamatan batu engau;desa langgai
kabupaten paser;kecamatan batu engau;desa lomu
kabupaten paser;kecamatan batu engau;desa mengkudu
kabupaten paser;kecamatan batu engau;desa pengguren jaya
kabupaten paser;kecamatan batu engau;desa petangis
kabupaten paser;kecamatan batu engau;desa riwang
kabupaten paser;kecamatan batu engau;desa saing prupuk
kabupaten paser;kecamatan batu engau;desa segendang
kabupaten paser;kecamatan batu engau;desa tampakan
kabupaten paser;kecamatan batu engau;desa tebru paser damai
kabupaten paser;kecamatan batu sopang;desa batu kajang
kabupaten paser;kecamatan batu sopang;desa busui
kabupaten paser;kecamatan batu sopang;desa kasungai
kabupaten paser;kecamatan batu sopang;desa legai
kabupaten paser;kecamatan batu sopang;desa rantau buta
kabupaten paser;kecamatan batu sopang;desa rantau layung
kabupaten paser;kecamatan batu sopang;desa samurangau
kabupaten paser;kecamatan batu sopang;desa songka
kabupaten paser;kecamatan batu sopang;desa sungai terik
kabupaten paser;kecamatan kuaro;desa harapan baru
kabupaten paser;kecamatan kuaro;desa keluang paser jaya
kabupaten paser;kecamatan kuaro;desa kendarom
kabupaten paser;kecamatan kuaro;desa kerta bumi
kabupaten paser;kecamatan kuaro;desa klempang sari
kabupaten paser;kecamatan kuaro;kelurahan kuaro
kabupaten paser;kecamatan kuaro;desa lolo
kabupaten paser;kecamatan kuaro;desa modang
kabupaten paser;kecamatan kuaro;desa padang jaya
kabupaten paser;kecamatan kuaro;desa pasir mayang
kabupaten paser;kecamatan kuaro;desa pondong baru
kabupaten paser;kecamatan kuaro;desa rangan
kabupaten paser;kecamatan kuaro;desa sandeley
kabupaten paser;kecamatan long ikis;desa adang jaya
kabupaten paser;kecamatan long ikis;desa atang pait
kabupaten paser;kecamatan long ikis;desa belimbing
kabupaten paser;kecamatan long ikis;desa brewe
kabupaten paser;kecamatan long ikis;desa bukit seloka
kabupaten paser;kecamatan long ikis;desa jemparing
kabupaten paser;kecamatan long ikis;desa kayungo
kabupaten paser;kecamatan long ikis;desa kayungo sari
kabupaten paser;kecamatan long ikis;desa kerta bhakti
kabupaten paser;kecamatan long ikis;desa krayan bahagia
kabupaten paser;kecamatan long ikis;desa krayan jaya
kabupaten paser;kecamatan long ikis;desa krayan makmur
kabupaten paser;kecamatan long ikis;desa krayan sentosa
kabupaten paser;kecamatan long ikis;desa lombok
kabupaten paser;kecamatan long ikis;desa long gelang
kabupaten paser;kecamatan long ikis;kelurahan long ikis
kabupaten paser;kecamatan long ikis;desa muara adang
kabupaten paser;kecamatan long ikis;desa olung
kabupaten paser;kecamatan long ikis;desa pait
kabupaten paser;kecamatan long ikis;desa samuntai
kabupaten paser;kecamatan long ikis;desa sawit jaya
kabupaten paser;kecamatan long ikis;desa sekurou jaya
kabupaten paser;kecamatan long ikis;desa tajer mulya
kabupaten paser;kecamatan long ikis;desa tajur
kabupaten paser;kecamatan long ikis;desa teluk waru
kabupaten paser;kecamatan long ikis;desa tiwei
kabupaten paser;kecamatan long kali;desa bente tualan
kabupaten paser;kecamatan long kali;desa gunung putar
kabupaten paser;kecamatan long kali;desa kepala telake
kabupaten paser;kecamatan long kali;kelurahan long kali
kabupaten paser;kecamatan long kali;desa makmur jaya
kabupaten paser;kecamatan long kali;desa maruat
kabupaten paser;kecamatan long kali;desa mendik
kabupaten paser;kecamatan long kali;desa mendik bhakti
kabupaten paser;kecamatan long kali;desa mendik karya
kabupaten paser;kecamatan long kali;desa mendik makmur
kabupaten paser;kecamatan long kali;desa muara adang ii
kabupaten paser;kecamatan long kali;desa muara lambakan
kabupaten paser;kecamatan long kali;desa muara pias
kabupaten paser;kecamatan long kali;desa muara telake
kabupaten paser;kecamatan long kali;desa muara toyu
kabupaten paser;kecamatan long kali;desa munggu
kabupaten paser;kecamatan long kali;desa perkuwen
kabupaten paser;kecamatan long kali;desa petiku
kabupaten paser;kecamatan long kali;desa pinang jatus
kabupaten paser;kecamatan long kali;desa putang
kabupaten paser;kecamatan long kali;desa sebakung
kabupaten paser;kecamatan long kali;desa sebakung makmur
kabupaten paser;kecamatan long kali;desa sebakung taka
kabupaten paser;kecamatan muara komam;desa batu butok
kabupaten paser;kecamatan muara komam;desa binangon
kabupaten paser;kecamatan muara komam;desa long sayo
kabupaten paser;kecamatan muara komam;desa lusan
kabupaten paser;kecamatan muara komam;desa muara kuaro
kabupaten paser;kecamatan muara komam;desa muara langon
kabupaten paser;kecamatan muara komam;desa muara payang
kabupaten paser;kecamatan muara komam;kelurahan muara komam
kabupaten paser;kecamatan muara komam;desa prayon
kabupaten paser;kecamatan muara komam;desa sekuan makmur
kabupaten paser;kecamatan muara komam;desa selerong
kabupaten paser;kecamatan muara komam;desa swan slutung
kabupaten paser;kecamatan muara komam;desa uko
kabupaten paser;kecamatan muara samu;desa biu
kabupaten paser;kecamatan muara samu;desa libur dinding
kabupaten paser;kecamatan muara samu;desa luan
kabupaten paser;kecamatan muara samu;desa muara andeh
kabupaten paser;kecamatan muara samu;desa muser
kabupaten paser;kecamatan muara samu;desa rantau atas
kabupaten paser;kecamatan muara samu;desa rantau bintungan
kabupaten paser;kecamatan muara samu;desa suweto
kabupaten paser;kecamatan muara samu;desa tanjung pinang
kabupaten paser;kecamatan paser belengkong;desa bekoso
kabupaten paser;kecamatan paser belengkong;desa damit
kabupaten paser;kecamatan paser belengkong;desa keresik bura
kabupaten paser;kecamatan paser belengkong;desa laburan
kabupaten paser;kecamatan paser belengkong;desa laburan baru
kabupaten paser;kecamatan paser belengkong;desa lempesu
kabupaten paser;kecamatan paser belengkong;desa olong pinang
kabupaten paser;kecamatan paser belengkong;desa pasir belengkong
kabupaten paser;kecamatan paser belengkong;desa sangkuriman
kabupaten paser;kecamatan paser belengkong;desa seniung jaya
kabupaten paser;kecamatan paser belengkong;desa suatang
kabupaten paser;kecamatan paser belengkong;desa suatang keteban
kabupaten paser;kecamatan paser belengkong;desa suliliran
kabupaten paser;kecamatan paser belengkong;desa suliliran baru
kabupaten paser;kecamatan paser belengkong;desa sunge batu
kabupaten paser;kecamatan tanah grogot;desa janju
kabupaten paser;kecamatan tanah grogot;desa jone
kabupaten paser;kecamatan tanah grogot;desa muara pasir
kabupaten paser;kecamatan tanah grogot;desa padang pengrapat
kabupaten paser;kecamatan tanah grogot;desa pepara
kabupaten paser;kecamatan tanah grogot;desa perepat
kabupaten paser;kecamatan tanah grogot;desa pulau rantau
kabupaten paser;kecamatan tanah grogot;desa rantau panjang
kabupaten paser;kecamatan tanah grogot;desa sempulang
kabupaten paser;kecamatan tanah grogot;desa senaken
kabupaten paser;kecamatan tanah grogot;desa sungai langir
kabupaten paser;kecamatan tanah grogot;desa sungai tuak
kabupaten paser;kecamatan tanah grogot;kelurahan tanah grogot
kabupaten paser;kecamatan tanah grogot;desa tanah periuk
kabupaten paser;kecamatan tanah grogot;desa tapis
kabupaten paser;kecamatan tanah grogot;desa tepian batang
kabupaten paser;kecamatan tanjung harapan;desa keladen
kabupaten paser;kecamatan tanjung harapan;desa labuang kallo
kabupaten paser;kecamatan tanjung harapan;desa lori
kabupaten paser;kecamatan tanjung harapan;desa random
kabupaten paser;kecamatan tanjung harapan;desa selengot
kabupaten paser;kecamatan tanjung harapan;desa senipah
kabupaten paser;kecamatan tanjung harapan;desa tanjung aru
kabupaten Penajam Paser Utara;kecamatan babulu;desa babulu darat
kabupaten Penajam Paser Utara;kecamatan babulu;desa babulu laut
kabupaten Penajam Paser Utara;kecamatan babulu;desa gunung intan
kabupaten Penajam Paser Utara;kecamatan babulu;desa gunung makmur
kabupaten Penajam Paser Utara;kecamatan babulu;desa gunung mulia
kabupaten Penajam Paser Utara;kecamatan babulu;desa labangka
kabupaten Penajam Paser Utara;kecamatan babulu;desa labangka barat
kabupaten Penajam Paser Utara;kecamatan babulu;desa rawa mulia
kabupaten Penajam Paser Utara;kecamatan babulu;desa rintik
kabupaten Penajam Paser Utara;kecamatan babulu;desa sebakung jaya
kabupaten Penajam Paser Utara;kecamatan babulu;desa sri raharja
kabupaten Penajam Paser Utara;kecamatan babulu;desa sumber sari
kabupaten Penajam Paser Utara;kecamatan penajam;desa bukit subur
kabupaten Penajam Paser Utara;kecamatan penajam;kelurahan buluminung
kabupaten Penajam Paser Utara;kecamatan penajam;kelurahan gersik
kabupaten Penajam Paser Utara;kecamatan penajam;desa giri mukti
kabupaten Penajam Paser Utara;kecamatan penajam;desa giri purwa
kabupaten Penajam Paser Utara;kecamatan penajam;kelurahan gunung seteleng
kabupaten Penajam Paser Utara;kecamatan penajam;kelurahan jenebora
kabupaten Penajam Paser Utara;kecamatan penajam;kelurahan kampung baru
kabupaten Penajam Paser Utara;kecamatan penajam;kelurahan lawe lawe
kabupaten Penajam Paser Utara;kecamatan penajam;kelurahan nenang
kabupaten Penajam Paser Utara;kecamatan penajam;kelurahan nipah nipah
kabupaten Penajam Paser Utara;kecamatan penajam;kelurahan pantai lango
kabupaten Penajam Paser Utara;kecamatan penajam;kelurahan pejala
kabupaten Penajam Paser Utara;kecamatan penajam;kelurahan penajam
kabupaten Penajam Paser Utara;kecamatan penajam;kelurahan petung
kabupaten Penajam Paser Utara;kecamatan penajam;kelurahan riko
kabupaten Penajam Paser Utara;kecamatan penajam;kelurahan salo loang
kabupaten Penajam Paser Utara;kecamatan penajam;kelurahan sepan
kabupaten Penajam Paser Utara;kecamatan penajam;kelurahan sesumpu
kabupaten Penajam Paser Utara;kecamatan penajam;desa sidorejo
kabupaten Penajam Paser Utara;kecamatan penajam;kelurahan sotek
kabupaten Penajam Paser Utara;kecamatan penajam;kelurahan sungai parit
kabupaten Penajam Paser Utara;kecamatan penajam;kelurahan tanjung tengah
kabupaten Penajam Paser Utara;kecamatan sepaku;desa argo mulyo
kabupaten Penajam Paser Utara;kecamatan sepaku;desa binuang
kabupaten Penajam Paser Utara;kecamatan sepaku;desa bukit raya
kabupaten Penajam Paser Utara;kecamatan sepaku;desa bumi harapan
kabupaten Penajam Paser Utara;kecamatan sepaku;desa karang jinawi
kabupaten Penajam Paser Utara;kecamatan sepaku;kelurahan maridan
kabupaten Penajam Paser Utara;kecamatan sepaku;kelurahan mentawir
kabupaten Penajam Paser Utara;kecamatan sepaku;kelurahan pemaluan
kabupaten Penajam Paser Utara;kecamatan sepaku;desa semoi dua
kabupaten Penajam Paser Utara;kecamatan sepaku;kelurahan sepaku
kabupaten Penajam Paser Utara;kecamatan sepaku;desa sukaraja
kabupaten Penajam Paser Utara;kecamatan sepaku;desa suko mulyo
kabupaten Penajam Paser Utara;kecamatan sepaku;desa telemow
kabupaten Penajam Paser Utara;kecamatan sepaku;desa tengin baru
kabupaten Penajam Paser Utara;kecamatan sepaku;desa wono sari
kabupaten Penajam Paser Utara;kecamatan waru;desa api api
kabupaten Penajam Paser Utara;kecamatan waru;desa bangun mulya
kabupaten Penajam Paser Utara;kecamatan waru;desa sesulu
kabupaten Penajam Paser Utara;kecamatan waru;kelurahan waru
kabupaten bulungan;kecamatan bunyu;desa bunyu barat
kabupaten bulungan;kecamatan bunyu;desa bunyu selatan
kabupaten bulungan;kecamatan bunyu;desa bunyu timur
kabupaten bulungan;kecamatan peso;desa lepak aru
kabupaten bulungan;kecamatan peso;desa long bia
kabupaten bulungan;kecamatan peso;desa long buang
kabupaten bulungan;kecamatan peso;desa long lasan
kabupaten bulungan;kecamatan peso;desa long lejuh
kabupaten bulungan;kecamatan peso;desa long lian
kabupaten bulungan;kecamatan peso;desa long yiin
kabupaten bulungan;kecamatan peso;desa long peleban
kabupaten bulungan;kecamatan peso;desa long peso
kabupaten bulungan;kecamatan peso;desa muara pengean
kabupaten bulungan;kecamatan peso hilir;desa long bang
kabupaten bulungan;kecamatan peso hilir;desa long bang hulu
kabupaten bulungan;kecamatan peso hilir;desa long lembu
kabupaten bulungan;kecamatan peso hilir;desa long telenjau
kabupaten bulungan;kecamatan peso hilir;desa long tungu
kabupaten bulungan;kecamatan peso hilir;desa naha aya
kabupaten bulungan;kecamatan sekatak;desa ambalat
kabupaten bulungan;kecamatan sekatak;desa anjar arip
kabupaten bulungan;kecamatan sekatak;desa bambang
kabupaten bulungan;kecamatan sekatak;desa bekiliu
kabupaten bulungan;kecamatan sekatak;desa bunau
kabupaten bulungan;kecamatan sekatak;desa kelembunan
kabupaten bulungan;kecamatan sekatak;desa kelincauan
kabupaten bulungan;kecamatan sekatak;desa kelising
kabupaten bulungan;kecamatan sekatak;desa kendari
kabupaten bulungan;kecamatan sekatak;desa keriting
kabupaten bulungan;kecamatan sekatak;desa liagu
kabupaten bulungan;kecamatan sekatak;desa maritam
kabupaten bulungan;kecamatan sekatak;desa paru abang
kabupaten bulungan;kecamatan sekatak;desa pentian
kabupaten bulungan;kecamatan sekatak;desa punan dulau
kabupaten bulungan;kecamatan sekatak;desa pungit
kabupaten bulungan;kecamatan sekatak;desa sekatak bengara
kabupaten bulungan;kecamatan sekatak;desa sekatak buji
kabupaten bulungan;kecamatan sekatak;desa tenggiling
kabupaten bulungan;kecamatan sekatak;desa terindak
kabupaten bulungan;kecamatan sekatak;desa turung
kabupaten bulungan;kecamatan sekatak;desa ujang
kabupaten bulungan;kecamatan tanjung palas;desa antutan
kabupaten bulungan;kecamatan tanjung palas;desa gunung putih
kabupaten bulungan;kecamatan tanjung palas;kelurahan karang anyar
kabupaten bulungan;kecamatan tanjung palas;desa pejalin
kabupaten bulungan;kecamatan tanjung palas;kelurahan tanjung palas hilir
kabupaten bulungan;kecamatan tanjung palas;kelurahan tanjung palas hulu
kabupaten bulungan;kecamatan tanjung palas;kelurahan tanjung palas tengah
kabupaten bulungan;kecamatan tanjung palas;desa teras baru
kabupaten bulungan;kecamatan tanjung palas;desa teras nawang
kabupaten bulungan;kecamatan tanjung palas barat;desa long beluah
kabupaten bulungan;kecamatan tanjung palas barat;desa long pari
kabupaten bulungan;kecamatan tanjung palas barat;desa long sam
kabupaten bulungan;kecamatan tanjung palas barat;desa mara hilir
kabupaten bulungan;kecamatan tanjung palas barat;desa mara satu
kabupaten bulungan;kecamatan tanjung palas tengah;desa salimbatu
kabupaten bulungan;kecamatan tanjung palas tengah;desa silva rahayu
kabupaten bulungan;kecamatan tanjung palas tengah;desa tanjung buka
kabupaten bulungan;kecamatan tanjung palas timur;desa binai
kabupaten bulungan;kecamatan tanjung palas timur;desa mangkupadi
kabupaten bulungan;kecamatan tanjung palas timur;desa pura sajau
kabupaten bulungan;kecamatan tanjung palas timur;desa sajau
kabupaten bulungan;kecamatan tanjung palas timur;desa sajau hilir
kabupaten bulungan;kecamatan tanjung palas timur;desa tanah kuning
kabupaten bulungan;kecamatan tanjung palas timur;desa tanjung agung
kabupaten bulungan;kecamatan tanjung palas timur;desa wonomulyo
kabupaten bulungan;kecamatan tanjung palas utara;desa ardi mulyo
kabupaten bulungan;kecamatan tanjung palas utara;desa karang agung
kabupaten bulungan;kecamatan tanjung palas utara;desa kelubir
kabupaten bulungan;kecamatan tanjung palas utara;desa panca agung
kabupaten bulungan;kecamatan tanjung palas utara;desa pimping
kabupaten bulungan;kecamatan tanjung palas utara;desa ruhui rahayu
kabupaten bulungan;kecamatan tanjung selor;desa apung
kabupaten bulungan;kecamatan tanjung selor;desa bumi rahayu
kabupaten bulungan;kecamatan tanjung selor;desa gunung sari
kabupaten bulungan;kecamatan tanjung selor;desa gunung seriang
kabupaten bulungan;kecamatan tanjung selor;desa jelarai selor
kabupaten bulungan;kecamatan tanjung selor;kelurahan tanjung selor hilir
kabupaten bulungan;kecamatan tanjung selor;kelurahan tanjung selor hulu
kabupaten bulungan;kecamatan tanjung selor;kelurahan tanjung selor timur
kabupaten bulungan;kecamatan tanjung selor;desa tengkapak
kota tarakan;kecamatan tarakan barat;kelurahan karang anyar
kota tarakan;kecamatan tarakan barat;kelurahan karang anyar pantai
kota tarakan;kecamatan tarakan barat;kelurahan karang balik
kota tarakan;kecamatan tarakan barat;kelurahan karang harapan
kota tarakan;kecamatan tarakan barat;kelurahan karang rejo
kota tarakan;kecamatan tarakan tengah;kelurahan kampung i skip
kota tarakan;kecamatan tarakan tengah;kelurahan pamusian
kota tarakan;kecamatan tarakan tengah;kelurahan sebengkok
kota tarakan;kecamatan tarakan tengah;kelurahan selumit
kota tarakan;kecamatan tarakan tengah;kelurahan selumit pantai
kota tarakan;kecamatan tarakan timur;kelurahan gunung lingkas
kota tarakan;kecamatan tarakan timur;kelurahan kampung empat
kota tarakan;kecamatan tarakan timur;kelurahan kampung enam
kota tarakan;kecamatan tarakan timur;kelurahan lingkas ujung
kota tarakan;kecamatan tarakan timur;kelurahan mamburungan
kota tarakan;kecamatan tarakan timur;kelurahan mamburungan timur
kota tarakan;kecamatan tarakan timur;kelurahan pantai amal
kota tarakan;kecamatan tarakan utara;kelurahan juata kerikil
kota tarakan;kecamatan tarakan utara;kelurahan juata laut
kota tarakan;kecamatan tarakan utara;kelurahan juata permai
kabupaten malinau;kecamatan bahau hulu;desa apau ping
kabupaten malinau;kecamatan bahau hulu;desa long alango
kabupaten malinau;kecamatan bahau hulu;desa long berini
kabupaten malinau;kecamatan bahau hulu;desa long kemuat
kabupaten malinau;kecamatan bahau hulu;desa long tebulo
kabupaten malinau;kecamatan bahau hulu;desa long uli
kabupaten malinau;kecamatan kayan hilir;desa data dian
kabupaten malinau;kecamatan kayan hilir;desa long metun
kabupaten malinau;kecamatan kayan hilir;desa long pipa
kabupaten malinau;kecamatan kayan hilir;desa long sule
kabupaten malinau;kecamatan kayan hilir;desa sungai anai
kabupaten malinau;kecamatan kayan hulu;desa long betaoh
kabupaten malinau;kecamatan kayan hulu;desa long nawang
kabupaten malinau;kecamatan kayan hulu;desa long payau
kabupaten malinau;kecamatan kayan hulu;desa long temuyat
kabupaten malinau;kecamatan kayan hulu;desa nawang baru
kabupaten malinau;kecamatan kayan selatan;desa lidung payau
kabupaten malinau;kecamatan kayan selatan;desa long ampung
kabupaten malinau;kecamatan kayan selatan;desa long uro
kabupaten malinau;kecamatan kayan selatan;desa metulang
kabupaten malinau;kecamatan kayan selatan;desa sungai barang
kabupaten malinau;kecamatan malinau barat;desa kuala lapang
kabupaten malinau;kecamatan malinau barat;desa long bila
kabupaten malinau;kecamatan malinau barat;desa long kenipe
kabupaten malinau;kecamatan malinau barat;desa punan bengalun
kabupaten malinau;kecamatan malinau barat;desa sempayang
kabupaten malinau;kecamatan malinau barat;desa sentaban
kabupaten malinau;kecamatan malinau barat;desa sesua
kabupaten malinau;kecamatan malinau barat;desa tanjung lapang
kabupaten malinau;kecamatan malinau barat;desa taras
kabupaten malinau;kecamatan malinau kota;desa batu lidung
kabupaten malinau;kecamatan malinau kota;desa malinau hilir
kabupaten malinau;kecamatan malinau kota;desa malinau hulu
kabupaten malinau;kecamatan malinau kota;desa malinau kota
kabupaten malinau;kecamatan malinau kota;desa pelita kanaan
kabupaten malinau;kecamatan malinau kota;desa tanjung keranjang
kabupaten malinau;kecamatan malinau selatan;desa bila bekayuk
kabupaten malinau;kecamatan malinau selatan;desa laban nyarit
kabupaten malinau;kecamatan malinau selatan;desa langap
kabupaten malinau;kecamatan malinau selatan;desa long loreh
kabupaten malinau;kecamatan malinau selatan;desa nunuk tanah kibang
kabupaten malinau;kecamatan malinau selatan;desa paya seturan
kabupaten malinau;kecamatan malinau selatan;desa pelencau
kabupaten malinau;kecamatan malinau selatan;desa punan rian
kabupaten malinau;kecamatan malinau selatan;desa sengayan
kabupaten malinau;kecamatan malinau selatan hilir;desa batu kajang
kabupaten malinau;kecamatan malinau selatan hilir;desa gong solok
kabupaten malinau;kecamatan malinau selatan hilir;desa long adiu
kabupaten malinau;kecamatan malinau selatan hilir;desa punan gong solok
kabupaten malinau;kecamatan malinau selatan hilir;desa punan long adiu
kabupaten malinau;kecamatan malinau selatan hilir;desa punan setarap
kabupaten malinau;kecamatan malinau selatan hilir;desa setarap
kabupaten malinau;kecamatan malinau selatan hilir;desa setulang
kabupaten malinau;kecamatan malinau selatan hulu;desa halanga
kabupaten malinau;kecamatan malinau selatan hulu;desa long jalan
kabupaten malinau;kecamatan malinau selatan hulu;desa long lake
kabupaten malinau;kecamatan malinau selatan hulu;desa long rat
kabupaten malinau;kecamatan malinau selatan hulu;desa metut
kabupaten malinau;kecamatan malinau selatan hulu;desa nahakramo
kabupaten malinau;kecamatan malinau selatan hulu;desa punan mirau
kabupaten malinau;kecamatan malinau selatan hulu;desa tanjung nanga
kabupaten malinau;kecamatan malinau utara;desa belayan
kabupaten malinau;kecamatan malinau utara;desa kaliamok
kabupaten malinau;kecamatan malinau utara;desa kelapis
kabupaten malinau;kecamatan malinau utara;desa lubak manis
kabupaten malinau;kecamatan malinau utara;desa luso
kabupaten malinau;kecamatan malinau utara;desa malinau seberang
kabupaten malinau;kecamatan malinau utara;desa putat
kabupaten malinau;kecamatan malinau utara;desa respen tubu
kabupaten malinau;kecamatan malinau utara;desa salap
kabupaten malinau;kecamatan malinau utara;desa sembuak warod
kabupaten malinau;kecamatan malinau utara;desa semengaris
kabupaten malinau;kecamatan malinau utara;desa seruyung
kabupaten malinau;kecamatan mentarang;desa harapan maju
kabupaten malinau;kecamatan mentarang;desa lidung kemenci
kabupaten malinau;kecamatan mentarang;desa long bisai
kabupaten malinau;kecamatan mentarang;desa long gafid
kabupaten malinau;kecamatan mentarang;desa long liku
kabupaten malinau;kecamatan mentarang;desa mentarang baru
kabupaten malinau;kecamatan mentarang;desa paking
kabupaten malinau;kecamatan mentarang;desa pulau sapi
kabupaten malinau;kecamatan mentarang;desa temalang
kabupaten malinau;kecamatan mentarang hulu;desa lung barang
kabupaten malinau;kecamatan mentarang hulu;desa lung fala
kabupaten malinau;kecamatan mentarang hulu;desa lung kebinu
kabupaten malinau;kecamatan mentarang hulu;desa lung mekatip
kabupaten malinau;kecamatan mentarang hulu;desa lung semamu
kabupaten malinau;kecamatan mentarang hulu;desa lung simau
kabupaten malinau;kecamatan mentarang hulu;desa lung sulit
kabupaten malinau;kecamatan pujungan;desa long aran
kabupaten malinau;kecamatan pujungan;desa long belaka pitau
kabupaten malinau;kecamatan pujungan;desa long bena
kabupaten malinau;kecamatan pujungan;desa long jelet
kabupaten malinau;kecamatan pujungan;desa long ketaman
kabupaten malinau;kecamatan pujungan;desa long lame
kabupaten malinau;kecamatan pujungan;desa long paliran
kabupaten malinau;kecamatan pujungan;desa long pua
kabupaten malinau;kecamatan pujungan;desa long pujungan
kabupaten malinau;kecamatan sungai boh;desa agung baru
kabupaten malinau;kecamatan sungai boh;desa data baru
kabupaten malinau;kecamatan sungai boh;desa dumu mahak
kabupaten malinau;kecamatan sungai boh;desa long lebusan
kabupaten malinau;kecamatan sungai boh;desa long top
kabupaten malinau;kecamatan sungai boh;desa mahak baru
kabupaten malinau;kecamatan sungai tubu;desa long nyau
kabupaten malinau;kecamatan sungai tubu;desa long pada
kabupaten malinau;kecamatan sungai tubu;desa long ranau
kabupaten malinau;kecamatan sungai tubu;desa long titi
kabupaten malinau;kecamatan sungai tubu;desa rian tubu
kabupaten nunukan;kecamatan krayan;desa ba sikor
kabupaten nunukan;kecamatan krayan;desa buduk kinangan
kabupaten nunukan;kecamatan krayan;desa buduk tumu
kabupaten nunukan;kecamatan krayan;desa cinglat
kabupaten nunukan;kecamatan krayan;desa liang biadung
kabupaten nunukan;kecamatan krayan;desa liang butan
kabupaten nunukan;kecamatan krayan;desa liang tuer
kabupaten nunukan;kecamatan krayan;desa long bawan
kabupaten nunukan;kecamatan krayan;desa long berayang
kabupaten nunukan;kecamatan krayan;desa long katung
kabupaten nunukan;kecamatan krayan;desa long matung
kabupaten nunukan;kecamatan krayan;desa long nawang
kabupaten nunukan;kecamatan krayan;desa long rupan
kabupaten nunukan;kecamatan krayan;desa long api
kabupaten nunukan;kecamatan krayan;desa pa matung
kabupaten nunukan;kecamatan krayan;desa pa nado
kabupaten nunukan;kecamatan krayan;desa pa padi
kabupaten nunukan;kecamatan krayan;desa pa putuk
kabupaten nunukan;kecamatan krayan;desa pa rupai
kabupaten nunukan;kecamatan krayan;desa pa sire
kabupaten nunukan;kecamatan krayan;desa pa terutun
kabupaten nunukan;kecamatan krayan;desa wa laya
kabupaten nunukan;kecamatan krayan;desa wa yanud
kabupaten nunukan;kecamatan krayan barat;desa buduk kubul
kabupaten nunukan;kecamatan krayan barat;desa lembada
kabupaten nunukan;kecamatan krayan barat;desa lembudud
kabupaten nunukan;kecamatan krayan barat;desa lepatar
kabupaten nunukan;kecamatan krayan barat;desa liang aliq
kabupaten nunukan;kecamatan krayan barat;desa liang bua
kabupaten nunukan;kecamatan krayan barat;desa liang turan
kabupaten nunukan;kecamatan krayan barat;desa long kabid
kabupaten nunukan;kecamatan krayan barat;desa long mangan
kabupaten nunukan;kecamatan krayan barat;desa long puak
kabupaten nunukan;kecamatan krayan barat;desa long tugul
kabupaten nunukan;kecamatan krayan barat;desa ma' libu
kabupaten nunukan;kecamatan krayan barat;desa pa' butal
kabupaten nunukan;kecamatan krayan barat;desa pa' delung
kabupaten nunukan;kecamatan krayan barat;desa pa' inan
kabupaten nunukan;kecamatan krayan barat;desa pa' kemut
kabupaten nunukan;kecamatan krayan barat;desa pa' kidang
kabupaten nunukan;kecamatan krayan barat;desa pa' lutut
kabupaten nunukan;kecamatan krayan barat;desa pa' mering
kabupaten nunukan;kecamatan krayan barat;desa pa' mulak
kabupaten nunukan;kecamatan krayan barat;desa pa' pani
kabupaten nunukan;kecamatan krayan barat;desa pa' payak
kabupaten nunukan;kecamatan krayan barat;desa pa' pirit
kabupaten nunukan;kecamatan krayan barat;desa pa' urud
kabupaten nunukan;kecamatan krayan barat;desa sembudud
kabupaten nunukan;kecamatan krayan selatan;desa liang lunuk
kabupaten nunukan;kecamatan krayan selatan;desa long birar
kabupaten nunukan;kecamatan krayan selatan;desa long budung
kabupaten nunukan;kecamatan krayan selatan;desa long pasia
kabupaten nunukan;kecamatan krayan selatan;desa long pupung
kabupaten nunukan;kecamatan krayan selatan;desa pa' amai
kabupaten nunukan;kecamatan krayan selatan;desa pa' dalan
kabupaten nunukan;kecamatan krayan selatan;desa pa' ibang
kabupaten nunukan;kecamatan krayan selatan;desa pa' kaber
kabupaten nunukan;kecamatan krayan selatan;desa pa' sing
kabupaten nunukan;kecamatan krayan selatan;desa pa' tera
kabupaten nunukan;kecamatan krayan selatan;desa pa' upan
kabupaten nunukan;kecamatan krayan selatan;desa pa' urang
kabupaten nunukan;kecamatan krayan tengah;desa ba' liku
kabupaten nunukan;kecamatan krayan tengah;desa binuang
kabupaten nunukan;kecamatan krayan tengah;desa long kelupan
kabupaten nunukan;kecamatan krayan tengah;desa long mutan
kabupaten nunukan;kecamatan krayan tengah;desa long padi
kabupaten nunukan;kecamatan krayan tengah;desa long rian
kabupaten nunukan;kecamatan krayan tengah;desa long rungan
kabupaten nunukan;kecamatan krayan tengah;desa pa' milau
kabupaten nunukan;kecamatan krayan tengah;desa pa' yalau
kabupaten nunukan;kecamatan krayan tengah;desa tang badui
kabupaten nunukan;kecamatan krayan tengah;desa tang paye
kabupaten nunukan;kecamatan krayan timur;desa bungayan
kabupaten nunukan;kecamatan krayan timur;desa kampung baru
kabupaten nunukan;kecamatan krayan timur;desa long nuat
kabupaten nunukan;kecamatan krayan timur;desa long sepayang
kabupaten nunukan;kecamatan krayan timur;desa long tenem
kabupaten nunukan;kecamatan krayan timur;desa long umung
kabupaten nunukan;kecamatan krayan timur;desa pa' betung
kabupaten nunukan;kecamatan krayan timur;desa pa' kebuan
kabupaten nunukan;kecamatan krayan timur;desa pa' lidung
kabupaten nunukan;kecamatan krayan timur;desa pa' melade
kabupaten nunukan;kecamatan krayan timur;desa pa' pala
kabupaten nunukan;kecamatan krayan timur;desa pa' pawan
kabupaten nunukan;kecamatan krayan timur;desa pa' rangeb
kabupaten nunukan;kecamatan krayan timur;desa pa' raye
kabupaten nunukan;kecamatan krayan timur;desa pa' umung
kabupaten nunukan;kecamatan krayan timur;desa sinar baru
kabupaten nunukan;kecamatan krayan timur;desa wa' yagung
kabupaten nunukan;kecamatan lumbis;desa bulan bulan
kabupaten nunukan;kecamatan lumbis;desa dabulon
kabupaten nunukan;kecamatan lumbis;desa deralon
kabupaten nunukan;kecamatan lumbis;desa kalampising
kabupaten nunukan;kecamatan lumbis;desa liang
kabupaten nunukan;kecamatan lumbis;desa libang
kabupaten nunukan;kecamatan lumbis;desa likos
kabupaten nunukan;kecamatan lumbis;desa lintong
kabupaten nunukan;kecamatan lumbis;desa mansalong
kabupaten nunukan;kecamatan lumbis;desa nainsid
kabupaten nunukan;kecamatan lumbis;desa pa'lemumut
kabupaten nunukan;kecamatan lumbis;desa pa'loo
kabupaten nunukan;kecamatan lumbis;desa patal i
kabupaten nunukan;kecamatan lumbis;desa patal ii
kabupaten nunukan;kecamatan lumbis;desa podong
kabupaten nunukan;kecamatan lumbis;desa pulu bulawan
kabupaten nunukan;kecamatan lumbis;desa saludan
kabupaten nunukan;kecamatan lumbis;desa sangkub
kabupaten nunukan;kecamatan lumbis;desa sapuyan
kabupaten nunukan;kecamatan lumbis;desa sasibu
kabupaten nunukan;kecamatan lumbis;desa sedongon
kabupaten nunukan;kecamatan lumbis;desa semalat
kabupaten nunukan;kecamatan lumbis;desa siawang
kabupaten nunukan;kecamatan lumbis;desa sumalumung
kabupaten nunukan;kecamatan lumbis;desa taluan
kabupaten nunukan;kecamatan lumbis;desa tanjung hilir
kabupaten nunukan;kecamatan lumbis;desa tanjung hulu
kabupaten nunukan;kecamatan lumbis;desa tubus
kabupaten nunukan;kecamatan lumbis hulu;desa bululaun hulu
kabupaten nunukan;kecamatan lumbis hulu;desa duyan
kabupaten nunukan;kecamatan lumbis hulu;desa kabungolor
kabupaten nunukan;kecamatan lumbis hulu;desa kalisun
kabupaten nunukan;kecamatan lumbis hulu;desa lipaga
kabupaten nunukan;kecamatan lumbis hulu;desa mamasin
kabupaten nunukan;kecamatan lumbis hulu;desa sibalu
kabupaten nunukan;kecamatan lumbis hulu;desa tau lumbis
kabupaten nunukan;kecamatan lumbis hulu;desa tetagas
kabupaten nunukan;kecamatan lumbis hulu;desa tuntulibing
kabupaten nunukan;kecamatan lumbis ogong;desa batung
kabupaten nunukan;kecamatan lumbis ogong;desa bulu mengolom
kabupaten nunukan;kecamatan lumbis ogong;desa jukup
kabupaten nunukan;kecamatan lumbis ogong;desa kalambuku
kabupaten nunukan;kecamatan lumbis ogong;desa labuk
kabupaten nunukan;kecamatan lumbis ogong;desa limpakon
kabupaten nunukan;kecamatan lumbis ogong;desa linsayung
kabupaten nunukan;kecamatan lumbis ogong;desa long bulu
kabupaten nunukan;kecamatan lumbis ogong;desa nansapan
kabupaten nunukan;kecamatan lumbis ogong;desa paluan
kabupaten nunukan;kecamatan lumbis ogong;desa payang
kabupaten nunukan;kecamatan lumbis ogong;desa salan
kabupaten nunukan;kecamatan lumbis ogong;desa samunti
kabupaten nunukan;kecamatan lumbis ogong;desa sanal
kabupaten nunukan;kecamatan lumbis ogong;desa sedalit
kabupaten nunukan;kecamatan lumbis ogong;desa semata
kabupaten nunukan;kecamatan lumbis ogong;desa sinampila i
kabupaten nunukan;kecamatan lumbis ogong;desa sinampila ii
kabupaten nunukan;kecamatan lumbis ogong;desa sungoi
kabupaten nunukan;kecamatan lumbis ogong;desa suyadon
kabupaten nunukan;kecamatan lumbis ogong;desa tadungus
kabupaten nunukan;kecamatan lumbis ogong;desa tambalang hilir
kabupaten nunukan;kecamatan lumbis ogong;desa tukulon
kabupaten nunukan;kecamatan lumbis ogong;desa tumantalas
kabupaten nunukan;kecamatan lumbis ogong;desa ubol alung
kabupaten nunukan;kecamatan lumbis ogong;desa ubol sulok
kabupaten nunukan;kecamatan lumbis pansiangan;desa bokok
kabupaten nunukan;kecamatan lumbis pansiangan;desa bululaun hilir
kabupaten nunukan;kecamatan lumbis pansiangan;desa kuyo
kabupaten nunukan;kecamatan lumbis pansiangan;desa labang
kabupaten nunukan;kecamatan lumbis pansiangan;desa lagas
kabupaten nunukan;kecamatan lumbis pansiangan;desa langgason
kabupaten nunukan;kecamatan lumbis pansiangan;desa nantukidan
kabupaten nunukan;kecamatan lumbis pansiangan;desa ngawol
kabupaten nunukan;kecamatan lumbis pansiangan;desa panas
kabupaten nunukan;kecamatan lumbis pansiangan;desa sumantipal
kabupaten nunukan;kecamatan lumbis pansiangan;desa sumentobol
kabupaten nunukan;kecamatan lumbis pansiangan;desa tambalang hulu
kabupaten nunukan;kecamatan lumbis pansiangan;desa tantalujuk
kabupaten nunukan;kecamatan nunukan;desa binusan
kabupaten nunukan;kecamatan nunukan;kelurahan nunukan barat
kabupaten nunukan;kecamatan nunukan;kelurahan nunukan tengah
kabupaten nunukan;kecamatan nunukan;kelurahan nunukan timur
kabupaten nunukan;kecamatan nunukan;kelurahan nunukan utara
kabupaten nunukan;kecamatan nunukan selatan;kelurahan mansapa
kabupaten nunukan;kecamatan nunukan selatan;kelurahan nunukan selatan
kabupaten nunukan;kecamatan nunukan selatan;kelurahan selisun
kabupaten nunukan;kecamatan nunukan selatan;kelurahan tanjung harapan
kabupaten nunukan;kecamatan sebatik;desa balansiku
kabupaten nunukan;kecamatan sebatik;desa padaidi
kabupaten nunukan;kecamatan sebatik;desa sei manurung
kabupaten nunukan;kecamatan sebatik;desa tanjung karang
kabupaten nunukan;kecamatan sebatik barat;desa bambangan
kabupaten nunukan;kecamatan sebatik barat;desa binalawan
kabupaten nunukan;kecamatan sebatik barat;desa liang bunyu
kabupaten nunukan;kecamatan sebatik barat;desa setabu
kabupaten nunukan;kecamatan sebatik tengah;desa aji kuning
kabupaten nunukan;kecamatan sebatik tengah;desa bukit harapan
kabupaten nunukan;kecamatan sebatik tengah;desa maspul
kabupaten nunukan;kecamatan sebatik tengah;desa sungai limau
kabupaten nunukan;kecamatan sebatik timur;desa bukit aru indah
kabupaten nunukan;kecamatan sebatik timur;desa sungai nyamuk
kabupaten nunukan;kecamatan sebatik timur;desa tanjung aru
kabupaten nunukan;kecamatan sebatik timur;desa tanjung harapan
kabupaten nunukan;kecamatan sebatik utara;desa lapri
kabupaten nunukan;kecamatan sebatik utara;desa seberang
kabupaten nunukan;kecamatan sebatik utara;desa sungai pancang
kabupaten nunukan;kecamatan sebuku;desa apas
kabupaten nunukan;kecamatan sebuku;desa bebanas
kabupaten nunukan;kecamatan sebuku;desa harapan
kabupaten nunukan;kecamatan sebuku;desa kekayap
kabupaten nunukan;kecamatan sebuku;desa kunyit
kabupaten nunukan;kecamatan sebuku;desa lulu
kabupaten nunukan;kecamatan sebuku;desa melasu baru
kabupaten nunukan;kecamatan sebuku;desa pembeliangan
kabupaten nunukan;kecamatan sebuku;desa sujau
kabupaten nunukan;kecamatan sebuku;desa tetaban
kabupaten nunukan;kecamatan sei menggaris;desa samaenre semaja
kabupaten nunukan;kecamatan sei menggaris;desa sekaduyan taka
kabupaten nunukan;kecamatan sei menggaris;desa srinanti
kabupaten nunukan;kecamatan sei menggaris;desa tabur lestari
kabupaten nunukan;kecamatan sembakung;desa atap
kabupaten nunukan;kecamatan sembakung;desa butas bagu
kabupaten nunukan;kecamatan sembakung;desa labuk
kabupaten nunukan;kecamatan sembakung;desa lubakan
kabupaten nunukan;kecamatan sembakung;desa manuk bungkul
kabupaten nunukan;kecamatan sembakung;desa pagar
kabupaten nunukan;kecamatan sembakung;desa pelaju
kabupaten nunukan;kecamatan sembakung;desa tagul
kabupaten nunukan;kecamatan sembakung;desa tepian
kabupaten nunukan;kecamatan sembakung;desa tujung
kabupaten nunukan;kecamatan sembakung atulai;desa binanun
kabupaten nunukan;kecamatan sembakung atulai;desa katul
kabupaten nunukan;kecamatan sembakung atulai;desa liuk bulu
kabupaten nunukan;kecamatan sembakung atulai;desa lubok buat
kabupaten nunukan;kecamatan sembakung atulai;desa mambulu
kabupaten nunukan;kecamatan sembakung atulai;desa pagaluyon
kabupaten nunukan;kecamatan sembakung atulai;desa pulau keras
kabupaten nunukan;kecamatan sembakung atulai;desa sabuluan
kabupaten nunukan;kecamatan sembakung atulai;desa saduman
kabupaten nunukan;kecamatan sembakung atulai;desa tulang
kabupaten nunukan;kecamatan tulin onsoi;desa balatikon
kabupaten nunukan;kecamatan tulin onsoi;desa kalunsayan
kabupaten nunukan;kecamatan tulin onsoi;desa makmur
kabupaten nunukan;kecamatan tulin onsoi;desa naputi
kabupaten nunukan;kecamatan tulin onsoi;desa salang
kabupaten nunukan;kecamatan tulin onsoi;desa sanur
kabupaten nunukan;kecamatan tulin onsoi;desa sekikilan
kabupaten nunukan;kecamatan tulin onsoi;desa semunad
kabupaten nunukan;kecamatan tulin onsoi;desa tau baru
kabupaten nunukan;kecamatan tulin onsoi;desa tembalang
kabupaten nunukan;kecamatan tulin onsoi;desa tinampak i
kabupaten nunukan;kecamatan tulin onsoi;desa tinampak ii
kabupaten Tana Tidung;kecamatan betayau;desa bebakung
kabupaten Tana Tidung;kecamatan betayau;desa buong baru
kabupaten Tana Tidung;kecamatan betayau;desa kujau
kabupaten Tana Tidung;kecamatan betayau;desa maning
kabupaten Tana Tidung;kecamatan betayau;desa mendupo
kabupaten Tana Tidung;kecamatan betayau;desa periuk
kabupaten Tana Tidung;kecamatan muruk rian;desa balayan ari
kabupaten Tana Tidung;kecamatan muruk rian;desa kapuak
kabupaten Tana Tidung;kecamatan muruk rian;desa rian
kabupaten Tana Tidung;kecamatan muruk rian;desa rian rayo
kabupaten Tana Tidung;kecamatan muruk rian;desa sapari
kabupaten Tana Tidung;kecamatan muruk rian;desa seputuk
kabupaten Tana Tidung;kecamatan sesayap;desa gunawan
kabupaten Tana Tidung;kecamatan sesayap;desa limbu sedulun
kabupaten Tana Tidung;kecamatan sesayap;desa sebawang
kabupaten Tana Tidung;kecamatan sesayap;desa sebidai
kabupaten Tana Tidung;kecamatan sesayap;desa sedulun
kabupaten Tana Tidung;kecamatan sesayap;desa tideng pale
kabupaten Tana Tidung;kecamatan sesayap;desa tideng pale timur
kabupaten Tana Tidung;kecamatan sesayap hilir;desa bandan bikis
kabupaten Tana Tidung;kecamatan sesayap hilir;desa bebatu
kabupaten Tana Tidung;kecamatan sesayap hilir;desa menjelutung
kabupaten Tana Tidung;kecamatan sesayap hilir;desa seludau
kabupaten Tana Tidung;kecamatan sesayap hilir;desa sengkong
kabupaten Tana Tidung;kecamatan sesayap hilir;desa sepala dalung
kabupaten Tana Tidung;kecamatan sesayap hilir;desa sesayap
kabupaten Tana Tidung;kecamatan sesayap hilir;desa sesayap selor
kabupaten Tana Tidung;kecamatan tana lia;desa sambungan
kabupaten Tana Tidung;kecamatan tana lia;desa sambungan selatan
kabupaten Tana Tidung;kecamatan tana lia;desa tanah merah
kabupaten Tana Tidung;kecamatan tana lia;desa tanah merah barat
kabupaten Tana Tidung;kecamatan tana lia;desa tengku dacing
